GPU: Adreno (TM) 830 (unknown)
[TU_TRACE] PKT4 reg=0xa002 cnt=1
[TU_TRACE] PKT4 reg=0xa003 cnt=2
[TU_TRACE] PKT4 reg=0xa005 cnt=1
[TU_TRACE] PKT4 reg=0xa006 cnt=1
[TU_TRACE] PKT4 reg=0x9b06 cnt=1
[TU_TRACE] PKT4 reg=0x8213 cnt=1
[TU_TRACE] PKT4 reg=0xa99e cnt=1
[TU_TRACE] PKT4 reg=0xa9c7 cnt=5
[TU_TRACE] PKT4 reg=0x8866 cnt=1
[TU_TRACE] PKT4 reg=0xa9ae cnt=1
[TU_TRACE] PKT4 reg=0xa9c6 cnt=1
[TU_TRACE] PKT4 reg=0x8080 cnt=1
[TU_TRACE] PKT4 reg=0x8809 cnt=2
[TU_TRACE] PKT4 reg=0x8810 cnt=1
[TU_TRACE] PKT4 reg=0x8102 cnt=1
[TU_TRACE] PKT4 reg=0x8109 cnt=1
[TU_TRACE] PKT4 reg=0x9252 cnt=4
[TU_TRACE] PKT4 reg=0x9303 cnt=1
[TU_TRACE] PKT4 reg=0xa98c cnt=1
[TU_TRACE] PKT4 reg=0xa98b cnt=1
[TU_TRACE] PKT4 reg=0xaa02 cnt=2
[TU_TRACE] PKT4 reg=0x880b cnt=1
[TU_TRACE] PKT4 reg=0x880d cnt=1
[TU_TRACE] PKT4 reg=0xa006 cnt=1
[TU_TRACE] PKT4 reg=0x9b06 cnt=1
[TU_TRACE] PKT4 reg=0x8213 cnt=1
[TU_TRACE] PKT4 reg=0xa99e cnt=1
[TU_TRACE] PKT4 reg=0xa9c7 cnt=5
[TU_TRACE] PKT4 reg=0x8866 cnt=1
[TU_TRACE] PKT4 reg=0xa9ae cnt=1
[TU_TRACE] PKT4 reg=0xa9c6 cnt=1
[TU_TRACE] PKT4 reg=0x8080 cnt=1
[TU_TRACE] PKT4 reg=0x8809 cnt=2
[TU_TRACE] PKT4 reg=0x8810 cnt=1
[TU_TRACE] PKT4 reg=0x8102 cnt=1
[TU_TRACE] PKT4 reg=0x8109 cnt=1
[TU_TRACE] PKT4 reg=0x9252 cnt=4
[TU_TRACE] PKT4 reg=0x9303 cnt=1
[TU_TRACE] PKT4 reg=0xa98c cnt=1
[TU_TRACE] PKT4 reg=0xa98b cnt=1
[TU_TRACE] PKT4 reg=0xaa02 cnt=2
[TU_TRACE] PKT4 reg=0x880b cnt=1
[TU_TRACE] PKT4 reg=0x880d cnt=1
[TU_TRACE] WRITE_REG reg=0x8228 val=0x00000000
[TU_TRACE] PKT4 reg=0x8228 cnt=1
[TU_TRACE] WRITE_REG reg=0x8229 val=0x00000000
[TU_TRACE] PKT4 reg=0x8229 cnt=1
[TU_TRACE] WRITE_REG reg=0x822a val=0x00000000
[TU_TRACE] PKT4 reg=0x822a cnt=1
[TU_TRACE] WRITE_REG reg=0x822b val=0x00000000
[TU_TRACE] PKT4 reg=0x822b cnt=1
[TU_TRACE] WRITE_REG reg=0x822c val=0x00000000
[TU_TRACE] PKT4 reg=0x822c cnt=1
[TU_TRACE] WRITE_REG reg=0x822d val=0x00000000
[TU_TRACE] PKT4 reg=0x822d cnt=1
[TU_TRACE] WRITE_REG reg=0x8818 val=0x00000000
[TU_TRACE] PKT4 reg=0x8818 cnt=1
[TU_TRACE] WRITE_REG reg=0x8819 val=0x00000000
[TU_TRACE] PKT4 reg=0x8819 cnt=1
[TU_TRACE] WRITE_REG reg=0x881a val=0x00000000
[TU_TRACE] PKT4 reg=0x881a cnt=1
[TU_TRACE] WRITE_REG reg=0x881b val=0x00000000
[TU_TRACE] PKT4 reg=0x881b cnt=1
[TU_TRACE] WRITE_REG reg=0x881c val=0x00000000
[TU_TRACE] PKT4 reg=0x881c cnt=1
[TU_TRACE] WRITE_REG reg=0x881d val=0x00000000
[TU_TRACE] PKT4 reg=0x881d cnt=1
[TU_TRACE] WRITE_REG reg=0x881e val=0x00000000
[TU_TRACE] PKT4 reg=0x881e cnt=1
[TU_TRACE] WRITE_REG reg=0x8899 val=0x00000000
[TU_TRACE] PKT4 reg=0x8899 cnt=1
[TU_TRACE] WRITE_REG reg=0x88f1 val=0x00000001
[TU_TRACE] PKT4 reg=0x88f1 cnt=1
[TU_TRACE] WRITE_REG reg=0xab01 val=0x00000000
[TU_TRACE] PKT4 reg=0xab01 cnt=1
[TU_TRACE] WRITE_REG reg=0xab02 val=0x00000000
[TU_TRACE] PKT4 reg=0xab02 cnt=1
[TU_TRACE] WRITE_REG reg=0xab23 val=0x00000000
[TU_TRACE] PKT4 reg=0xab23 cnt=1
[TU_TRACE] WRITE_REG reg=0xb182 val=0x00000004
[TU_TRACE] PKT4 reg=0xb182 cnt=1
[TU_TRACE] WRITE_REG reg=0xb183 val=0x00000000
[TU_TRACE] PKT4 reg=0xb183 cnt=1
[TU_TRACE] WRITE_REG reg=0x980b val=0x00800280
[TU_TRACE] PKT4 reg=0x980b cnt=1
[TU_TRACE] WRITE_REG reg=0x9b00 val=0x00003f00
[TU_TRACE] PKT4 reg=0x9b00 cnt=1
[TU_TRACE] PKT4 reg=0x8130 cnt=1
[TU_TRACE] PKT4 reg=0x8131 cnt=1
[TU_TRACE] WRITE_REG reg=0xae0f val=0x0000003f
[TU_TRACE] PKT4 reg=0xae0f cnt=1
[TU_TRACE] PKT4 reg=0xab09 cnt=1
[TU_TRACE] WRITE_REG reg=0xb182 val=0x00000000
[TU_TRACE] PKT4 reg=0xb182 cnt=1
[TU_TRACE] WRITE_REG reg=0xa9a8 val=0x00000000
[TU_TRACE] PKT4 reg=0xa9a8 cnt=1
[TU_TRACE] PKT4 reg=0xab00 cnt=1
[TU_TRACE] PKT4 reg=0xa009 cnt=1
[TU_TRACE] WRITE_REG reg=0x8811 val=0x00000010
[TU_TRACE] PKT4 reg=0x8811 cnt=1
[TU_TRACE] PKT4 reg=0x8213 cnt=1
[TU_TRACE] WRITE_REG reg=0x8818 val=0x00000000
[TU_TRACE] PKT4 reg=0x8818 cnt=1
[TU_TRACE] PKT4 reg=0x9310 cnt=1
[TU_TRACE] PKT4 reg=0x9312 cnt=1
[TU_TRACE] PKT4 reg=0x9305 cnt=1
[TU_TRACE] WRITE_REG reg=0xb183 val=0x00000000
[TU_TRACE] PKT4 reg=0xb183 cnt=1
[TU_TRACE] PKT4 reg=0x8234 cnt=1
[TU_TRACE] PKT4 reg=0xb309 cnt=1
[TU_TRACE] PKT4 reg=0xa9cb cnt=1
[TU_TRACE] WRITE_REG reg=0xa007 val=0x00000000
[TU_TRACE] PKT4 reg=0xa007 cnt=1
[TU_TRACE] PKT4 reg=0x8864 cnt=1
[TU_TRACE] PKT4 reg=0xaa0c cnt=1
[TU_TRACE] PKT4 reg=0xb302 cnt=2
[TU_TRACE] PKT4 reg=0xb180 cnt=2
[TU_TRACE] PKT4 reg=0x9814 cnt=1
[TU_TRACE] PKT4 reg=0x9815 cnt=1
[TU_TRACE] PKT4 reg=0xa980 cnt=1
[TU_TRACE] PKT4 reg=0xa827 cnt=1
[TU_TRACE] PKT4 reg=0x88e5 cnt=1
[TU_TRACE] PKT4 reg=0x8812 cnt=1
[TU_TRACE] PKT4 reg=0x88e4 cnt=1
[TU_TRACE] WRITE_REG reg=0x8228 val=0x00000000
[TU_TRACE] PKT4 reg=0x8228 cnt=1
[TU_TRACE] WRITE_REG reg=0x8229 val=0x00000000
[TU_TRACE] PKT4 reg=0x8229 cnt=1
[TU_TRACE] WRITE_REG reg=0x822a val=0x00000000
[TU_TRACE] PKT4 reg=0x822a cnt=1
[TU_TRACE] WRITE_REG reg=0x822b val=0x00000000
[TU_TRACE] PKT4 reg=0x822b cnt=1
[TU_TRACE] WRITE_REG reg=0x822c val=0x00000000
[TU_TRACE] PKT4 reg=0x822c cnt=1
[TU_TRACE] WRITE_REG reg=0x822d val=0x00000000
[TU_TRACE] PKT4 reg=0x822d cnt=1
[TU_TRACE] WRITE_REG reg=0x8818 val=0x00000000
[TU_TRACE] PKT4 reg=0x8818 cnt=1
[TU_TRACE] WRITE_REG reg=0x8819 val=0x00000000
[TU_TRACE] PKT4 reg=0x8819 cnt=1
[TU_TRACE] WRITE_REG reg=0x881a val=0x00000000
[TU_TRACE] PKT4 reg=0x881a cnt=1
[TU_TRACE] WRITE_REG reg=0x881b val=0x00000000
[TU_TRACE] PKT4 reg=0x881b cnt=1
[TU_TRACE] WRITE_REG reg=0x881c val=0x00000000
[TU_TRACE] PKT4 reg=0x881c cnt=1
[TU_TRACE] WRITE_REG reg=0x881d val=0x00000000
[TU_TRACE] PKT4 reg=0x881d cnt=1
[TU_TRACE] WRITE_REG reg=0x881e val=0x00000000
[TU_TRACE] PKT4 reg=0x881e cnt=1
[TU_TRACE] WRITE_REG reg=0x8899 val=0x00000000
[TU_TRACE] PKT4 reg=0x8899 cnt=1
[TU_TRACE] WRITE_REG reg=0x88f1 val=0x00000001
[TU_TRACE] PKT4 reg=0x88f1 cnt=1
[TU_TRACE] WRITE_REG reg=0xab01 val=0x00000000
[TU_TRACE] PKT4 reg=0xab01 cnt=1
[TU_TRACE] WRITE_REG reg=0xab02 val=0x00000000
[TU_TRACE] PKT4 reg=0xab02 cnt=1
[TU_TRACE] WRITE_REG reg=0xab23 val=0x00000000
[TU_TRACE] PKT4 reg=0xab23 cnt=1
[TU_TRACE] WRITE_REG reg=0xb182 val=0x00000004
[TU_TRACE] PKT4 reg=0xb182 cnt=1
[TU_TRACE] WRITE_REG reg=0xb183 val=0x00000000
[TU_TRACE] PKT4 reg=0xb183 cnt=1
[TU_TRACE] WRITE_REG reg=0x980b val=0x00800280
[TU_TRACE] PKT4 reg=0x980b cnt=1
[TU_TRACE] WRITE_REG reg=0x9b00 val=0x00003f00
[TU_TRACE] PKT4 reg=0x9b00 cnt=1
[TU_TRACE] PKT4 reg=0x8130 cnt=1
[TU_TRACE] PKT4 reg=0x8131 cnt=1
[TU_TRACE] WRITE_REG reg=0xae0f val=0x0000003f
[TU_TRACE] PKT4 reg=0xae0f cnt=1
[TU_TRACE] PKT4 reg=0xab09 cnt=1
[TU_TRACE] WRITE_REG reg=0xb182 val=0x00000000
[TU_TRACE] PKT4 reg=0xb182 cnt=1
[TU_TRACE] WRITE_REG reg=0xa9a8 val=0x00000000
[TU_TRACE] PKT4 reg=0xa9a8 cnt=1
[TU_TRACE] PKT4 reg=0xab00 cnt=1
[TU_TRACE] PKT4 reg=0xa009 cnt=1
[TU_TRACE] WRITE_REG reg=0x8811 val=0x00000010
[TU_TRACE] PKT4 reg=0x8811 cnt=1
[TU_TRACE] PKT4 reg=0x8213 cnt=1
[TU_TRACE] WRITE_REG reg=0x8818 val=0x00000000
[TU_TRACE] PKT4 reg=0x8818 cnt=1
[TU_TRACE] PKT4 reg=0x9310 cnt=1
[TU_TRACE] PKT4 reg=0x9312 cnt=1
[TU_TRACE] PKT4 reg=0x9305 cnt=1
[TU_TRACE] WRITE_REG reg=0xb183 val=0x00000000
[TU_TRACE] PKT4 reg=0xb183 cnt=1
[TU_TRACE] PKT4 reg=0x8234 cnt=1
[TU_TRACE] PKT4 reg=0xb309 cnt=1
[TU_TRACE] PKT4 reg=0xa9cb cnt=1
[TU_TRACE] WRITE_REG reg=0xa007 val=0x00000000
[TU_TRACE] PKT4 reg=0xa007 cnt=1
[TU_TRACE] PKT4 reg=0x8864 cnt=1
[TU_TRACE] PKT4 reg=0xaa0c cnt=1
[TU_TRACE] PKT4 reg=0xb302 cnt=2
[TU_TRACE] PKT4 reg=0xb180 cnt=2
[TU_TRACE] PKT4 reg=0x9814 cnt=1
[TU_TRACE] PKT4 reg=0x9815 cnt=1
[TU_TRACE] PKT4 reg=0xa980 cnt=1
[TU_TRACE] PKT4 reg=0xa827 cnt=1
[TU_TRACE] PKT4 reg=0x9b09 cnt=1
[TU_TRACE] PKT4 reg=0xa008 cnt=1
[TU_TRACE] PKT4 reg=0x931a cnt=1
[TU_TRACE] PKT4 reg=0x90c1 cnt=1
[TU_TRACE] PKT4 reg=0xa000 cnt=1
[TU_TRACE] PKT4 reg=0x9b0c cnt=1
[TU_TRACE] PKT4 reg=0xa0d0 cnt=1
[TU_TRACE] PKT4 reg=0xa001 cnt=1
[TU_TRACE] PKT4 reg=0x9b09 cnt=1
[TU_TRACE] PKT4 reg=0xa008 cnt=1
[TU_TRACE] PKT4 reg=0x931a cnt=1
[TU_TRACE] PKT4 reg=0x90c1 cnt=1
[TU_TRACE] PKT4 reg=0xa000 cnt=1
[TU_TRACE] PKT4 reg=0x9b0c cnt=1
[TU_TRACE] PKT4 reg=0xa0d0 cnt=1
[TU_TRACE] PKT4 reg=0xa001 cnt=1
[TU_TRACE] PKT4 reg=0xa006 cnt=1
[TU_TRACE] PKT4 reg=0x9b06 cnt=1
[TU_TRACE] PKT4 reg=0x8213 cnt=1
[TU_TRACE] PKT4 reg=0xa99e cnt=1
[TU_TRACE] PKT4 reg=0xa9c7 cnt=5
[TU_TRACE] PKT4 reg=0x8866 cnt=1
[TU_TRACE] PKT4 reg=0xa9ae cnt=1
[TU_TRACE] PKT4 reg=0xa9c6 cnt=1
[TU_TRACE] PKT4 reg=0x8080 cnt=1
[TU_TRACE] PKT4 reg=0x8809 cnt=2
[TU_TRACE] PKT4 reg=0x8810 cnt=1
[TU_TRACE] PKT4 reg=0x8102 cnt=1
[TU_TRACE] PKT4 reg=0x8109 cnt=1
[TU_TRACE] PKT4 reg=0x9252 cnt=4
[TU_TRACE] PKT4 reg=0x9303 cnt=1
[TU_TRACE] PKT4 reg=0xa98c cnt=1
[TU_TRACE] PKT4 reg=0xa98e cnt=1
[TU_TRACE] PKT4 reg=0xa98b cnt=1
[TU_TRACE] PKT4 reg=0xaa02 cnt=2
[TU_TRACE] PKT4 reg=0x880b cnt=1
[TU_TRACE] PKT4 reg=0x880d cnt=1
[TU_TRACE] PKT4 reg=0x8230 cnt=1
[TU_TRACE] PKT4 reg=0xa090 cnt=2
[TU_TRACE] PKT4 reg=0x8240 cnt=2
[TU_TRACE] PKT4 reg=0x8237 cnt=1
[TU_TRACE] PKT4 reg=0x8804 cnt=1
[TU_TRACE] PKT4 reg=0x808a cnt=3
[TU_TRACE] PKT4 reg=0xa989 cnt=1
[TU_TRACE] PKT4 reg=0x8865 cnt=1
[TU_TRACE] PKT4 reg=0x8820 cnt=2
[TU_TRACE] PKT4 reg=0xaa04 cnt=1
[TU_TRACE] PKT4 reg=0xa98d cnt=1
[TU_TRACE] PKT4 reg=0x880c cnt=1
[TU_TRACE] PKT4 reg=0x8860 cnt=4
[TU_TRACE] PKT4 reg=0x8209 cnt=1
[TU_TRACE] PKT4 reg=0x820c cnt=1
[TU_TRACE] PKT4 reg=0x8200 cnt=1
[TU_TRACE] PKT4 reg=0x930e cnt=1
[TU_TRACE] PKT4 reg=0x9812 cnt=1
[TU_TRACE] PKT4 reg=0x8211 cnt=1
[TU_TRACE] PKT4 reg=0x9306 cnt=1
[TU_TRACE] PKT4 reg=0x930d cnt=1
[TU_TRACE] PKT4 reg=0x8801 cnt=1
[TU_TRACE] PKT4 reg=0x8088 cnt=1
[TU_TRACE] PKT4 reg=0xa9aa cnt=1
[TU_TRACE] PKT4 reg=0x9b08 cnt=1
[TU_TRACE] PKT4 reg=0x820d cnt=1
[TU_TRACE] PKT4 reg=0x820a cnt=2
[TU_TRACE] PKT4 reg=0x8880 cnt=1
[TU_TRACE] PKT4 reg=0x8087 cnt=1
[TU_TRACE] PKT4 reg=0x8888 cnt=1
[TU_TRACE] PKT4 reg=0x8889 cnt=1
[TU_TRACE] PKT4 reg=0x8887 cnt=1
[TU_TRACE] PKT4 reg=0x8871 cnt=1
[TU_TRACE] PKT4 reg=0x8086 cnt=1
[TU_TRACE] PKT4 reg=0x8878 cnt=2
[TU_TRACE] PKT4 reg=0x88f4 cnt=1
[TU_TRACE] PKT4 reg=0xa9ad cnt=1
[TU_TRACE] PKT4 reg=0x8208 cnt=1
[TU_TRACE] PKT4 reg=0x9b09 cnt=1
[TU_TRACE] PKT4 reg=0xa008 cnt=1
[TU_TRACE] PKT4 reg=0x931a cnt=1
[TU_TRACE] PKT4 reg=0x90c1 cnt=1
[TU_TRACE] PKT4 reg=0xa000 cnt=1
[TU_TRACE] PKT4 reg=0x9b0c cnt=1
[TU_TRACE] PKT4 reg=0xa0d0 cnt=1
[TU_TRACE] PKT4 reg=0xa001 cnt=1
[TU_TRACE] PKT4 reg=0x9b09 cnt=1
[TU_TRACE] PKT4 reg=0xa008 cnt=1
[TU_TRACE] PKT4 reg=0x931a cnt=1
[TU_TRACE] PKT4 reg=0x90c1 cnt=1
[TU_TRACE] PKT4 reg=0xa000 cnt=1
[TU_TRACE] PKT4 reg=0x9b0c cnt=1
[TU_TRACE] PKT4 reg=0xa0d0 cnt=1
[TU_TRACE] PKT4 reg=0xa001 cnt=1
[TU_TRACE] PKT4 reg=0xa006 cnt=1
[TU_TRACE] PKT4 reg=0x9b06 cnt=1
[TU_TRACE] PKT4 reg=0x8213 cnt=1
[TU_TRACE] PKT4 reg=0xa99e cnt=1
[TU_TRACE] PKT4 reg=0xa9c7 cnt=5
[TU_TRACE] PKT4 reg=0x8866 cnt=1
[TU_TRACE] PKT4 reg=0xa9ae cnt=1
[TU_TRACE] PKT4 reg=0xa9c6 cnt=1
[TU_TRACE] PKT4 reg=0x8080 cnt=1
[TU_TRACE] PKT4 reg=0x8809 cnt=2
[TU_TRACE] PKT4 reg=0x8810 cnt=1
[TU_TRACE] PKT4 reg=0x8102 cnt=1
[TU_TRACE] PKT4 reg=0x8109 cnt=1
[TU_TRACE] PKT4 reg=0x9252 cnt=4
[TU_TRACE] PKT4 reg=0x9303 cnt=1
[TU_TRACE] PKT4 reg=0xa98c cnt=1
[TU_TRACE] PKT4 reg=0xa98e cnt=1
[TU_TRACE] PKT4 reg=0xa98b cnt=1
[TU_TRACE] PKT4 reg=0xaa02 cnt=2
[TU_TRACE] PKT4 reg=0x880b cnt=1
[TU_TRACE] PKT4 reg=0x880d cnt=1
[TU_TRACE] PKT4 reg=0x8230 cnt=1
[TU_TRACE] PKT4 reg=0xa090 cnt=2
[TU_TRACE] PKT4 reg=0x8240 cnt=2
[TU_TRACE] PKT4 reg=0x8237 cnt=1
[TU_TRACE] PKT4 reg=0x8804 cnt=1
[TU_TRACE] PKT4 reg=0x808a cnt=3
[TU_TRACE] PKT4 reg=0xa989 cnt=1
[TU_TRACE] PKT4 reg=0x8865 cnt=1
[TU_TRACE] PKT4 reg=0x8820 cnt=2
[TU_TRACE] PKT4 reg=0xaa04 cnt=1
[TU_TRACE] PKT4 reg=0xa98d cnt=1
[TU_TRACE] PKT4 reg=0x880c cnt=1
[TU_TRACE] PKT4 reg=0x8860 cnt=4
[TU_TRACE] PKT4 reg=0x8209 cnt=1
[TU_TRACE] PKT4 reg=0x820c cnt=1
[TU_TRACE] PKT4 reg=0x8200 cnt=1
[TU_TRACE] PKT4 reg=0x930e cnt=1
[TU_TRACE] PKT4 reg=0x9812 cnt=1
[TU_TRACE] PKT4 reg=0x8211 cnt=1
[TU_TRACE] PKT4 reg=0x9306 cnt=1
[TU_TRACE] PKT4 reg=0x930d cnt=1
[TU_TRACE] PKT4 reg=0x8801 cnt=1
[TU_TRACE] PKT4 reg=0x8088 cnt=1
[TU_TRACE] PKT4 reg=0xa9aa cnt=1
[TU_TRACE] PKT4 reg=0x9b08 cnt=1
[TU_TRACE] PKT4 reg=0x820d cnt=1
[TU_TRACE] PKT4 reg=0x820a cnt=2
[TU_TRACE] PKT4 reg=0x8880 cnt=1
[TU_TRACE] PKT4 reg=0x8087 cnt=1
[TU_TRACE] PKT4 reg=0x8888 cnt=1
[TU_TRACE] PKT4 reg=0x8889 cnt=1
[TU_TRACE] PKT4 reg=0x8887 cnt=1
[TU_TRACE] PKT4 reg=0x8871 cnt=1
[TU_TRACE] PKT4 reg=0x8086 cnt=1
[TU_TRACE] PKT4 reg=0x8878 cnt=2
[TU_TRACE] PKT4 reg=0x88f4 cnt=1
[TU_TRACE] PKT4 reg=0xa9ad cnt=1
[TU_TRACE] PKT4 reg=0x8208 cnt=1
=== DXVK sim: 20 frm x 100 draws, pipeline swap every 20, UBO every 5 ===
[TU_TRACE] PKT7 op=0x17 cnt=1
[TU_TRACE] PKT7 op=0x46 cnt=1
[TU_TRACE] PKT7 op=0x46 cnt=1
[TU_TRACE] PKT7 op=0x46 cnt=1
[TU_TRACE] PKT7 op=0x46 cnt=1
[TU_TRACE] PKT7 op=0x26 cnt=0
[TU_TRACE] PKT4 reg=0xab1f cnt=1
[TU_TRACE] PKT7 op=0x26 cnt=0
[TU_TRACE] WRITE_REG reg=0x8228 val=0x00000000
[TU_TRACE] PKT4 reg=0x8228 cnt=1
[TU_TRACE] WRITE_REG reg=0x8229 val=0x00000000
[TU_TRACE] PKT4 reg=0x8229 cnt=1
[TU_TRACE] WRITE_REG reg=0x822a val=0x00000000
[TU_TRACE] PKT4 reg=0x822a cnt=1
[TU_TRACE] WRITE_REG reg=0x822b val=0x00000000
[TU_TRACE] PKT4 reg=0x822b cnt=1
[TU_TRACE] WRITE_REG reg=0x822c val=0x00000000
[TU_TRACE] PKT4 reg=0x822c cnt=1
[TU_TRACE] WRITE_REG reg=0x822d val=0x00000000
[TU_TRACE] PKT4 reg=0x822d cnt=1
[TU_TRACE] WRITE_REG reg=0x8818 val=0x00000000
[TU_TRACE] PKT4 reg=0x8818 cnt=1
[TU_TRACE] WRITE_REG reg=0x8819 val=0x00000000
[TU_TRACE] PKT4 reg=0x8819 cnt=1
[TU_TRACE] WRITE_REG reg=0x881a val=0x00000000
[TU_TRACE] PKT4 reg=0x881a cnt=1
[TU_TRACE] WRITE_REG reg=0x881b val=0x00000000
[TU_TRACE] PKT4 reg=0x881b cnt=1
[TU_TRACE] WRITE_REG reg=0x881c val=0x00000000
[TU_TRACE] PKT4 reg=0x881c cnt=1
[TU_TRACE] WRITE_REG reg=0x881d val=0x00000000
[TU_TRACE] PKT4 reg=0x881d cnt=1
[TU_TRACE] WRITE_REG reg=0x881e val=0x00000000
[TU_TRACE] PKT4 reg=0x881e cnt=1
[TU_TRACE] WRITE_REG reg=0x8899 val=0x00000000
[TU_TRACE] PKT4 reg=0x8899 cnt=1
[TU_TRACE] WRITE_REG reg=0x88f1 val=0x00000001
[TU_TRACE] PKT4 reg=0x88f1 cnt=1
[TU_TRACE] WRITE_REG reg=0xab01 val=0x00000000
[TU_TRACE] PKT4 reg=0xab01 cnt=1
[TU_TRACE] WRITE_REG reg=0xab02 val=0x00000000
[TU_TRACE] PKT4 reg=0xab02 cnt=1
[TU_TRACE] WRITE_REG reg=0xab23 val=0x00000000
[TU_TRACE] PKT4 reg=0xab23 cnt=1
[TU_TRACE] WRITE_REG reg=0xb182 val=0x00000004
[TU_TRACE] PKT4 reg=0xb182 cnt=1
[TU_TRACE] WRITE_REG reg=0xb183 val=0x00000000
[TU_TRACE] PKT4 reg=0xb183 cnt=1
[TU_TRACE] WRITE_REG reg=0x980b val=0x00800280
[TU_TRACE] PKT4 reg=0x980b cnt=1
[TU_TRACE] WRITE_REG reg=0x9b00 val=0x00003f00
[TU_TRACE] PKT4 reg=0x9b00 cnt=1
[TU_TRACE] PKT4 reg=0x8130 cnt=1
[TU_TRACE] PKT4 reg=0x8131 cnt=1
[TU_TRACE] WRITE_REG reg=0xae0f val=0x0000003f
[TU_TRACE] PKT4 reg=0xae0f cnt=1
[TU_TRACE] PKT4 reg=0xab09 cnt=1
[TU_TRACE] WRITE_REG reg=0xb182 val=0x00000000
[TU_TRACE] PKT4 reg=0xb182 cnt=1
[TU_TRACE] WRITE_REG reg=0xa9a8 val=0x00000000
[TU_TRACE] PKT4 reg=0xa9a8 cnt=1
[TU_TRACE] PKT4 reg=0xab00 cnt=1
[TU_TRACE] PKT4 reg=0xa009 cnt=1
[TU_TRACE] WRITE_REG reg=0x8811 val=0x00000010
[TU_TRACE] PKT4 reg=0x8811 cnt=1
[TU_TRACE] PKT4 reg=0x8213 cnt=1
[TU_TRACE] WRITE_REG reg=0x8818 val=0x00000000
[TU_TRACE] PKT4 reg=0x8818 cnt=1
[TU_TRACE] PKT4 reg=0x9310 cnt=1
[TU_TRACE] PKT4 reg=0x9312 cnt=1
[TU_TRACE] PKT4 reg=0x9305 cnt=1
[TU_TRACE] WRITE_REG reg=0xb183 val=0x00000000
[TU_TRACE] PKT4 reg=0xb183 cnt=1
[TU_TRACE] PKT4 reg=0x8234 cnt=1
[TU_TRACE] PKT4 reg=0xb309 cnt=1
[TU_TRACE] PKT4 reg=0xa9cb cnt=1
[TU_TRACE] WRITE_REG reg=0xa007 val=0x00000000
[TU_TRACE] PKT4 reg=0xa007 cnt=1
[TU_TRACE] PKT4 reg=0x8864 cnt=1
[TU_TRACE] PKT4 reg=0xaa0c cnt=1
[TU_TRACE] PKT4 reg=0xb302 cnt=2
[TU_TRACE] PKT4 reg=0xb180 cnt=2
[TU_TRACE] PKT4 reg=0x9814 cnt=1
[TU_TRACE] PKT4 reg=0x9815 cnt=1
[TU_TRACE] PKT4 reg=0xa980 cnt=1
[TU_TRACE] PKT4 reg=0xa827 cnt=1
[TU_TRACE] PKT4 reg=0x9313 cnt=1
[TU_TRACE] PKT4 reg=0x8c34 cnt=1
[TU_TRACE] PKT4 reg=0x88e5 cnt=1
[TU_TRACE] PKT7 op=0x43 cnt=3
[TU_TRACE] PKT7 op=0x1b cnt=2
[TU_TRACE] PKT7 op=0x17 cnt=1
[TU_TRACE] PKT7 op=0x55 cnt=3
[TU_TRACE] PKT7 op=0x17 cnt=1
[TU_TRACE] PKT7 op=0x55 cnt=3
[TU_TRACE] PKT7 op=0x17 cnt=1
[TU_TRACE] PKT7 op=0x39 cnt=3
[TU_TRACE] PKT7 op=0x55 cnt=3
[TU_TRACE] PKT7 op=0x55 cnt=3
[TU_TRACE] PKT7 op=0x17 cnt=1
[TU_TRACE] PKT4 reg=0x8212 cnt=1
[TU_TRACE] PKT4 reg=0x810b cnt=1
[TU_TRACE] PKT7 op=0x47 cnt=2
[TU_TRACE] PKT7 op=0x47 cnt=2
[TU_TRACE] PKT4 reg=0x88d1 cnt=2
[TU_TRACE] PKT4 reg=0x88df cnt=4
[TU_TRACE] PKT4 reg=0x88d5 cnt=1
[TU_TRACE] PKT4 reg=0x88d0 cnt=1
[TU_TRACE] PKT4 reg=0x88e3 cnt=1
[TU_TRACE] PKT4 reg=0x88d7 cnt=4
[TU_TRACE] PKT4 reg=0x88dc cnt=3
[TU_TRACE] PKT4 reg=0x88d6 cnt=1
[TU_TRACE] PKT7 op=0x46 cnt=1
[TU_TRACE] PKT7 op=0x46 cnt=1
[TU_TRACE] PKT4 reg=0x8872 cnt=6
[TU_TRACE] PKT4 reg=0x808d cnt=1
[TU_TRACE] PKT4 reg=0x8881 cnt=1
[TU_TRACE] PKT4 reg=0x808e cnt=2
[TU_TRACE] PKT4 reg=0x8092 cnt=1
[TU_TRACE] PKT4 reg=0x8090 cnt=2
[TU_TRACE] PKT7 op=0x46 cnt=1
[TU_TRACE] PKT7 op=0x43 cnt=6
[TU_TRACE] PKT4 reg=0xa010 cnt=3
[TU_TRACE] PKT4 reg=0x9b15 cnt=1
[TU_TRACE] PKT4 reg=0xa00e cnt=2
[TU_TRACE] PKT4 reg=0x9b01 cnt=1
[TU_TRACE] PKT4 reg=0x930f cnt=1
[TU_TRACE] PKT4 reg=0x9b12 cnt=1
[TU_TRACE] PKT4 reg=0x8212 cnt=1
[TU_TRACE] PKT4 reg=0x810b cnt=1
[TU_TRACE] PKT4 reg=0x8898 cnt=1
[TU_TRACE] PKT4 reg=0x8089 cnt=1
[TU_TRACE] PKT4 reg=0x8870 cnt=1
[TU_TRACE] PKT4 reg=0xab30 cnt=8
[TU_TRACE] PKT4 reg=0xab1f cnt=1
[TU_TRACE] PKT7 op=0x43 cnt=90
[TU_TRACE] PKT7 op=0x38 cnt=7
[TU_TRACE] PKT4 reg=0xab30 cnt=8
[TU_TRACE] PKT7 op=0x43 cnt=3
[TU_TRACE] PKT7 op=0x38 cnt=7
[TU_TRACE] PKT4 reg=0xab30 cnt=8
[TU_TRACE] PKT7 op=0x43 cnt=3
[TU_TRACE] PKT7 op=0x38 cnt=7
[TU_TRACE] PKT4 reg=0xab30 cnt=8
[TU_TRACE] PKT7 op=0x43 cnt=3
[TU_TRACE] PKT7 op=0x38 cnt=7
[TU_TRACE] PKT4 reg=0xab30 cnt=8
[TU_TRACE] PKT7 op=0x43 cnt=3
[TU_TRACE] PKT7 op=0x38 cnt=7
[TU_TRACE] PKT4 reg=0xab30 cnt=8
[TU_TRACE] PKT7 op=0x43 cnt=3
[TU_TRACE] PKT7 op=0x38 cnt=7
[TU_TRACE] PKT4 reg=0xab30 cnt=8
[TU_TRACE] PKT7 op=0x43 cnt=3
[TU_TRACE] PKT7 op=0x38 cnt=7
[TU_TRACE] PKT4 reg=0xab30 cnt=8
[TU_TRACE] PKT7 op=0x43 cnt=3
[TU_TRACE] PKT7 op=0x38 cnt=7
[TU_TRACE] PKT4 reg=0xab30 cnt=8
[TU_TRACE] PKT7 op=0x43 cnt=3
[TU_TRACE] PKT7 op=0x38 cnt=7
[TU_TRACE] PKT4 reg=0xab30 cnt=8
[TU_TRACE] PKT7 op=0x43 cnt=3
[TU_TRACE] PKT7 op=0x38 cnt=7
[TU_TRACE] PKT4 reg=0xab30 cnt=8
[TU_TRACE] PKT7 op=0x43 cnt=3
[TU_TRACE] PKT7 op=0x38 cnt=7
[TU_TRACE] PKT4 reg=0xab30 cnt=8
[TU_TRACE] PKT7 op=0x43 cnt=3
[TU_TRACE] PKT7 op=0x38 cnt=7
[TU_TRACE] PKT4 reg=0xab30 cnt=8
[TU_TRACE] PKT7 op=0x43 cnt=3
[TU_TRACE] PKT7 op=0x38 cnt=7
[TU_TRACE] PKT4 reg=0xab30 cnt=8
[TU_TRACE] PKT7 op=0x43 cnt=3
[TU_TRACE] PKT7 op=0x38 cnt=7
[TU_TRACE] PKT4 reg=0xab30 cnt=8
[TU_TRACE] PKT7 op=0x43 cnt=3
[TU_TRACE] PKT7 op=0x38 cnt=7
[TU_TRACE] PKT4 reg=0xab30 cnt=8
[TU_TRACE] PKT7 op=0x43 cnt=3
[TU_TRACE] PKT7 op=0x38 cnt=7
[TU_TRACE] PKT4 reg=0xab30 cnt=8
[TU_TRACE] PKT7 op=0x43 cnt=3
[TU_TRACE] PKT7 op=0x38 cnt=7
[TU_TRACE] PKT4 reg=0xab30 cnt=8
[TU_TRACE] PKT7 op=0x43 cnt=3
[TU_TRACE] PKT7 op=0x38 cnt=7
[TU_TRACE] PKT4 reg=0xab30 cnt=8
[TU_TRACE] PKT7 op=0x43 cnt=3
[TU_TRACE] PKT7 op=0x38 cnt=7
[TU_TRACE] PKT4 reg=0xab30 cnt=8
[TU_TRACE] PKT7 op=0x43 cnt=3
[TU_TRACE] PKT7 op=0x38 cnt=7
[TU_TRACE] PKT4 reg=0xa00e cnt=2
[TU_TRACE] PKT4 reg=0x9b01 cnt=1
[TU_TRACE] PKT4 reg=0x930f cnt=1
[TU_TRACE] PKT4 reg=0x9b12 cnt=1
[TU_TRACE] PKT4 reg=0x8212 cnt=1
[TU_TRACE] PKT4 reg=0x810b cnt=1
[TU_TRACE] PKT4 reg=0x8898 cnt=1
[TU_TRACE] PKT4 reg=0x8089 cnt=1
[TU_TRACE] PKT4 reg=0x8870 cnt=1
[TU_TRACE] PKT4 reg=0xab30 cnt=8
[TU_TRACE] PKT4 reg=0xab1f cnt=1
[TU_TRACE] PKT7 op=0x43 cnt=90
[TU_TRACE] PKT7 op=0x38 cnt=7
[TU_TRACE] PKT4 reg=0xab30 cnt=8
[TU_TRACE] PKT7 op=0x43 cnt=3
[TU_TRACE] PKT7 op=0x38 cnt=7
[TU_TRACE] PKT4 reg=0xab30 cnt=8
[TU_TRACE] PKT7 op=0x43 cnt=3
[TU_TRACE] PKT7 op=0x38 cnt=7
[TU_TRACE] PKT4 reg=0xab30 cnt=8
[TU_TRACE] PKT7 op=0x43 cnt=3
[TU_TRACE] PKT7 op=0x38 cnt=7
[TU_TRACE] PKT4 reg=0xab30 cnt=8
[TU_TRACE] PKT7 op=0x43 cnt=3
[TU_TRACE] PKT7 op=0x38 cnt=7
[TU_TRACE] PKT4 reg=0xab30 cnt=8
[TU_TRACE] PKT7 op=0x43 cnt=3
[TU_TRACE] PKT7 op=0x38 cnt=7
[TU_TRACE] PKT4 reg=0xab30 cnt=8
[TU_TRACE] PKT7 op=0x43 cnt=3
[TU_TRACE] PKT7 op=0x38 cnt=7
[TU_TRACE] PKT4 reg=0xab30 cnt=8
[TU_TRACE] PKT7 op=0x43 cnt=3
[TU_TRACE] PKT7 op=0x38 cnt=7
[TU_TRACE] PKT4 reg=0xab30 cnt=8
[TU_TRACE] PKT7 op=0x43 cnt=3
[TU_TRACE] PKT7 op=0x38 cnt=7
[TU_TRACE] PKT4 reg=0xab30 cnt=8
[TU_TRACE] PKT7 op=0x43 cnt=3
[TU_TRACE] PKT7 op=0x38 cnt=7
[TU_TRACE] PKT4 reg=0xab30 cnt=8
[TU_TRACE] PKT7 op=0x43 cnt=3
[TU_TRACE] PKT7 op=0x38 cnt=7
[TU_TRACE] PKT4 reg=0xab30 cnt=8
[TU_TRACE] PKT7 op=0x43 cnt=3
[TU_TRACE] PKT7 op=0x38 cnt=7
[TU_TRACE] PKT4 reg=0xab30 cnt=8
[TU_TRACE] PKT7 op=0x43 cnt=3
[TU_TRACE] PKT7 op=0x38 cnt=7
[TU_TRACE] PKT4 reg=0xab30 cnt=8
[TU_TRACE] PKT7 op=0x43 cnt=3
[TU_TRACE] PKT7 op=0x38 cnt=7
[TU_TRACE] PKT4 reg=0xab30 cnt=8
[TU_TRACE] PKT7 op=0x43 cnt=3
[TU_TRACE] PKT7 op=0x38 cnt=7
[TU_TRACE] PKT4 reg=0xab30 cnt=8
[TU_TRACE] PKT7 op=0x43 cnt=3
[TU_TRACE] PKT7 op=0x38 cnt=7
[TU_TRACE] PKT4 reg=0xab30 cnt=8
[TU_TRACE] PKT7 op=0x43 cnt=3
[TU_TRACE] PKT7 op=0x38 cnt=7
[TU_TRACE] PKT4 reg=0xab30 cnt=8
[TU_TRACE] PKT7 op=0x43 cnt=3
[TU_TRACE] PKT7 op=0x38 cnt=7
[TU_TRACE] PKT4 reg=0xab30 cnt=8
[TU_TRACE] PKT7 op=0x43 cnt=3
[TU_TRACE] PKT7 op=0x38 cnt=7
[TU_TRACE] PKT4 reg=0xab30 cnt=8
[TU_TRACE] PKT7 op=0x43 cnt=3
[TU_TRACE] PKT7 op=0x38 cnt=7
[TU_TRACE] PKT4 reg=0xa00e cnt=2
[TU_TRACE] PKT4 reg=0x9b01 cnt=1
[TU_TRACE] PKT4 reg=0x930f cnt=1
[TU_TRACE] PKT4 reg=0x9b12 cnt=1
[TU_TRACE] PKT4 reg=0x8212 cnt=1
[TU_TRACE] PKT4 reg=0x810b cnt=1
[TU_TRACE] PKT4 reg=0x8898 cnt=1
[TU_TRACE] PKT4 reg=0x8089 cnt=1
[TU_TRACE] PKT4 reg=0x8870 cnt=1
[TU_TRACE] PKT4 reg=0xab30 cnt=8
[TU_TRACE] PKT4 reg=0xab1f cnt=1
[TU_TRACE] PKT7 op=0x43 cnt=90
[TU_TRACE] PKT7 op=0x38 cnt=7
[TU_TRACE] PKT4 reg=0xab30 cnt=8
[TU_TRACE] PKT7 op=0x43 cnt=3
[TU_TRACE] PKT7 op=0x38 cnt=7
[TU_TRACE] PKT4 reg=0xab30 cnt=8
[TU_TRACE] PKT7 op=0x43 cnt=3
[TU_TRACE] PKT7 op=0x38 cnt=7
[TU_TRACE] PKT4 reg=0xab30 cnt=8
[TU_TRACE] PKT7 op=0x43 cnt=3
[TU_TRACE] PKT7 op=0x38 cnt=7
[TU_TRACE] PKT4 reg=0xab30 cnt=8
[TU_TRACE] PKT7 op=0x43 cnt=3
[TU_TRACE] PKT7 op=0x38 cnt=7
[TU_TRACE] PKT4 reg=0xab30 cnt=8
[TU_TRACE] PKT7 op=0x43 cnt=3
[TU_TRACE] PKT7 op=0x38 cnt=7
[TU_TRACE] PKT4 reg=0xab30 cnt=8
[TU_TRACE] PKT7 op=0x43 cnt=3
[TU_TRACE] PKT7 op=0x38 cnt=7
[TU_TRACE] PKT4 reg=0xab30 cnt=8
[TU_TRACE] PKT7 op=0x43 cnt=3
[TU_TRACE] PKT7 op=0x38 cnt=7
[TU_TRACE] PKT4 reg=0xab30 cnt=8
[TU_TRACE] PKT7 op=0x43 cnt=3
[TU_TRACE] PKT7 op=0x38 cnt=7
[TU_TRACE] PKT4 reg=0xab30 cnt=8
[TU_TRACE] PKT7 op=0x43 cnt=3
[TU_TRACE] PKT7 op=0x38 cnt=7
[TU_TRACE] PKT4 reg=0xab30 cnt=8
[TU_TRACE] PKT7 op=0x43 cnt=3
[TU_TRACE] PKT7 op=0x38 cnt=7
[TU_TRACE] PKT4 reg=0xab30 cnt=8
[TU_TRACE] PKT7 op=0x43 cnt=3
[TU_TRACE] PKT7 op=0x38 cnt=7
[TU_TRACE] PKT4 reg=0xab30 cnt=8
[TU_TRACE] PKT7 op=0x43 cnt=3
[TU_TRACE] PKT7 op=0x38 cnt=7
[TU_TRACE] PKT4 reg=0xab30 cnt=8
[TU_TRACE] PKT7 op=0x43 cnt=3
[TU_TRACE] PKT7 op=0x38 cnt=7
[TU_TRACE] PKT4 reg=0xab30 cnt=8
[TU_TRACE] PKT7 op=0x43 cnt=3
[TU_TRACE] PKT7 op=0x38 cnt=7
[TU_TRACE] PKT4 reg=0xab30 cnt=8
[TU_TRACE] PKT7 op=0x43 cnt=3
[TU_TRACE] PKT7 op=0x38 cnt=7
[TU_TRACE] PKT4 reg=0xab30 cnt=8
[TU_TRACE] PKT7 op=0x43 cnt=3
[TU_TRACE] PKT7 op=0x38 cnt=7
[TU_TRACE] PKT4 reg=0xab30 cnt=8
[TU_TRACE] PKT7 op=0x43 cnt=3
[TU_TRACE] PKT7 op=0x38 cnt=7
[TU_TRACE] PKT4 reg=0xab30 cnt=8
[TU_TRACE] PKT7 op=0x43 cnt=3
[TU_TRACE] PKT7 op=0x38 cnt=7
[TU_TRACE] PKT4 reg=0xab30 cnt=8
[TU_TRACE] PKT7 op=0x43 cnt=3
[TU_TRACE] PKT7 op=0x38 cnt=7
[TU_TRACE] PKT4 reg=0xa00e cnt=2
[TU_TRACE] PKT4 reg=0x9b01 cnt=1
[TU_TRACE] PKT4 reg=0x930f cnt=1
[TU_TRACE] PKT4 reg=0x9b12 cnt=1
[TU_TRACE] PKT4 reg=0x8212 cnt=1
[TU_TRACE] PKT4 reg=0x810b cnt=1
[TU_TRACE] PKT4 reg=0x8898 cnt=1
[TU_TRACE] PKT4 reg=0x8089 cnt=1
[TU_TRACE] PKT4 reg=0x8870 cnt=1
[TU_TRACE] PKT4 reg=0xab30 cnt=8
[TU_TRACE] PKT4 reg=0xab1f cnt=1
[TU_TRACE] PKT7 op=0x43 cnt=90
[TU_TRACE] PKT7 op=0x38 cnt=7
[TU_TRACE] PKT4 reg=0xab30 cnt=8
[TU_TRACE] PKT7 op=0x43 cnt=3
[TU_TRACE] PKT7 op=0x38 cnt=7
[TU_TRACE] PKT4 reg=0xab30 cnt=8
[TU_TRACE] PKT7 op=0x43 cnt=3
[TU_TRACE] PKT7 op=0x38 cnt=7
[TU_TRACE] PKT4 reg=0xab30 cnt=8
[TU_TRACE] PKT7 op=0x43 cnt=3
[TU_TRACE] PKT7 op=0x38 cnt=7
[TU_TRACE] PKT4 reg=0xab30 cnt=8
[TU_TRACE] PKT7 op=0x43 cnt=3
[TU_TRACE] PKT7 op=0x38 cnt=7
[TU_TRACE] PKT4 reg=0xab30 cnt=8
[TU_TRACE] PKT7 op=0x43 cnt=3
[TU_TRACE] PKT7 op=0x38 cnt=7
[TU_TRACE] PKT4 reg=0xab30 cnt=8
[TU_TRACE] PKT7 op=0x43 cnt=3
[TU_TRACE] PKT7 op=0x38 cnt=7
[TU_TRACE] PKT4 reg=0xab30 cnt=8
[TU_TRACE] PKT7 op=0x43 cnt=3
[TU_TRACE] PKT7 op=0x38 cnt=7
[TU_TRACE] PKT4 reg=0xab30 cnt=8
[TU_TRACE] PKT7 op=0x43 cnt=3
[TU_TRACE] PKT7 op=0x38 cnt=7
[TU_TRACE] PKT4 reg=0xab30 cnt=8
[TU_TRACE] PKT7 op=0x43 cnt=3
[TU_TRACE] PKT7 op=0x38 cnt=7
[TU_TRACE] PKT4 reg=0xab30 cnt=8
[TU_TRACE] PKT7 op=0x43 cnt=3
[TU_TRACE] PKT7 op=0x38 cnt=7
[TU_TRACE] PKT4 reg=0xab30 cnt=8
[TU_TRACE] PKT7 op=0x43 cnt=3
[TU_TRACE] PKT7 op=0x38 cnt=7
[TU_TRACE] PKT4 reg=0xab30 cnt=8
[TU_TRACE] PKT7 op=0x43 cnt=3
[TU_TRACE] PKT7 op=0x38 cnt=7
[TU_TRACE] PKT4 reg=0xab30 cnt=8
[TU_TRACE] PKT7 op=0x43 cnt=3
[TU_TRACE] PKT7 op=0x38 cnt=7
[TU_TRACE] PKT4 reg=0xab30 cnt=8
[TU_TRACE] PKT7 op=0x43 cnt=3
[TU_TRACE] PKT7 op=0x38 cnt=7
[TU_TRACE] PKT4 reg=0xab30 cnt=8
[TU_TRACE] PKT7 op=0x43 cnt=3
[TU_TRACE] PKT7 op=0x38 cnt=7
[TU_TRACE] PKT4 reg=0xab30 cnt=8
[TU_TRACE] PKT7 op=0x43 cnt=3
[TU_TRACE] PKT7 op=0x38 cnt=7
[TU_TRACE] PKT4 reg=0xab30 cnt=8
[TU_TRACE] PKT7 op=0x43 cnt=3
[TU_TRACE] PKT7 op=0x38 cnt=7
[TU_TRACE] PKT4 reg=0xab30 cnt=8
[TU_TRACE] PKT7 op=0x43 cnt=3
[TU_TRACE] PKT7 op=0x38 cnt=7
[TU_TRACE] PKT4 reg=0xab30 cnt=8
[TU_TRACE] PKT7 op=0x43 cnt=3
[TU_TRACE] PKT7 op=0x38 cnt=7
[TU_TRACE] PKT4 reg=0xa00e cnt=2
[TU_TRACE] PKT4 reg=0x9b01 cnt=1
[TU_TRACE] PKT4 reg=0x930f cnt=1
[TU_TRACE] PKT4 reg=0x9b12 cnt=1
[TU_TRACE] PKT4 reg=0x8212 cnt=1
[TU_TRACE] PKT4 reg=0x810b cnt=1
[TU_TRACE] PKT4 reg=0x8898 cnt=1
[TU_TRACE] PKT4 reg=0x8089 cnt=1
[TU_TRACE] PKT4 reg=0x8870 cnt=1
[TU_TRACE] PKT4 reg=0xab30 cnt=8
[TU_TRACE] PKT4 reg=0xab1f cnt=1
[TU_TRACE] PKT7 op=0x43 cnt=90
[TU_TRACE] PKT7 op=0x38 cnt=7
[TU_TRACE] PKT4 reg=0xab30 cnt=8
[TU_TRACE] PKT7 op=0x43 cnt=3
[TU_TRACE] PKT7 op=0x38 cnt=7
[TU_TRACE] PKT4 reg=0xab30 cnt=8
[TU_TRACE] PKT7 op=0x43 cnt=3
[TU_TRACE] PKT7 op=0x38 cnt=7
[TU_TRACE] PKT4 reg=0xab30 cnt=8
[TU_TRACE] PKT7 op=0x43 cnt=3
[TU_TRACE] PKT7 op=0x38 cnt=7
[TU_TRACE] PKT4 reg=0xab30 cnt=8
[TU_TRACE] PKT7 op=0x43 cnt=3
[TU_TRACE] PKT7 op=0x38 cnt=7
[TU_TRACE] PKT4 reg=0xab30 cnt=8
[TU_TRACE] PKT7 op=0x43 cnt=3
[TU_TRACE] PKT7 op=0x38 cnt=7
[TU_TRACE] PKT4 reg=0xab30 cnt=8
[TU_TRACE] PKT7 op=0x43 cnt=3
[TU_TRACE] PKT7 op=0x38 cnt=7
[TU_TRACE] PKT4 reg=0xab30 cnt=8
[TU_TRACE] PKT7 op=0x43 cnt=3
[TU_TRACE] PKT7 op=0x38 cnt=7
[TU_TRACE] PKT4 reg=0xab30 cnt=8
[TU_TRACE] PKT7 op=0x43 cnt=3
[TU_TRACE] PKT7 op=0x38 cnt=7
[TU_TRACE] PKT4 reg=0xab30 cnt=8
[TU_TRACE] PKT7 op=0x43 cnt=3
[TU_TRACE] PKT7 op=0x38 cnt=7
[TU_TRACE] PKT4 reg=0xab30 cnt=8
[TU_TRACE] PKT7 op=0x43 cnt=3
[TU_TRACE] PKT7 op=0x38 cnt=7
[TU_TRACE] PKT4 reg=0xab30 cnt=8
[TU_TRACE] PKT7 op=0x43 cnt=3
[TU_TRACE] PKT7 op=0x38 cnt=7
[TU_TRACE] PKT4 reg=0xab30 cnt=8
[TU_TRACE] PKT7 op=0x43 cnt=3
[TU_TRACE] PKT7 op=0x38 cnt=7
[TU_TRACE] PKT4 reg=0xab30 cnt=8
[TU_TRACE] PKT7 op=0x43 cnt=3
[TU_TRACE] PKT7 op=0x38 cnt=7
[TU_TRACE] PKT4 reg=0xab30 cnt=8
[TU_TRACE] PKT7 op=0x43 cnt=3
[TU_TRACE] PKT7 op=0x38 cnt=7
[TU_TRACE] PKT4 reg=0xab30 cnt=8
[TU_TRACE] PKT7 op=0x43 cnt=3
[TU_TRACE] PKT7 op=0x38 cnt=7
[TU_TRACE] PKT4 reg=0xab30 cnt=8
[TU_TRACE] PKT7 op=0x43 cnt=3
[TU_TRACE] PKT7 op=0x38 cnt=7
[TU_TRACE] PKT4 reg=0xab30 cnt=8
[TU_TRACE] PKT7 op=0x43 cnt=3
[TU_TRACE] PKT7 op=0x38 cnt=7
[TU_TRACE] PKT4 reg=0xab30 cnt=8
[TU_TRACE] PKT7 op=0x43 cnt=3
[TU_TRACE] PKT7 op=0x38 cnt=7
[TU_TRACE] PKT4 reg=0xab30 cnt=8
[TU_TRACE] PKT7 op=0x43 cnt=3
[TU_TRACE] PKT7 op=0x38 cnt=7
[TU_TRACE] PKT7 op=0x17 cnt=1
[TU_TRACE] PKT7 op=0x39 cnt=3
[TU_TRACE] PKT4 reg=0x8235 cnt=2
[TU_TRACE] PKT4 reg=0x8507 cnt=2
[TU_TRACE] PKT4 reg=0x8231 cnt=1
[TU_TRACE] PKT4 reg=0x8800 cnt=1
[TU_TRACE] PKT4 reg=0x88d3 cnt=1
[TU_TRACE] PKT4 reg=0x8812 cnt=1
[TU_TRACE] PKT4 reg=0x88e4 cnt=1
[TU_TRACE] PKT7 op=0x65 cnt=1
[TU_TRACE] PKT7 op=0x1d cnt=1
[TU_TRACE] PKT7 op=0x46 cnt=1
[TU_TRACE] PKT7 op=0x46 cnt=1
[TU_TRACE] PKT7 op=0x46 cnt=1
[TU_TRACE] PKT7 op=0x46 cnt=1
[TU_TRACE] PKT7 op=0x46 cnt=1
[TU_TRACE] PKT7 op=0x26 cnt=0
[TU_TRACE] PKT7 op=0x13 cnt=0
[TU_TRACE] PKT7 op=0x64 cnt=1
[TU_TRACE] PKT7 op=0x63 cnt=1
[TU_TRACE] PKT4 reg=0x8206 cnt=1
[TU_TRACE] PKT4 reg=0x88f5 cnt=1
[TU_TRACE] PKT4 reg=0x8891 cnt=1
[TU_TRACE] PKT7 op=0x46 cnt=3
[TU_TRACE] PKT7 op=0x3f cnt=3
[TU_TRACE] PKT7 op=0x1d cnt=1
[TU_TRACE] PKT4 reg=0x8212 cnt=1
[TU_TRACE] PKT4 reg=0x810b cnt=1
[TU_TRACE] PKT7 op=0x46 cnt=1
[TU_TRACE] PKT7 op=0x46 cnt=4
[TU_TRACE] PKT4 reg=0x8891 cnt=1
[TU_TRACE] PKT7 op=0x46 cnt=3
[TU_TRACE] PKT7 op=0x43 cnt=3
[TU_TRACE] PKT7 op=0x46 cnt=1
[TU_TRACE] PKT7 op=0x46 cnt=1
[TU_TRACE] PKT7 op=0x46 cnt=4
[TU_TRACE] PKT7 op=0x17 cnt=1
[TU_TRACE] PKT7 op=0x46 cnt=1
[TU_TRACE] PKT7 op=0x46 cnt=1
[TU_TRACE] PKT7 op=0x46 cnt=1
[TU_TRACE] PKT7 op=0x46 cnt=1
[TU_TRACE] PKT7 op=0x26 cnt=0
[TU_TRACE] PKT4 reg=0xab1f cnt=1
[TU_TRACE] PKT7 op=0x26 cnt=0
[TU_TRACE] WRITE_REG reg=0x8228 val=0x00000000
[TU_TRACE] PKT4 reg=0x8228 cnt=1
[TU_TRACE] WRITE_REG reg=0x8229 val=0x00000000
[TU_TRACE] PKT4 reg=0x8229 cnt=1
[TU_TRACE] WRITE_REG reg=0x822a val=0x00000000
[TU_TRACE] PKT4 reg=0x822a cnt=1
[TU_TRACE] WRITE_REG reg=0x822b val=0x00000000
[TU_TRACE] PKT4 reg=0x822b cnt=1
[TU_TRACE] WRITE_REG reg=0x822c val=0x00000000
[TU_TRACE] PKT4 reg=0x822c cnt=1
[TU_TRACE] WRITE_REG reg=0x822d val=0x00000000
[TU_TRACE] PKT4 reg=0x822d cnt=1
[TU_TRACE] WRITE_REG reg=0x8818 val=0x00000000
[TU_TRACE] PKT4 reg=0x8818 cnt=1
[TU_TRACE] WRITE_REG reg=0x8819 val=0x00000000
[TU_TRACE] PKT4 reg=0x8819 cnt=1
[TU_TRACE] WRITE_REG reg=0x881a val=0x00000000
[TU_TRACE] PKT4 reg=0x881a cnt=1
[TU_TRACE] WRITE_REG reg=0x881b val=0x00000000
[TU_TRACE] PKT4 reg=0x881b cnt=1
[TU_TRACE] WRITE_REG reg=0x881c val=0x00000000
[TU_TRACE] PKT4 reg=0x881c cnt=1
[TU_TRACE] WRITE_REG reg=0x881d val=0x00000000
[TU_TRACE] PKT4 reg=0x881d cnt=1
[TU_TRACE] WRITE_REG reg=0x881e val=0x00000000
[TU_TRACE] PKT4 reg=0x881e cnt=1
[TU_TRACE] WRITE_REG reg=0x8899 val=0x00000000
[TU_TRACE] PKT4 reg=0x8899 cnt=1
[TU_TRACE] WRITE_REG reg=0x88f1 val=0x00000001
[TU_TRACE] PKT4 reg=0x88f1 cnt=1
[TU_TRACE] WRITE_REG reg=0xab01 val=0x00000000
[TU_TRACE] PKT4 reg=0xab01 cnt=1
[TU_TRACE] WRITE_REG reg=0xab02 val=0x00000000
[TU_TRACE] PKT4 reg=0xab02 cnt=1
[TU_TRACE] WRITE_REG reg=0xab23 val=0x00000000
[TU_TRACE] PKT4 reg=0xab23 cnt=1
[TU_TRACE] WRITE_REG reg=0xb182 val=0x00000004
[TU_TRACE] PKT4 reg=0xb182 cnt=1
[TU_TRACE] WRITE_REG reg=0xb183 val=0x00000000
[TU_TRACE] PKT4 reg=0xb183 cnt=1
[TU_TRACE] WRITE_REG reg=0x980b val=0x00800280
[TU_TRACE] PKT4 reg=0x980b cnt=1
[TU_TRACE] WRITE_REG reg=0x9b00 val=0x00003f00
[TU_TRACE] PKT4 reg=0x9b00 cnt=1
[TU_TRACE] PKT4 reg=0x8130 cnt=1
[TU_TRACE] PKT4 reg=0x8131 cnt=1
[TU_TRACE] WRITE_REG reg=0xae0f val=0x0000003f
[TU_TRACE] PKT4 reg=0xae0f cnt=1
[TU_TRACE] PKT4 reg=0xab09 cnt=1
[TU_TRACE] WRITE_REG reg=0xb182 val=0x00000000
[TU_TRACE] PKT4 reg=0xb182 cnt=1
[TU_TRACE] WRITE_REG reg=0xa9a8 val=0x00000000
[TU_TRACE] PKT4 reg=0xa9a8 cnt=1
[TU_TRACE] PKT4 reg=0xab00 cnt=1
[TU_TRACE] PKT4 reg=0xa009 cnt=1
[TU_TRACE] WRITE_REG reg=0x8811 val=0x00000010
[TU_TRACE] PKT4 reg=0x8811 cnt=1
[TU_TRACE] PKT4 reg=0x8213 cnt=1
[TU_TRACE] WRITE_REG reg=0x8818 val=0x00000000
[TU_TRACE] PKT4 reg=0x8818 cnt=1
[TU_TRACE] PKT4 reg=0x9310 cnt=1
[TU_TRACE] PKT4 reg=0x9312 cnt=1
[TU_TRACE] PKT4 reg=0x9305 cnt=1
[TU_TRACE] WRITE_REG reg=0xb183 val=0x00000000
[TU_TRACE] PKT4 reg=0xb183 cnt=1
[TU_TRACE] PKT4 reg=0x8234 cnt=1
[TU_TRACE] PKT4 reg=0xb309 cnt=1
[TU_TRACE] PKT4 reg=0xa9cb cnt=1
[TU_TRACE] WRITE_REG reg=0xa007 val=0x00000000
[TU_TRACE] PKT4 reg=0xa007 cnt=1
[TU_TRACE] PKT4 reg=0x8864 cnt=1
[TU_TRACE] PKT4 reg=0xaa0c cnt=1
[TU_TRACE] PKT4 reg=0xb302 cnt=2
[TU_TRACE] PKT4 reg=0xb180 cnt=2
[TU_TRACE] PKT4 reg=0x9814 cnt=1
[TU_TRACE] PKT4 reg=0x9815 cnt=1
[TU_TRACE] PKT4 reg=0xa980 cnt=1
[TU_TRACE] PKT4 reg=0xa827 cnt=1
[TU_TRACE] PKT4 reg=0x9313 cnt=1
[TU_TRACE] PKT4 reg=0x8c34 cnt=1
[TU_TRACE] PKT4 reg=0x88e5 cnt=1
[TU_TRACE] PKT7 op=0x43 cnt=3
[TU_TRACE] PKT7 op=0x1b cnt=2
[TU_TRACE] PKT7 op=0x17 cnt=1
[TU_TRACE] PKT7 op=0x55 cnt=3
[TU_TRACE] PKT7 op=0x17 cnt=1
[TU_TRACE] PKT7 op=0x55 cnt=3
[TU_TRACE] PKT7 op=0x17 cnt=1
[TU_TRACE] PKT7 op=0x39 cnt=3
[TU_TRACE] PKT7 op=0x55 cnt=3
[TU_TRACE] PKT7 op=0x55 cnt=3
[TU_TRACE] PKT7 op=0x17 cnt=1
[TU_TRACE] PKT4 reg=0x8212 cnt=1
[TU_TRACE] PKT4 reg=0x810b cnt=1
[TU_TRACE] PKT7 op=0x47 cnt=2
[TU_TRACE] PKT7 op=0x47 cnt=2
[TU_TRACE] PKT4 reg=0x88d1 cnt=2
[TU_TRACE] PKT4 reg=0x88df cnt=4
[TU_TRACE] PKT4 reg=0x88d5 cnt=1
[TU_TRACE] PKT4 reg=0x88d0 cnt=1
[TU_TRACE] PKT4 reg=0x88e3 cnt=1
[TU_TRACE] PKT4 reg=0x88d7 cnt=4
[TU_TRACE] PKT4 reg=0x88dc cnt=3
[TU_TRACE] PKT4 reg=0x88d6 cnt=1
[TU_TRACE] PKT7 op=0x46 cnt=1
[TU_TRACE] PKT7 op=0x46 cnt=1
[TU_TRACE] PKT4 reg=0x8872 cnt=6
[TU_TRACE] PKT4 reg=0x808d cnt=1
[TU_TRACE] PKT4 reg=0x8881 cnt=1
[TU_TRACE] PKT4 reg=0x808e cnt=2
[TU_TRACE] PKT4 reg=0x8092 cnt=1
[TU_TRACE] PKT4 reg=0x8090 cnt=2
[TU_TRACE] PKT7 op=0x46 cnt=1
[TU_TRACE] PKT7 op=0x43 cnt=6
[TU_TRACE] PKT4 reg=0xa010 cnt=3
[TU_TRACE] PKT4 reg=0x9b15 cnt=1
[TU_TRACE] PKT4 reg=0xa00e cnt=2
[TU_TRACE] PKT4 reg=0x9b01 cnt=1
[TU_TRACE] PKT4 reg=0x930f cnt=1
[TU_TRACE] PKT4 reg=0x9b12 cnt=1
[TU_TRACE] PKT4 reg=0x8212 cnt=1
[TU_TRACE] PKT4 reg=0x810b cnt=1
[TU_TRACE] PKT4 reg=0x8898 cnt=1
[TU_TRACE] PKT4 reg=0x8089 cnt=1
[TU_TRACE] PKT4 reg=0x8870 cnt=1
[TU_TRACE] PKT4 reg=0xab30 cnt=8
[TU_TRACE] PKT4 reg=0xab1f cnt=1
[TU_TRACE] PKT7 op=0x43 cnt=90
[TU_TRACE] PKT7 op=0x38 cnt=7
[TU_TRACE] PKT4 reg=0xab30 cnt=8
[TU_TRACE] PKT7 op=0x43 cnt=3
[TU_TRACE] PKT7 op=0x38 cnt=7
[TU_TRACE] PKT4 reg=0xab30 cnt=8
[TU_TRACE] PKT7 op=0x43 cnt=3
[TU_TRACE] PKT7 op=0x38 cnt=7
[TU_TRACE] PKT4 reg=0xab30 cnt=8
[TU_TRACE] PKT7 op=0x43 cnt=3
[TU_TRACE] PKT7 op=0x38 cnt=7
[TU_TRACE] PKT4 reg=0xab30 cnt=8
[TU_TRACE] PKT7 op=0x43 cnt=3
[TU_TRACE] PKT7 op=0x38 cnt=7
[TU_TRACE] PKT4 reg=0xab30 cnt=8
[TU_TRACE] PKT7 op=0x43 cnt=3
[TU_TRACE] PKT7 op=0x38 cnt=7
[TU_TRACE] PKT4 reg=0xab30 cnt=8
[TU_TRACE] PKT7 op=0x43 cnt=3
[TU_TRACE] PKT7 op=0x38 cnt=7
[TU_TRACE] PKT4 reg=0xab30 cnt=8
[TU_TRACE] PKT7 op=0x43 cnt=3
[TU_TRACE] PKT7 op=0x38 cnt=7
[TU_TRACE] PKT4 reg=0xab30 cnt=8
[TU_TRACE] PKT7 op=0x43 cnt=3
[TU_TRACE] PKT7 op=0x38 cnt=7
[TU_TRACE] PKT4 reg=0xab30 cnt=8
[TU_TRACE] PKT7 op=0x43 cnt=3
[TU_TRACE] PKT7 op=0x38 cnt=7
[TU_TRACE] PKT4 reg=0xab30 cnt=8
[TU_TRACE] PKT7 op=0x43 cnt=3
[TU_TRACE] PKT7 op=0x38 cnt=7
[TU_TRACE] PKT4 reg=0xab30 cnt=8
[TU_TRACE] PKT7 op=0x43 cnt=3
[TU_TRACE] PKT7 op=0x38 cnt=7
[TU_TRACE] PKT4 reg=0xab30 cnt=8
[TU_TRACE] PKT7 op=0x43 cnt=3
[TU_TRACE] PKT7 op=0x38 cnt=7
[TU_TRACE] PKT4 reg=0xab30 cnt=8
[TU_TRACE] PKT7 op=0x43 cnt=3
[TU_TRACE] PKT7 op=0x38 cnt=7
[TU_TRACE] PKT4 reg=0xab30 cnt=8
[TU_TRACE] PKT7 op=0x43 cnt=3
[TU_TRACE] PKT7 op=0x38 cnt=7
[TU_TRACE] PKT4 reg=0xab30 cnt=8
[TU_TRACE] PKT7 op=0x43 cnt=3
[TU_TRACE] PKT7 op=0x38 cnt=7
[TU_TRACE] PKT4 reg=0xab30 cnt=8
[TU_TRACE] PKT7 op=0x43 cnt=3
[TU_TRACE] PKT7 op=0x38 cnt=7
[TU_TRACE] PKT4 reg=0xab30 cnt=8
[TU_TRACE] PKT7 op=0x43 cnt=3
[TU_TRACE] PKT7 op=0x38 cnt=7
[TU_TRACE] PKT4 reg=0xab30 cnt=8
[TU_TRACE] PKT7 op=0x43 cnt=3
[TU_TRACE] PKT7 op=0x38 cnt=7
[TU_TRACE] PKT4 reg=0xab30 cnt=8
[TU_TRACE] PKT7 op=0x43 cnt=3
[TU_TRACE] PKT7 op=0x38 cnt=7
[TU_TRACE] PKT4 reg=0xa00e cnt=2
[TU_TRACE] PKT4 reg=0x9b01 cnt=1
[TU_TRACE] PKT4 reg=0x930f cnt=1
[TU_TRACE] PKT4 reg=0x9b12 cnt=1
[TU_TRACE] PKT4 reg=0x8212 cnt=1
[TU_TRACE] PKT4 reg=0x810b cnt=1
[TU_TRACE] PKT4 reg=0x8898 cnt=1
[TU_TRACE] PKT4 reg=0x8089 cnt=1
[TU_TRACE] PKT4 reg=0x8870 cnt=1
[TU_TRACE] PKT4 reg=0xab30 cnt=8
[TU_TRACE] PKT4 reg=0xab1f cnt=1
[TU_TRACE] PKT7 op=0x43 cnt=90
[TU_TRACE] PKT7 op=0x38 cnt=7
[TU_TRACE] PKT4 reg=0xab30 cnt=8
[TU_TRACE] PKT7 op=0x43 cnt=3
[TU_TRACE] PKT7 op=0x38 cnt=7
[TU_TRACE] PKT4 reg=0xab30 cnt=8
[TU_TRACE] PKT7 op=0x43 cnt=3
[TU_TRACE] PKT7 op=0x38 cnt=7
[TU_TRACE] PKT4 reg=0xab30 cnt=8
[TU_TRACE] PKT7 op=0x43 cnt=3
[TU_TRACE] PKT7 op=0x38 cnt=7
[TU_TRACE] PKT4 reg=0xab30 cnt=8
[TU_TRACE] PKT7 op=0x43 cnt=3
[TU_TRACE] PKT7 op=0x38 cnt=7
[TU_TRACE] PKT4 reg=0xab30 cnt=8
[TU_TRACE] PKT7 op=0x43 cnt=3
[TU_TRACE] PKT7 op=0x38 cnt=7
[TU_TRACE] PKT4 reg=0xab30 cnt=8
[TU_TRACE] PKT7 op=0x43 cnt=3
[TU_TRACE] PKT7 op=0x38 cnt=7
[TU_TRACE] PKT4 reg=0xab30 cnt=8
[TU_TRACE] PKT7 op=0x43 cnt=3
[TU_TRACE] PKT7 op=0x38 cnt=7
[TU_TRACE] PKT4 reg=0xab30 cnt=8
[TU_TRACE] PKT7 op=0x43 cnt=3
[TU_TRACE] PKT7 op=0x38 cnt=7
[TU_TRACE] PKT4 reg=0xab30 cnt=8
[TU_TRACE] PKT7 op=0x43 cnt=3
[TU_TRACE] PKT7 op=0x38 cnt=7
[TU_TRACE] PKT4 reg=0xab30 cnt=8
[TU_TRACE] PKT7 op=0x43 cnt=3
[TU_TRACE] PKT7 op=0x38 cnt=7
[TU_TRACE] PKT4 reg=0xab30 cnt=8
[TU_TRACE] PKT7 op=0x43 cnt=3
[TU_TRACE] PKT7 op=0x38 cnt=7
[TU_TRACE] PKT4 reg=0xab30 cnt=8
[TU_TRACE] PKT7 op=0x43 cnt=3
[TU_TRACE] PKT7 op=0x38 cnt=7
[TU_TRACE] PKT4 reg=0xab30 cnt=8
[TU_TRACE] PKT7 op=0x43 cnt=3
[TU_TRACE] PKT7 op=0x38 cnt=7
[TU_TRACE] PKT4 reg=0xab30 cnt=8
[TU_TRACE] PKT7 op=0x43 cnt=3
[TU_TRACE] PKT7 op=0x38 cnt=7
[TU_TRACE] PKT4 reg=0xab30 cnt=8
[TU_TRACE] PKT7 op=0x43 cnt=3
[TU_TRACE] PKT7 op=0x38 cnt=7
[TU_TRACE] PKT4 reg=0xab30 cnt=8
[TU_TRACE] PKT7 op=0x43 cnt=3
[TU_TRACE] PKT7 op=0x38 cnt=7
[TU_TRACE] PKT4 reg=0xab30 cnt=8
[TU_TRACE] PKT7 op=0x43 cnt=3
[TU_TRACE] PKT7 op=0x38 cnt=7
[TU_TRACE] PKT4 reg=0xab30 cnt=8
[TU_TRACE] PKT7 op=0x43 cnt=3
[TU_TRACE] PKT7 op=0x38 cnt=7
[TU_TRACE] PKT4 reg=0xab30 cnt=8
[TU_TRACE] PKT7 op=0x43 cnt=3
[TU_TRACE] PKT7 op=0x38 cnt=7
[TU_TRACE] PKT4 reg=0xa00e cnt=2
[TU_TRACE] PKT4 reg=0x9b01 cnt=1
[TU_TRACE] PKT4 reg=0x930f cnt=1
[TU_TRACE] PKT4 reg=0x9b12 cnt=1
[TU_TRACE] PKT4 reg=0x8212 cnt=1
[TU_TRACE] PKT4 reg=0x810b cnt=1
[TU_TRACE] PKT4 reg=0x8898 cnt=1
[TU_TRACE] PKT4 reg=0x8089 cnt=1
[TU_TRACE] PKT4 reg=0x8870 cnt=1
[TU_TRACE] PKT4 reg=0xab30 cnt=8
[TU_TRACE] PKT4 reg=0xab1f cnt=1
[TU_TRACE] PKT7 op=0x43 cnt=90
[TU_TRACE] PKT7 op=0x38 cnt=7
[TU_TRACE] PKT4 reg=0xab30 cnt=8
[TU_TRACE] PKT7 op=0x43 cnt=3
[TU_TRACE] PKT7 op=0x38 cnt=7
[TU_TRACE] PKT4 reg=0xab30 cnt=8
[TU_TRACE] PKT7 op=0x43 cnt=3
[TU_TRACE] PKT7 op=0x38 cnt=7
[TU_TRACE] PKT4 reg=0xab30 cnt=8
[TU_TRACE] PKT7 op=0x43 cnt=3
[TU_TRACE] PKT7 op=0x38 cnt=7
[TU_TRACE] PKT4 reg=0xab30 cnt=8
[TU_TRACE] PKT7 op=0x43 cnt=3
[TU_TRACE] PKT7 op=0x38 cnt=7
[TU_TRACE] PKT4 reg=0xab30 cnt=8
[TU_TRACE] PKT7 op=0x43 cnt=3
[TU_TRACE] PKT7 op=0x38 cnt=7
[TU_TRACE] PKT4 reg=0xab30 cnt=8
[TU_TRACE] PKT7 op=0x43 cnt=3
[TU_TRACE] PKT7 op=0x38 cnt=7
[TU_TRACE] PKT4 reg=0xab30 cnt=8
[TU_TRACE] PKT7 op=0x43 cnt=3
[TU_TRACE] PKT7 op=0x38 cnt=7
[TU_TRACE] PKT4 reg=0xab30 cnt=8
[TU_TRACE] PKT7 op=0x43 cnt=3
[TU_TRACE] PKT7 op=0x38 cnt=7
[TU_TRACE] PKT4 reg=0xab30 cnt=8
[TU_TRACE] PKT7 op=0x43 cnt=3
[TU_TRACE] PKT7 op=0x38 cnt=7
[TU_TRACE] PKT4 reg=0xab30 cnt=8
[TU_TRACE] PKT7 op=0x43 cnt=3
[TU_TRACE] PKT7 op=0x38 cnt=7
[TU_TRACE] PKT4 reg=0xab30 cnt=8
[TU_TRACE] PKT7 op=0x43 cnt=3
[TU_TRACE] PKT7 op=0x38 cnt=7
[TU_TRACE] PKT4 reg=0xab30 cnt=8
[TU_TRACE] PKT7 op=0x43 cnt=3
[TU_TRACE] PKT7 op=0x38 cnt=7
[TU_TRACE] PKT4 reg=0xab30 cnt=8
[TU_TRACE] PKT7 op=0x43 cnt=3
[TU_TRACE] PKT7 op=0x38 cnt=7
[TU_TRACE] PKT4 reg=0xab30 cnt=8
[TU_TRACE] PKT7 op=0x43 cnt=3
[TU_TRACE] PKT7 op=0x38 cnt=7
[TU_TRACE] PKT4 reg=0xab30 cnt=8
[TU_TRACE] PKT7 op=0x43 cnt=3
[TU_TRACE] PKT7 op=0x38 cnt=7
[TU_TRACE] PKT4 reg=0xab30 cnt=8
[TU_TRACE] PKT7 op=0x43 cnt=3
[TU_TRACE] PKT7 op=0x38 cnt=7
[TU_TRACE] PKT4 reg=0xab30 cnt=8
[TU_TRACE] PKT7 op=0x43 cnt=3
[TU_TRACE] PKT7 op=0x38 cnt=7
[TU_TRACE] PKT4 reg=0xab30 cnt=8
[TU_TRACE] PKT7 op=0x43 cnt=3
[TU_TRACE] PKT7 op=0x38 cnt=7
[TU_TRACE] PKT4 reg=0xab30 cnt=8
[TU_TRACE] PKT7 op=0x43 cnt=3
[TU_TRACE] PKT7 op=0x38 cnt=7
[TU_TRACE] PKT4 reg=0xa00e cnt=2
[TU_TRACE] PKT4 reg=0x9b01 cnt=1
[TU_TRACE] PKT4 reg=0x930f cnt=1
[TU_TRACE] PKT4 reg=0x9b12 cnt=1
[TU_TRACE] PKT4 reg=0x8212 cnt=1
[TU_TRACE] PKT4 reg=0x810b cnt=1
[TU_TRACE] PKT4 reg=0x8898 cnt=1
[TU_TRACE] PKT4 reg=0x8089 cnt=1
[TU_TRACE] PKT4 reg=0x8870 cnt=1
[TU_TRACE] PKT4 reg=0xab30 cnt=8
[TU_TRACE] PKT4 reg=0xab1f cnt=1
[TU_TRACE] PKT7 op=0x43 cnt=90
[TU_TRACE] PKT7 op=0x38 cnt=7
[TU_TRACE] PKT4 reg=0xab30 cnt=8
[TU_TRACE] PKT7 op=0x43 cnt=3
[TU_TRACE] PKT7 op=0x38 cnt=7
[TU_TRACE] PKT4 reg=0xab30 cnt=8
[TU_TRACE] PKT7 op=0x43 cnt=3
[TU_TRACE] PKT7 op=0x38 cnt=7
[TU_TRACE] PKT4 reg=0xab30 cnt=8
[TU_TRACE] PKT7 op=0x43 cnt=3
[TU_TRACE] PKT7 op=0x38 cnt=7
[TU_TRACE] PKT4 reg=0xab30 cnt=8
[TU_TRACE] PKT7 op=0x43 cnt=3
[TU_TRACE] PKT7 op=0x38 cnt=7
[TU_TRACE] PKT4 reg=0xab30 cnt=8
[TU_TRACE] PKT7 op=0x43 cnt=3
[TU_TRACE] PKT7 op=0x38 cnt=7
[TU_TRACE] PKT4 reg=0xab30 cnt=8
[TU_TRACE] PKT7 op=0x43 cnt=3
[TU_TRACE] PKT7 op=0x38 cnt=7
[TU_TRACE] PKT4 reg=0xab30 cnt=8
[TU_TRACE] PKT7 op=0x43 cnt=3
[TU_TRACE] PKT7 op=0x38 cnt=7
[TU_TRACE] PKT4 reg=0xab30 cnt=8
[TU_TRACE] PKT7 op=0x43 cnt=3
[TU_TRACE] PKT7 op=0x38 cnt=7
[TU_TRACE] PKT4 reg=0xab30 cnt=8
[TU_TRACE] PKT7 op=0x43 cnt=3
[TU_TRACE] PKT7 op=0x38 cnt=7
[TU_TRACE] PKT4 reg=0xab30 cnt=8
[TU_TRACE] PKT7 op=0x43 cnt=3
[TU_TRACE] PKT7 op=0x38 cnt=7
[TU_TRACE] PKT4 reg=0xab30 cnt=8
[TU_TRACE] PKT7 op=0x43 cnt=3
[TU_TRACE] PKT7 op=0x38 cnt=7
[TU_TRACE] PKT4 reg=0xab30 cnt=8
[TU_TRACE] PKT7 op=0x43 cnt=3
[TU_TRACE] PKT7 op=0x38 cnt=7
[TU_TRACE] PKT4 reg=0xab30 cnt=8
[TU_TRACE] PKT7 op=0x43 cnt=3
[TU_TRACE] PKT7 op=0x38 cnt=7
[TU_TRACE] PKT4 reg=0xab30 cnt=8
[TU_TRACE] PKT7 op=0x43 cnt=3
[TU_TRACE] PKT7 op=0x38 cnt=7
[TU_TRACE] PKT4 reg=0xab30 cnt=8
[TU_TRACE] PKT7 op=0x43 cnt=3
[TU_TRACE] PKT7 op=0x38 cnt=7
[TU_TRACE] PKT4 reg=0xab30 cnt=8
[TU_TRACE] PKT7 op=0x43 cnt=3
[TU_TRACE] PKT7 op=0x38 cnt=7
[TU_TRACE] PKT4 reg=0xab30 cnt=8
[TU_TRACE] PKT7 op=0x43 cnt=3
[TU_TRACE] PKT7 op=0x38 cnt=7
[TU_TRACE] PKT4 reg=0xab30 cnt=8
[TU_TRACE] PKT7 op=0x43 cnt=3
[TU_TRACE] PKT7 op=0x38 cnt=7
[TU_TRACE] PKT4 reg=0xab30 cnt=8
[TU_TRACE] PKT7 op=0x43 cnt=3
[TU_TRACE] PKT7 op=0x38 cnt=7
[TU_TRACE] PKT4 reg=0xa00e cnt=2
[TU_TRACE] PKT4 reg=0x9b01 cnt=1
[TU_TRACE] PKT4 reg=0x930f cnt=1
[TU_TRACE] PKT4 reg=0x9b12 cnt=1
[TU_TRACE] PKT4 reg=0x8212 cnt=1
[TU_TRACE] PKT4 reg=0x810b cnt=1
[TU_TRACE] PKT4 reg=0x8898 cnt=1
[TU_TRACE] PKT4 reg=0x8089 cnt=1
[TU_TRACE] PKT4 reg=0x8870 cnt=1
[TU_TRACE] PKT4 reg=0xab30 cnt=8
[TU_TRACE] PKT4 reg=0xab1f cnt=1
[TU_TRACE] PKT7 op=0x43 cnt=90
[TU_TRACE] PKT7 op=0x38 cnt=7
[TU_TRACE] PKT4 reg=0xab30 cnt=8
[TU_TRACE] PKT7 op=0x43 cnt=3
[TU_TRACE] PKT7 op=0x38 cnt=7
[TU_TRACE] PKT4 reg=0xab30 cnt=8
[TU_TRACE] PKT7 op=0x43 cnt=3
[TU_TRACE] PKT7 op=0x38 cnt=7
[TU_TRACE] PKT4 reg=0xab30 cnt=8
[TU_TRACE] PKT7 op=0x43 cnt=3
[TU_TRACE] PKT7 op=0x38 cnt=7
[TU_TRACE] PKT4 reg=0xab30 cnt=8
[TU_TRACE] PKT7 op=0x43 cnt=3
[TU_TRACE] PKT7 op=0x38 cnt=7
[TU_TRACE] PKT4 reg=0xab30 cnt=8
[TU_TRACE] PKT7 op=0x43 cnt=3
[TU_TRACE] PKT7 op=0x38 cnt=7
[TU_TRACE] PKT4 reg=0xab30 cnt=8
[TU_TRACE] PKT7 op=0x43 cnt=3
[TU_TRACE] PKT7 op=0x38 cnt=7
[TU_TRACE] PKT4 reg=0xab30 cnt=8
[TU_TRACE] PKT7 op=0x43 cnt=3
[TU_TRACE] PKT7 op=0x38 cnt=7
[TU_TRACE] PKT4 reg=0xab30 cnt=8
[TU_TRACE] PKT7 op=0x43 cnt=3
[TU_TRACE] PKT7 op=0x38 cnt=7
[TU_TRACE] PKT4 reg=0xab30 cnt=8
[TU_TRACE] PKT7 op=0x43 cnt=3
[TU_TRACE] PKT7 op=0x38 cnt=7
[TU_TRACE] PKT4 reg=0xab30 cnt=8
[TU_TRACE] PKT7 op=0x43 cnt=3
[TU_TRACE] PKT7 op=0x38 cnt=7
[TU_TRACE] PKT4 reg=0xab30 cnt=8
[TU_TRACE] PKT7 op=0x43 cnt=3
[TU_TRACE] PKT7 op=0x38 cnt=7
[TU_TRACE] PKT4 reg=0xab30 cnt=8
[TU_TRACE] PKT7 op=0x43 cnt=3
[TU_TRACE] PKT7 op=0x38 cnt=7
[TU_TRACE] PKT4 reg=0xab30 cnt=8
[TU_TRACE] PKT7 op=0x43 cnt=3
[TU_TRACE] PKT7 op=0x38 cnt=7
[TU_TRACE] PKT4 reg=0xab30 cnt=8
[TU_TRACE] PKT7 op=0x43 cnt=3
[TU_TRACE] PKT7 op=0x38 cnt=7
[TU_TRACE] PKT4 reg=0xab30 cnt=8
[TU_TRACE] PKT7 op=0x43 cnt=3
[TU_TRACE] PKT7 op=0x38 cnt=7
[TU_TRACE] PKT4 reg=0xab30 cnt=8
[TU_TRACE] PKT7 op=0x43 cnt=3
[TU_TRACE] PKT7 op=0x38 cnt=7
[TU_TRACE] PKT4 reg=0xab30 cnt=8
[TU_TRACE] PKT7 op=0x43 cnt=3
[TU_TRACE] PKT7 op=0x38 cnt=7
[TU_TRACE] PKT4 reg=0xab30 cnt=8
[TU_TRACE] PKT7 op=0x43 cnt=3
[TU_TRACE] PKT7 op=0x38 cnt=7
[TU_TRACE] PKT4 reg=0xab30 cnt=8
[TU_TRACE] PKT7 op=0x43 cnt=3
[TU_TRACE] PKT7 op=0x38 cnt=7
[TU_TRACE] PKT7 op=0x17 cnt=1
[TU_TRACE] PKT7 op=0x39 cnt=3
[TU_TRACE] PKT4 reg=0x8235 cnt=2
[TU_TRACE] PKT4 reg=0x8507 cnt=2
[TU_TRACE] PKT4 reg=0x8231 cnt=1
[TU_TRACE] PKT4 reg=0x8800 cnt=1
[TU_TRACE] PKT4 reg=0x88d3 cnt=1
[TU_TRACE] PKT4 reg=0x8812 cnt=1
[TU_TRACE] PKT4 reg=0x88e4 cnt=1
[TU_TRACE] PKT7 op=0x65 cnt=1
[TU_TRACE] PKT7 op=0x1d cnt=1
[TU_TRACE] PKT7 op=0x46 cnt=1
[TU_TRACE] PKT7 op=0x46 cnt=1
[TU_TRACE] PKT7 op=0x46 cnt=1
[TU_TRACE] PKT7 op=0x46 cnt=1
[TU_TRACE] PKT7 op=0x46 cnt=1
[TU_TRACE] PKT7 op=0x26 cnt=0
[TU_TRACE] PKT7 op=0x13 cnt=0
[TU_TRACE] PKT7 op=0x64 cnt=1
[TU_TRACE] PKT7 op=0x63 cnt=1
[TU_TRACE] PKT4 reg=0x8206 cnt=1
[TU_TRACE] PKT4 reg=0x88f5 cnt=1
[TU_TRACE] PKT4 reg=0x8891 cnt=1
[TU_TRACE] PKT7 op=0x46 cnt=3
[TU_TRACE] PKT7 op=0x3f cnt=3
[TU_TRACE] PKT7 op=0x1d cnt=1
[TU_TRACE] PKT4 reg=0x8212 cnt=1
[TU_TRACE] PKT4 reg=0x810b cnt=1
[TU_TRACE] PKT7 op=0x46 cnt=1
[TU_TRACE] PKT7 op=0x46 cnt=4
[TU_TRACE] PKT4 reg=0x8891 cnt=1
[TU_TRACE] PKT7 op=0x46 cnt=3
[TU_TRACE] PKT7 op=0x43 cnt=3
[TU_TRACE] PKT7 op=0x46 cnt=1
[TU_TRACE] PKT7 op=0x46 cnt=1
[TU_TRACE] PKT7 op=0x46 cnt=4
[TU_TRACE] PKT7 op=0x17 cnt=1
[TU_TRACE] PKT7 op=0x46 cnt=1
[TU_TRACE] PKT7 op=0x46 cnt=1
[TU_TRACE] PKT7 op=0x46 cnt=1
[TU_TRACE] PKT7 op=0x46 cnt=1
[TU_TRACE] PKT7 op=0x26 cnt=0
[TU_TRACE] PKT4 reg=0xab1f cnt=1
[TU_TRACE] PKT7 op=0x26 cnt=0
[TU_TRACE] WRITE_REG reg=0x8228 val=0x00000000
[TU_TRACE] PKT4 reg=0x8228 cnt=1
[TU_TRACE] WRITE_REG reg=0x8229 val=0x00000000
[TU_TRACE] PKT4 reg=0x8229 cnt=1
[TU_TRACE] WRITE_REG reg=0x822a val=0x00000000
[TU_TRACE] PKT4 reg=0x822a cnt=1
[TU_TRACE] WRITE_REG reg=0x822b val=0x00000000
[TU_TRACE] PKT4 reg=0x822b cnt=1
[TU_TRACE] WRITE_REG reg=0x822c val=0x00000000
[TU_TRACE] PKT4 reg=0x822c cnt=1
[TU_TRACE] WRITE_REG reg=0x822d val=0x00000000
[TU_TRACE] PKT4 reg=0x822d cnt=1
[TU_TRACE] WRITE_REG reg=0x8818 val=0x00000000
[TU_TRACE] PKT4 reg=0x8818 cnt=1
[TU_TRACE] WRITE_REG reg=0x8819 val=0x00000000
[TU_TRACE] PKT4 reg=0x8819 cnt=1
[TU_TRACE] WRITE_REG reg=0x881a val=0x00000000
[TU_TRACE] PKT4 reg=0x881a cnt=1
[TU_TRACE] WRITE_REG reg=0x881b val=0x00000000
[TU_TRACE] PKT4 reg=0x881b cnt=1
[TU_TRACE] WRITE_REG reg=0x881c val=0x00000000
[TU_TRACE] PKT4 reg=0x881c cnt=1
[TU_TRACE] WRITE_REG reg=0x881d val=0x00000000
[TU_TRACE] PKT4 reg=0x881d cnt=1
[TU_TRACE] WRITE_REG reg=0x881e val=0x00000000
[TU_TRACE] PKT4 reg=0x881e cnt=1
[TU_TRACE] WRITE_REG reg=0x8899 val=0x00000000
[TU_TRACE] PKT4 reg=0x8899 cnt=1
[TU_TRACE] WRITE_REG reg=0x88f1 val=0x00000001
[TU_TRACE] PKT4 reg=0x88f1 cnt=1
[TU_TRACE] WRITE_REG reg=0xab01 val=0x00000000
[TU_TRACE] PKT4 reg=0xab01 cnt=1
[TU_TRACE] WRITE_REG reg=0xab02 val=0x00000000
[TU_TRACE] PKT4 reg=0xab02 cnt=1
[TU_TRACE] WRITE_REG reg=0xab23 val=0x00000000
[TU_TRACE] PKT4 reg=0xab23 cnt=1
[TU_TRACE] WRITE_REG reg=0xb182 val=0x00000004
[TU_TRACE] PKT4 reg=0xb182 cnt=1
[TU_TRACE] WRITE_REG reg=0xb183 val=0x00000000
[TU_TRACE] PKT4 reg=0xb183 cnt=1
[TU_TRACE] WRITE_REG reg=0x980b val=0x00800280
[TU_TRACE] PKT4 reg=0x980b cnt=1
[TU_TRACE] WRITE_REG reg=0x9b00 val=0x00003f00
[TU_TRACE] PKT4 reg=0x9b00 cnt=1
[TU_TRACE] PKT4 reg=0x8130 cnt=1
[TU_TRACE] PKT4 reg=0x8131 cnt=1
[TU_TRACE] WRITE_REG reg=0xae0f val=0x0000003f
[TU_TRACE] PKT4 reg=0xae0f cnt=1
[TU_TRACE] PKT4 reg=0xab09 cnt=1
[TU_TRACE] WRITE_REG reg=0xb182 val=0x00000000
[TU_TRACE] PKT4 reg=0xb182 cnt=1
[TU_TRACE] WRITE_REG reg=0xa9a8 val=0x00000000
[TU_TRACE] PKT4 reg=0xa9a8 cnt=1
[TU_TRACE] PKT4 reg=0xab00 cnt=1
[TU_TRACE] PKT4 reg=0xa009 cnt=1
[TU_TRACE] WRITE_REG reg=0x8811 val=0x00000010
[TU_TRACE] PKT4 reg=0x8811 cnt=1
[TU_TRACE] PKT4 reg=0x8213 cnt=1
[TU_TRACE] WRITE_REG reg=0x8818 val=0x00000000
[TU_TRACE] PKT4 reg=0x8818 cnt=1
[TU_TRACE] PKT4 reg=0x9310 cnt=1
[TU_TRACE] PKT4 reg=0x9312 cnt=1
[TU_TRACE] PKT4 reg=0x9305 cnt=1
[TU_TRACE] WRITE_REG reg=0xb183 val=0x00000000
[TU_TRACE] PKT4 reg=0xb183 cnt=1
[TU_TRACE] PKT4 reg=0x8234 cnt=1
[TU_TRACE] PKT4 reg=0xb309 cnt=1
[TU_TRACE] PKT4 reg=0xa9cb cnt=1
[TU_TRACE] WRITE_REG reg=0xa007 val=0x00000000
[TU_TRACE] PKT4 reg=0xa007 cnt=1
[TU_TRACE] PKT4 reg=0x8864 cnt=1
[TU_TRACE] PKT4 reg=0xaa0c cnt=1
[TU_TRACE] PKT4 reg=0xb302 cnt=2
[TU_TRACE] PKT4 reg=0xb180 cnt=2
[TU_TRACE] PKT4 reg=0x9814 cnt=1
[TU_TRACE] PKT4 reg=0x9815 cnt=1
[TU_TRACE] PKT4 reg=0xa980 cnt=1
[TU_TRACE] PKT4 reg=0xa827 cnt=1
[TU_TRACE] PKT4 reg=0x9313 cnt=1
[TU_TRACE] PKT4 reg=0x8c34 cnt=1
[TU_TRACE] PKT4 reg=0x88e5 cnt=1
[TU_TRACE] PKT7 op=0x43 cnt=3
[TU_TRACE] PKT7 op=0x1b cnt=2
[TU_TRACE] PKT7 op=0x17 cnt=1
[TU_TRACE] PKT7 op=0x55 cnt=3
[TU_TRACE] PKT7 op=0x17 cnt=1
[TU_TRACE] PKT7 op=0x55 cnt=3
[TU_TRACE] PKT7 op=0x17 cnt=1
[TU_TRACE] PKT7 op=0x39 cnt=3
[TU_TRACE] PKT7 op=0x55 cnt=3
[TU_TRACE] PKT7 op=0x55 cnt=3
[TU_TRACE] PKT7 op=0x17 cnt=1
[TU_TRACE] PKT4 reg=0x8212 cnt=1
[TU_TRACE] PKT4 reg=0x810b cnt=1
[TU_TRACE] PKT7 op=0x47 cnt=2
[TU_TRACE] PKT7 op=0x47 cnt=2
[TU_TRACE] PKT4 reg=0x88d1 cnt=2
[TU_TRACE] PKT4 reg=0x88df cnt=4
[TU_TRACE] PKT4 reg=0x88d5 cnt=1
[TU_TRACE] PKT4 reg=0x88d0 cnt=1
[TU_TRACE] PKT4 reg=0x88e3 cnt=1
[TU_TRACE] PKT4 reg=0x88d7 cnt=4
[TU_TRACE] PKT4 reg=0x88dc cnt=3
[TU_TRACE] PKT4 reg=0x88d6 cnt=1
[TU_TRACE] PKT7 op=0x46 cnt=1
[TU_TRACE] PKT7 op=0x46 cnt=1
[TU_TRACE] PKT4 reg=0x8872 cnt=6
[TU_TRACE] PKT4 reg=0x808d cnt=1
[TU_TRACE] PKT4 reg=0x8881 cnt=1
[TU_TRACE] PKT4 reg=0x808e cnt=2
[TU_TRACE] PKT4 reg=0x8092 cnt=1
[TU_TRACE] PKT4 reg=0x8090 cnt=2
[TU_TRACE] PKT7 op=0x46 cnt=1
[TU_TRACE] PKT7 op=0x43 cnt=6
[TU_TRACE] PKT4 reg=0xa010 cnt=3
[TU_TRACE] PKT4 reg=0x9b15 cnt=1
[TU_TRACE] PKT4 reg=0xa00e cnt=2
[TU_TRACE] PKT4 reg=0x9b01 cnt=1
[TU_TRACE] PKT4 reg=0x930f cnt=1
[TU_TRACE] PKT4 reg=0x9b12 cnt=1
[TU_TRACE] PKT4 reg=0x8212 cnt=1
[TU_TRACE] PKT4 reg=0x810b cnt=1
[TU_TRACE] PKT4 reg=0x8898 cnt=1
[TU_TRACE] PKT4 reg=0x8089 cnt=1
[TU_TRACE] PKT4 reg=0x8870 cnt=1
[TU_TRACE] PKT4 reg=0xab30 cnt=8
[TU_TRACE] PKT4 reg=0xab1f cnt=1
[TU_TRACE] PKT7 op=0x43 cnt=90
[TU_TRACE] PKT7 op=0x38 cnt=7
[TU_TRACE] PKT4 reg=0xab30 cnt=8
[TU_TRACE] PKT7 op=0x43 cnt=3
[TU_TRACE] PKT7 op=0x38 cnt=7
[TU_TRACE] PKT4 reg=0xab30 cnt=8
[TU_TRACE] PKT7 op=0x43 cnt=3
[TU_TRACE] PKT7 op=0x38 cnt=7
[TU_TRACE] PKT4 reg=0xab30 cnt=8
[TU_TRACE] PKT7 op=0x43 cnt=3
[TU_TRACE] PKT7 op=0x38 cnt=7
[TU_TRACE] PKT4 reg=0xab30 cnt=8
[TU_TRACE] PKT7 op=0x43 cnt=3
[TU_TRACE] PKT7 op=0x38 cnt=7
[TU_TRACE] PKT4 reg=0xab30 cnt=8
[TU_TRACE] PKT7 op=0x43 cnt=3
[TU_TRACE] PKT7 op=0x38 cnt=7
[TU_TRACE] PKT4 reg=0xab30 cnt=8
[TU_TRACE] PKT7 op=0x43 cnt=3
[TU_TRACE] PKT7 op=0x38 cnt=7
[TU_TRACE] PKT4 reg=0xab30 cnt=8
[TU_TRACE] PKT7 op=0x43 cnt=3
[TU_TRACE] PKT7 op=0x38 cnt=7
[TU_TRACE] PKT4 reg=0xab30 cnt=8
[TU_TRACE] PKT7 op=0x43 cnt=3
[TU_TRACE] PKT7 op=0x38 cnt=7
[TU_TRACE] PKT4 reg=0xab30 cnt=8
[TU_TRACE] PKT7 op=0x43 cnt=3
[TU_TRACE] PKT7 op=0x38 cnt=7
[TU_TRACE] PKT4 reg=0xab30 cnt=8
[TU_TRACE] PKT7 op=0x43 cnt=3
[TU_TRACE] PKT7 op=0x38 cnt=7
[TU_TRACE] PKT4 reg=0xab30 cnt=8
[TU_TRACE] PKT7 op=0x43 cnt=3
[TU_TRACE] PKT7 op=0x38 cnt=7
[TU_TRACE] PKT4 reg=0xab30 cnt=8
[TU_TRACE] PKT7 op=0x43 cnt=3
[TU_TRACE] PKT7 op=0x38 cnt=7
[TU_TRACE] PKT4 reg=0xab30 cnt=8
[TU_TRACE] PKT7 op=0x43 cnt=3
[TU_TRACE] PKT7 op=0x38 cnt=7
[TU_TRACE] PKT4 reg=0xab30 cnt=8
[TU_TRACE] PKT7 op=0x43 cnt=3
[TU_TRACE] PKT7 op=0x38 cnt=7
[TU_TRACE] PKT4 reg=0xab30 cnt=8
[TU_TRACE] PKT7 op=0x43 cnt=3
[TU_TRACE] PKT7 op=0x38 cnt=7
[TU_TRACE] PKT4 reg=0xab30 cnt=8
[TU_TRACE] PKT7 op=0x43 cnt=3
[TU_TRACE] PKT7 op=0x38 cnt=7
[TU_TRACE] PKT4 reg=0xab30 cnt=8
[TU_TRACE] PKT7 op=0x43 cnt=3
[TU_TRACE] PKT7 op=0x38 cnt=7
[TU_TRACE] PKT4 reg=0xab30 cnt=8
[TU_TRACE] PKT7 op=0x43 cnt=3
[TU_TRACE] PKT7 op=0x38 cnt=7
[TU_TRACE] PKT4 reg=0xab30 cnt=8
[TU_TRACE] PKT7 op=0x43 cnt=3
[TU_TRACE] PKT7 op=0x38 cnt=7
[TU_TRACE] PKT4 reg=0xa00e cnt=2
[TU_TRACE] PKT4 reg=0x9b01 cnt=1
[TU_TRACE] PKT4 reg=0x930f cnt=1
[TU_TRACE] PKT4 reg=0x9b12 cnt=1
[TU_TRACE] PKT4 reg=0x8212 cnt=1
[TU_TRACE] PKT4 reg=0x810b cnt=1
[TU_TRACE] PKT4 reg=0x8898 cnt=1
[TU_TRACE] PKT4 reg=0x8089 cnt=1
[TU_TRACE] PKT4 reg=0x8870 cnt=1
[TU_TRACE] PKT4 reg=0xab30 cnt=8
[TU_TRACE] PKT4 reg=0xab1f cnt=1
[TU_TRACE] PKT7 op=0x43 cnt=90
[TU_TRACE] PKT7 op=0x38 cnt=7
[TU_TRACE] PKT4 reg=0xab30 cnt=8
[TU_TRACE] PKT7 op=0x43 cnt=3
[TU_TRACE] PKT7 op=0x38 cnt=7
[TU_TRACE] PKT4 reg=0xab30 cnt=8
[TU_TRACE] PKT7 op=0x43 cnt=3
[TU_TRACE] PKT7 op=0x38 cnt=7
[TU_TRACE] PKT4 reg=0xab30 cnt=8
[TU_TRACE] PKT7 op=0x43 cnt=3
[TU_TRACE] PKT7 op=0x38 cnt=7
[TU_TRACE] PKT4 reg=0xab30 cnt=8
[TU_TRACE] PKT7 op=0x43 cnt=3
[TU_TRACE] PKT7 op=0x38 cnt=7
[TU_TRACE] PKT4 reg=0xab30 cnt=8
[TU_TRACE] PKT7 op=0x43 cnt=3
[TU_TRACE] PKT7 op=0x38 cnt=7
[TU_TRACE] PKT4 reg=0xab30 cnt=8
[TU_TRACE] PKT7 op=0x43 cnt=3
[TU_TRACE] PKT7 op=0x38 cnt=7
[TU_TRACE] PKT4 reg=0xab30 cnt=8
[TU_TRACE] PKT7 op=0x43 cnt=3
[TU_TRACE] PKT7 op=0x38 cnt=7
[TU_TRACE] PKT4 reg=0xab30 cnt=8
[TU_TRACE] PKT7 op=0x43 cnt=3
[TU_TRACE] PKT7 op=0x38 cnt=7
[TU_TRACE] PKT4 reg=0xab30 cnt=8
[TU_TRACE] PKT7 op=0x43 cnt=3
[TU_TRACE] PKT7 op=0x38 cnt=7
[TU_TRACE] PKT4 reg=0xab30 cnt=8
[TU_TRACE] PKT7 op=0x43 cnt=3
[TU_TRACE] PKT7 op=0x38 cnt=7
[TU_TRACE] PKT4 reg=0xab30 cnt=8
[TU_TRACE] PKT7 op=0x43 cnt=3
[TU_TRACE] PKT7 op=0x38 cnt=7
[TU_TRACE] PKT4 reg=0xab30 cnt=8
[TU_TRACE] PKT7 op=0x43 cnt=3
[TU_TRACE] PKT7 op=0x38 cnt=7
[TU_TRACE] PKT4 reg=0xab30 cnt=8
[TU_TRACE] PKT7 op=0x43 cnt=3
[TU_TRACE] PKT7 op=0x38 cnt=7
[TU_TRACE] PKT4 reg=0xab30 cnt=8
[TU_TRACE] PKT7 op=0x43 cnt=3
[TU_TRACE] PKT7 op=0x38 cnt=7
[TU_TRACE] PKT4 reg=0xab30 cnt=8
[TU_TRACE] PKT7 op=0x43 cnt=3
[TU_TRACE] PKT7 op=0x38 cnt=7
[TU_TRACE] PKT4 reg=0xab30 cnt=8
[TU_TRACE] PKT7 op=0x43 cnt=3
[TU_TRACE] PKT7 op=0x38 cnt=7
[TU_TRACE] PKT4 reg=0xab30 cnt=8
[TU_TRACE] PKT7 op=0x43 cnt=3
[TU_TRACE] PKT7 op=0x38 cnt=7
[TU_TRACE] PKT4 reg=0xab30 cnt=8
[TU_TRACE] PKT7 op=0x43 cnt=3
[TU_TRACE] PKT7 op=0x38 cnt=7
[TU_TRACE] PKT4 reg=0xab30 cnt=8
[TU_TRACE] PKT7 op=0x43 cnt=3
[TU_TRACE] PKT7 op=0x38 cnt=7
[TU_TRACE] PKT4 reg=0xa00e cnt=2
[TU_TRACE] PKT4 reg=0x9b01 cnt=1
[TU_TRACE] PKT4 reg=0x930f cnt=1
[TU_TRACE] PKT4 reg=0x9b12 cnt=1
[TU_TRACE] PKT4 reg=0x8212 cnt=1
[TU_TRACE] PKT4 reg=0x810b cnt=1
[TU_TRACE] PKT4 reg=0x8898 cnt=1
[TU_TRACE] PKT4 reg=0x8089 cnt=1
[TU_TRACE] PKT4 reg=0x8870 cnt=1
[TU_TRACE] PKT4 reg=0xab30 cnt=8
[TU_TRACE] PKT4 reg=0xab1f cnt=1
[TU_TRACE] PKT7 op=0x43 cnt=90
[TU_TRACE] PKT7 op=0x38 cnt=7
[TU_TRACE] PKT4 reg=0xab30 cnt=8
[TU_TRACE] PKT7 op=0x43 cnt=3
[TU_TRACE] PKT7 op=0x38 cnt=7
[TU_TRACE] PKT4 reg=0xab30 cnt=8
[TU_TRACE] PKT7 op=0x43 cnt=3
[TU_TRACE] PKT7 op=0x38 cnt=7
[TU_TRACE] PKT4 reg=0xab30 cnt=8
[TU_TRACE] PKT7 op=0x43 cnt=3
[TU_TRACE] PKT7 op=0x38 cnt=7
[TU_TRACE] PKT4 reg=0xab30 cnt=8
[TU_TRACE] PKT7 op=0x43 cnt=3
[TU_TRACE] PKT7 op=0x38 cnt=7
[TU_TRACE] PKT4 reg=0xab30 cnt=8
[TU_TRACE] PKT7 op=0x43 cnt=3
[TU_TRACE] PKT7 op=0x38 cnt=7
[TU_TRACE] PKT4 reg=0xab30 cnt=8
[TU_TRACE] PKT7 op=0x43 cnt=3
[TU_TRACE] PKT7 op=0x38 cnt=7
[TU_TRACE] PKT4 reg=0xab30 cnt=8
[TU_TRACE] PKT7 op=0x43 cnt=3
[TU_TRACE] PKT7 op=0x38 cnt=7
[TU_TRACE] PKT4 reg=0xab30 cnt=8
[TU_TRACE] PKT7 op=0x43 cnt=3
[TU_TRACE] PKT7 op=0x38 cnt=7
[TU_TRACE] PKT4 reg=0xab30 cnt=8
[TU_TRACE] PKT7 op=0x43 cnt=3
[TU_TRACE] PKT7 op=0x38 cnt=7
[TU_TRACE] PKT4 reg=0xab30 cnt=8
[TU_TRACE] PKT7 op=0x43 cnt=3
[TU_TRACE] PKT7 op=0x38 cnt=7
[TU_TRACE] PKT4 reg=0xab30 cnt=8
[TU_TRACE] PKT7 op=0x43 cnt=3
[TU_TRACE] PKT7 op=0x38 cnt=7
[TU_TRACE] PKT4 reg=0xab30 cnt=8
[TU_TRACE] PKT7 op=0x43 cnt=3
[TU_TRACE] PKT7 op=0x38 cnt=7
[TU_TRACE] PKT4 reg=0xab30 cnt=8
[TU_TRACE] PKT7 op=0x43 cnt=3
[TU_TRACE] PKT7 op=0x38 cnt=7
[TU_TRACE] PKT4 reg=0xab30 cnt=8
[TU_TRACE] PKT7 op=0x43 cnt=3
[TU_TRACE] PKT7 op=0x38 cnt=7
[TU_TRACE] PKT4 reg=0xab30 cnt=8
[TU_TRACE] PKT7 op=0x43 cnt=3
[TU_TRACE] PKT7 op=0x38 cnt=7
[TU_TRACE] PKT4 reg=0xab30 cnt=8
[TU_TRACE] PKT7 op=0x43 cnt=3
[TU_TRACE] PKT7 op=0x38 cnt=7
[TU_TRACE] PKT4 reg=0xab30 cnt=8
[TU_TRACE] PKT7 op=0x43 cnt=3
[TU_TRACE] PKT7 op=0x38 cnt=7
[TU_TRACE] PKT4 reg=0xab30 cnt=8
[TU_TRACE] PKT7 op=0x43 cnt=3
[TU_TRACE] PKT7 op=0x38 cnt=7
[TU_TRACE] PKT4 reg=0xab30 cnt=8
[TU_TRACE] PKT7 op=0x43 cnt=3
[TU_TRACE] PKT7 op=0x38 cnt=7
[TU_TRACE] PKT4 reg=0xa00e cnt=2
[TU_TRACE] PKT4 reg=0x9b01 cnt=1
[TU_TRACE] PKT4 reg=0x930f cnt=1
[TU_TRACE] PKT4 reg=0x9b12 cnt=1
[TU_TRACE] PKT4 reg=0x8212 cnt=1
[TU_TRACE] PKT4 reg=0x810b cnt=1
[TU_TRACE] PKT4 reg=0x8898 cnt=1
[TU_TRACE] PKT4 reg=0x8089 cnt=1
[TU_TRACE] PKT4 reg=0x8870 cnt=1
[TU_TRACE] PKT4 reg=0xab30 cnt=8
[TU_TRACE] PKT4 reg=0xab1f cnt=1
[TU_TRACE] PKT7 op=0x43 cnt=90
[TU_TRACE] PKT7 op=0x38 cnt=7
[TU_TRACE] PKT4 reg=0xab30 cnt=8
[TU_TRACE] PKT7 op=0x43 cnt=3
[TU_TRACE] PKT7 op=0x38 cnt=7
[TU_TRACE] PKT4 reg=0xab30 cnt=8
[TU_TRACE] PKT7 op=0x43 cnt=3
[TU_TRACE] PKT7 op=0x38 cnt=7
[TU_TRACE] PKT4 reg=0xab30 cnt=8
[TU_TRACE] PKT7 op=0x43 cnt=3
[TU_TRACE] PKT7 op=0x38 cnt=7
[TU_TRACE] PKT4 reg=0xab30 cnt=8
[TU_TRACE] PKT7 op=0x43 cnt=3
[TU_TRACE] PKT7 op=0x38 cnt=7
[TU_TRACE] PKT4 reg=0xab30 cnt=8
[TU_TRACE] PKT7 op=0x43 cnt=3
[TU_TRACE] PKT7 op=0x38 cnt=7
[TU_TRACE] PKT4 reg=0xab30 cnt=8
[TU_TRACE] PKT7 op=0x43 cnt=3
[TU_TRACE] PKT7 op=0x38 cnt=7
[TU_TRACE] PKT4 reg=0xab30 cnt=8
[TU_TRACE] PKT7 op=0x43 cnt=3
[TU_TRACE] PKT7 op=0x38 cnt=7
[TU_TRACE] PKT4 reg=0xab30 cnt=8
[TU_TRACE] PKT7 op=0x43 cnt=3
[TU_TRACE] PKT7 op=0x38 cnt=7
[TU_TRACE] PKT4 reg=0xab30 cnt=8
[TU_TRACE] PKT7 op=0x43 cnt=3
[TU_TRACE] PKT7 op=0x38 cnt=7
[TU_TRACE] PKT4 reg=0xab30 cnt=8
[TU_TRACE] PKT7 op=0x43 cnt=3
[TU_TRACE] PKT7 op=0x38 cnt=7
[TU_TRACE] PKT4 reg=0xab30 cnt=8
[TU_TRACE] PKT7 op=0x43 cnt=3
[TU_TRACE] PKT7 op=0x38 cnt=7
[TU_TRACE] PKT4 reg=0xab30 cnt=8
[TU_TRACE] PKT7 op=0x43 cnt=3
[TU_TRACE] PKT7 op=0x38 cnt=7
[TU_TRACE] PKT4 reg=0xab30 cnt=8
[TU_TRACE] PKT7 op=0x43 cnt=3
[TU_TRACE] PKT7 op=0x38 cnt=7
[TU_TRACE] PKT4 reg=0xab30 cnt=8
[TU_TRACE] PKT7 op=0x43 cnt=3
[TU_TRACE] PKT7 op=0x38 cnt=7
[TU_TRACE] PKT4 reg=0xab30 cnt=8
[TU_TRACE] PKT7 op=0x43 cnt=3
[TU_TRACE] PKT7 op=0x38 cnt=7
[TU_TRACE] PKT4 reg=0xab30 cnt=8
[TU_TRACE] PKT7 op=0x43 cnt=3
[TU_TRACE] PKT7 op=0x38 cnt=7
[TU_TRACE] PKT4 reg=0xab30 cnt=8
[TU_TRACE] PKT7 op=0x43 cnt=3
[TU_TRACE] PKT7 op=0x38 cnt=7
[TU_TRACE] PKT4 reg=0xab30 cnt=8
[TU_TRACE] PKT7 op=0x43 cnt=3
[TU_TRACE] PKT7 op=0x38 cnt=7
[TU_TRACE] PKT4 reg=0xab30 cnt=8
[TU_TRACE] PKT7 op=0x43 cnt=3
[TU_TRACE] PKT7 op=0x38 cnt=7
[TU_TRACE] PKT4 reg=0xa00e cnt=2
[TU_TRACE] PKT4 reg=0x9b01 cnt=1
[TU_TRACE] PKT4 reg=0x930f cnt=1
[TU_TRACE] PKT4 reg=0x9b12 cnt=1
[TU_TRACE] PKT4 reg=0x8212 cnt=1
[TU_TRACE] PKT4 reg=0x810b cnt=1
[TU_TRACE] PKT4 reg=0x8898 cnt=1
[TU_TRACE] PKT4 reg=0x8089 cnt=1
[TU_TRACE] PKT4 reg=0x8870 cnt=1
[TU_TRACE] PKT4 reg=0xab30 cnt=8
[TU_TRACE] PKT4 reg=0xab1f cnt=1
[TU_TRACE] PKT7 op=0x43 cnt=90
[TU_TRACE] PKT7 op=0x38 cnt=7
[TU_TRACE] PKT4 reg=0xab30 cnt=8
[TU_TRACE] PKT7 op=0x43 cnt=3
[TU_TRACE] PKT7 op=0x38 cnt=7
[TU_TRACE] PKT4 reg=0xab30 cnt=8
[TU_TRACE] PKT7 op=0x43 cnt=3
[TU_TRACE] PKT7 op=0x38 cnt=7
[TU_TRACE] PKT4 reg=0xab30 cnt=8
[TU_TRACE] PKT7 op=0x43 cnt=3
[TU_TRACE] PKT7 op=0x38 cnt=7
[TU_TRACE] PKT4 reg=0xab30 cnt=8
[TU_TRACE] PKT7 op=0x43 cnt=3
[TU_TRACE] PKT7 op=0x38 cnt=7
[TU_TRACE] PKT4 reg=0xab30 cnt=8
[TU_TRACE] PKT7 op=0x43 cnt=3
[TU_TRACE] PKT7 op=0x38 cnt=7
[TU_TRACE] PKT4 reg=0xab30 cnt=8
[TU_TRACE] PKT7 op=0x43 cnt=3
[TU_TRACE] PKT7 op=0x38 cnt=7
[TU_TRACE] PKT4 reg=0xab30 cnt=8
[TU_TRACE] PKT7 op=0x43 cnt=3
[TU_TRACE] PKT7 op=0x38 cnt=7
[TU_TRACE] PKT4 reg=0xab30 cnt=8
[TU_TRACE] PKT7 op=0x43 cnt=3
[TU_TRACE] PKT7 op=0x38 cnt=7
[TU_TRACE] PKT4 reg=0xab30 cnt=8
[TU_TRACE] PKT7 op=0x43 cnt=3
[TU_TRACE] PKT7 op=0x38 cnt=7
[TU_TRACE] PKT4 reg=0xab30 cnt=8
[TU_TRACE] PKT7 op=0x43 cnt=3
[TU_TRACE] PKT7 op=0x38 cnt=7
[TU_TRACE] PKT4 reg=0xab30 cnt=8
[TU_TRACE] PKT7 op=0x43 cnt=3
[TU_TRACE] PKT7 op=0x38 cnt=7
[TU_TRACE] PKT4 reg=0xab30 cnt=8
[TU_TRACE] PKT7 op=0x43 cnt=3
[TU_TRACE] PKT7 op=0x38 cnt=7
[TU_TRACE] PKT4 reg=0xab30 cnt=8
[TU_TRACE] PKT7 op=0x43 cnt=3
[TU_TRACE] PKT7 op=0x38 cnt=7
[TU_TRACE] PKT4 reg=0xab30 cnt=8
[TU_TRACE] PKT7 op=0x43 cnt=3
[TU_TRACE] PKT7 op=0x38 cnt=7
[TU_TRACE] PKT4 reg=0xab30 cnt=8
[TU_TRACE] PKT7 op=0x43 cnt=3
[TU_TRACE] PKT7 op=0x38 cnt=7
[TU_TRACE] PKT4 reg=0xab30 cnt=8
[TU_TRACE] PKT7 op=0x43 cnt=3
[TU_TRACE] PKT7 op=0x38 cnt=7
[TU_TRACE] PKT4 reg=0xab30 cnt=8
[TU_TRACE] PKT7 op=0x43 cnt=3
[TU_TRACE] PKT7 op=0x38 cnt=7
[TU_TRACE] PKT4 reg=0xab30 cnt=8
[TU_TRACE] PKT7 op=0x43 cnt=3
[TU_TRACE] PKT7 op=0x38 cnt=7
[TU_TRACE] PKT4 reg=0xab30 cnt=8
[TU_TRACE] PKT7 op=0x43 cnt=3
[TU_TRACE] PKT7 op=0x38 cnt=7
[TU_TRACE] PKT7 op=0x65 cnt=1
[TU_TRACE] PKT4 reg=0x88d1 cnt=2
[TU_TRACE] PKT4 reg=0x88df cnt=4
[TU_TRACE] PKT4 reg=0x88d5 cnt=1
[TU_TRACE] PKT4 reg=0x88d0 cnt=1
[TU_TRACE] PKT4 reg=0x88e3 cnt=1
[TU_TRACE] PKT4 reg=0x88d7 cnt=4
[TU_TRACE] PKT4 reg=0x88dc cnt=3
[TU_TRACE] PKT4 reg=0x88d6 cnt=1
[TU_TRACE] PKT7 op=0x46 cnt=1
[TU_TRACE] PKT7 op=0x46 cnt=1
[TU_TRACE] PKT7 op=0x46 cnt=1
[TU_TRACE] PKT7 op=0x46 cnt=1
[TU_TRACE] PKT7 op=0x46 cnt=1
[TU_TRACE] PKT7 op=0x46 cnt=1
[TU_TRACE] PKT7 op=0x46 cnt=1
[TU_TRACE] PKT7 op=0x26 cnt=0
[TU_TRACE] PKT7 op=0x13 cnt=0
[TU_TRACE] PKT4 reg=0x88e5 cnt=1
[TU_TRACE] PKT7 op=0x17 cnt=1
[TU_TRACE] PKT7 op=0x17 cnt=1
[TU_TRACE] PKT4 reg=0x8812 cnt=1
[TU_TRACE] PKT4 reg=0x88e4 cnt=1
[TU_TRACE] PKT7 op=0x17 cnt=1
[TU_TRACE] PKT7 op=0x39 cnt=3
[TU_TRACE] PKT7 op=0x1d cnt=1
[TU_TRACE] PKT4 reg=0x8206 cnt=1
[TU_TRACE] PKT4 reg=0x88f5 cnt=1
[TU_TRACE] PKT4 reg=0x0c38 cnt=1
[TU_TRACE] PKT7 op=0x3e cnt=3
[TU_TRACE] PKT7 op=0x12 cnt=0
[TU_TRACE] PKT7 op=0x13 cnt=0
[TU_TRACE] PKT7 op=0x17 cnt=1
[TU_TRACE] PKT7 op=0x49 cnt=4
[TU_TRACE] PKT7 op=0x39 cnt=3
[TU_TRACE] PKT4 reg=0x8891 cnt=1
[TU_TRACE] PKT7 op=0x46 cnt=3
[TU_TRACE] PKT7 op=0x65 cnt=1
[TU_TRACE] PKT4 reg=0x8231 cnt=1
[TU_TRACE] PKT4 reg=0x8800 cnt=1
[TU_TRACE] PKT4 reg=0x88d3 cnt=1
[TU_TRACE] PKT4 reg=0xa007 cnt=1
[TU_TRACE] PKT4 reg=0x8235 cnt=2
[TU_TRACE] PKT4 reg=0x8507 cnt=2
[TU_TRACE] PKT7 op=0x64 cnt=1
[TU_TRACE] PKT7 op=0x63 cnt=1
[TU_TRACE] PKT4 reg=0x8206 cnt=1
[TU_TRACE] PKT4 reg=0x88f5 cnt=1
[TU_TRACE] PKT7 op=0x3f cnt=3
[TU_TRACE] PKT7 op=0x1d cnt=1
[TU_TRACE] PKT7 op=0x3f cnt=3
[TU_TRACE] PKT7 op=0x26 cnt=0
[TU_TRACE] PKT7 op=0x65 cnt=1
[TU_TRACE] PKT4 reg=0x8212 cnt=1
[TU_TRACE] PKT4 reg=0x810b cnt=1
[TU_TRACE] PKT7 op=0x46 cnt=1
[TU_TRACE] PKT7 op=0x46 cnt=4
[TU_TRACE] PKT7 op=0x46 cnt=1
[TU_TRACE] PKT4 reg=0x8891 cnt=1
[TU_TRACE] PKT7 op=0x46 cnt=3
[TU_TRACE] PKT7 op=0x43 cnt=3
[TU_TRACE] PKT7 op=0x46 cnt=1
[TU_TRACE] PKT7 op=0x46 cnt=1
[TU_TRACE] PKT7 op=0x46 cnt=4
[TU_TRACE] PKT7 op=0x17 cnt=1
[TU_TRACE] PKT7 op=0x46 cnt=1
[TU_TRACE] PKT7 op=0x46 cnt=1
[TU_TRACE] PKT7 op=0x46 cnt=1
[TU_TRACE] PKT7 op=0x46 cnt=1
[TU_TRACE] PKT7 op=0x26 cnt=0
[TU_TRACE] PKT4 reg=0xab1f cnt=1
[TU_TRACE] PKT7 op=0x26 cnt=0
[TU_TRACE] WRITE_REG reg=0x8228 val=0x00000000
[TU_TRACE] PKT4 reg=0x8228 cnt=1
[TU_TRACE] WRITE_REG reg=0x8229 val=0x00000000
[TU_TRACE] PKT4 reg=0x8229 cnt=1
[TU_TRACE] WRITE_REG reg=0x822a val=0x00000000
[TU_TRACE] PKT4 reg=0x822a cnt=1
[TU_TRACE] WRITE_REG reg=0x822b val=0x00000000
[TU_TRACE] PKT4 reg=0x822b cnt=1
[TU_TRACE] WRITE_REG reg=0x822c val=0x00000000
[TU_TRACE] PKT4 reg=0x822c cnt=1
[TU_TRACE] WRITE_REG reg=0x822d val=0x00000000
[TU_TRACE] PKT4 reg=0x822d cnt=1
[TU_TRACE] WRITE_REG reg=0x8818 val=0x00000000
[TU_TRACE] PKT4 reg=0x8818 cnt=1
[TU_TRACE] WRITE_REG reg=0x8819 val=0x00000000
[TU_TRACE] PKT4 reg=0x8819 cnt=1
[TU_TRACE] WRITE_REG reg=0x881a val=0x00000000
[TU_TRACE] PKT4 reg=0x881a cnt=1
[TU_TRACE] WRITE_REG reg=0x881b val=0x00000000
[TU_TRACE] PKT4 reg=0x881b cnt=1
[TU_TRACE] WRITE_REG reg=0x881c val=0x00000000
[TU_TRACE] PKT4 reg=0x881c cnt=1
[TU_TRACE] WRITE_REG reg=0x881d val=0x00000000
[TU_TRACE] PKT4 reg=0x881d cnt=1
[TU_TRACE] WRITE_REG reg=0x881e val=0x00000000
[TU_TRACE] PKT4 reg=0x881e cnt=1
[TU_TRACE] WRITE_REG reg=0x8899 val=0x00000000
[TU_TRACE] PKT4 reg=0x8899 cnt=1
[TU_TRACE] WRITE_REG reg=0x88f1 val=0x00000001
[TU_TRACE] PKT4 reg=0x88f1 cnt=1
[TU_TRACE] WRITE_REG reg=0xab01 val=0x00000000
[TU_TRACE] PKT4 reg=0xab01 cnt=1
[TU_TRACE] WRITE_REG reg=0xab02 val=0x00000000
[TU_TRACE] PKT4 reg=0xab02 cnt=1
[TU_TRACE] WRITE_REG reg=0xab23 val=0x00000000
[TU_TRACE] PKT4 reg=0xab23 cnt=1
[TU_TRACE] WRITE_REG reg=0xb182 val=0x00000004
[TU_TRACE] PKT4 reg=0xb182 cnt=1
[TU_TRACE] WRITE_REG reg=0xb183 val=0x00000000
[TU_TRACE] PKT4 reg=0xb183 cnt=1
[TU_TRACE] WRITE_REG reg=0x980b val=0x00800280
[TU_TRACE] PKT4 reg=0x980b cnt=1
[TU_TRACE] WRITE_REG reg=0x9b00 val=0x00003f00
[TU_TRACE] PKT4 reg=0x9b00 cnt=1
[TU_TRACE] PKT4 reg=0x8130 cnt=1
[TU_TRACE] PKT4 reg=0x8131 cnt=1
[TU_TRACE] WRITE_REG reg=0xae0f val=0x0000003f
[TU_TRACE] PKT4 reg=0xae0f cnt=1
[TU_TRACE] PKT4 reg=0xab09 cnt=1
[TU_TRACE] WRITE_REG reg=0xb182 val=0x00000000
[TU_TRACE] PKT4 reg=0xb182 cnt=1
[TU_TRACE] WRITE_REG reg=0xa9a8 val=0x00000000
[TU_TRACE] PKT4 reg=0xa9a8 cnt=1
[TU_TRACE] PKT4 reg=0xab00 cnt=1
[TU_TRACE] PKT4 reg=0xa009 cnt=1
[TU_TRACE] WRITE_REG reg=0x8811 val=0x00000010
[TU_TRACE] PKT4 reg=0x8811 cnt=1
[TU_TRACE] PKT4 reg=0x8213 cnt=1
[TU_TRACE] WRITE_REG reg=0x8818 val=0x00000000
[TU_TRACE] PKT4 reg=0x8818 cnt=1
[TU_TRACE] PKT4 reg=0x9310 cnt=1
[TU_TRACE] PKT4 reg=0x9312 cnt=1
[TU_TRACE] PKT4 reg=0x9305 cnt=1
[TU_TRACE] WRITE_REG reg=0xb183 val=0x00000000
[TU_TRACE] PKT4 reg=0xb183 cnt=1
[TU_TRACE] PKT4 reg=0x8234 cnt=1
[TU_TRACE] PKT4 reg=0xb309 cnt=1
[TU_TRACE] PKT4 reg=0xa9cb cnt=1
[TU_TRACE] WRITE_REG reg=0xa007 val=0x00000000
[TU_TRACE] PKT4 reg=0xa007 cnt=1
[TU_TRACE] PKT4 reg=0x8864 cnt=1
[TU_TRACE] PKT4 reg=0xaa0c cnt=1
[TU_TRACE] PKT4 reg=0xb302 cnt=2
[TU_TRACE] PKT4 reg=0xb180 cnt=2
[TU_TRACE] PKT4 reg=0x9814 cnt=1
[TU_TRACE] PKT4 reg=0x9815 cnt=1
[TU_TRACE] PKT4 reg=0xa980 cnt=1
[TU_TRACE] PKT4 reg=0xa827 cnt=1
[TU_TRACE] PKT4 reg=0x9313 cnt=1
[TU_TRACE] PKT4 reg=0x8c34 cnt=1
[TU_TRACE] PKT4 reg=0x88e5 cnt=1
[TU_TRACE] PKT7 op=0x43 cnt=3
[TU_TRACE] PKT7 op=0x1b cnt=2
[TU_TRACE] PKT7 op=0x17 cnt=1
[TU_TRACE] PKT7 op=0x55 cnt=3
[TU_TRACE] PKT7 op=0x17 cnt=1
[TU_TRACE] PKT7 op=0x55 cnt=3
[TU_TRACE] PKT7 op=0x17 cnt=1
[TU_TRACE] PKT7 op=0x39 cnt=3
[TU_TRACE] PKT7 op=0x55 cnt=3
[TU_TRACE] PKT7 op=0x55 cnt=3
[TU_TRACE] PKT7 op=0x17 cnt=1
[TU_TRACE] PKT4 reg=0x8212 cnt=1
[TU_TRACE] PKT4 reg=0x810b cnt=1
[TU_TRACE] PKT7 op=0x47 cnt=2
[TU_TRACE] PKT7 op=0x47 cnt=2
[TU_TRACE] PKT4 reg=0x88d1 cnt=2
[TU_TRACE] PKT4 reg=0x88df cnt=4
[TU_TRACE] PKT4 reg=0x88d5 cnt=1
[TU_TRACE] PKT4 reg=0x88d0 cnt=1
[TU_TRACE] PKT4 reg=0x88e3 cnt=1
[TU_TRACE] PKT4 reg=0x88d7 cnt=4
[TU_TRACE] PKT4 reg=0x88dc cnt=3
[TU_TRACE] PKT4 reg=0x88d6 cnt=1
[TU_TRACE] PKT7 op=0x46 cnt=1
[TU_TRACE] PKT7 op=0x46 cnt=1
[TU_TRACE] PKT4 reg=0x8872 cnt=6
[TU_TRACE] PKT4 reg=0x808d cnt=1
[TU_TRACE] PKT4 reg=0x8881 cnt=1
[TU_TRACE] PKT4 reg=0x808e cnt=2
[TU_TRACE] PKT4 reg=0x8092 cnt=1
[TU_TRACE] PKT4 reg=0x8090 cnt=2
[TU_TRACE] PKT7 op=0x46 cnt=1
[TU_TRACE] PKT7 op=0x43 cnt=6
[TU_TRACE] PKT4 reg=0xa010 cnt=3
[TU_TRACE] PKT4 reg=0x9b15 cnt=1
[TU_TRACE] PKT4 reg=0xa00e cnt=2
[TU_TRACE] PKT4 reg=0x9b01 cnt=1
[TU_TRACE] PKT4 reg=0x930f cnt=1
[TU_TRACE] PKT4 reg=0x9b12 cnt=1
[TU_TRACE] PKT4 reg=0x8212 cnt=1
[TU_TRACE] PKT4 reg=0x810b cnt=1
[TU_TRACE] PKT4 reg=0x8898 cnt=1
[TU_TRACE] PKT4 reg=0x8089 cnt=1
[TU_TRACE] PKT4 reg=0x8870 cnt=1
[TU_TRACE] PKT4 reg=0xab30 cnt=8
[TU_TRACE] PKT4 reg=0xab1f cnt=1
[TU_TRACE] PKT7 op=0x43 cnt=90
[TU_TRACE] PKT7 op=0x38 cnt=7
[TU_TRACE] PKT4 reg=0xab30 cnt=8
[TU_TRACE] PKT7 op=0x43 cnt=3
[TU_TRACE] PKT7 op=0x38 cnt=7
[TU_TRACE] PKT4 reg=0xab30 cnt=8
[TU_TRACE] PKT7 op=0x43 cnt=3
[TU_TRACE] PKT7 op=0x38 cnt=7
[TU_TRACE] PKT4 reg=0xab30 cnt=8
[TU_TRACE] PKT7 op=0x43 cnt=3
[TU_TRACE] PKT7 op=0x38 cnt=7
[TU_TRACE] PKT4 reg=0xab30 cnt=8
[TU_TRACE] PKT7 op=0x43 cnt=3
[TU_TRACE] PKT7 op=0x38 cnt=7
[TU_TRACE] PKT4 reg=0xab30 cnt=8
[TU_TRACE] PKT7 op=0x43 cnt=3
[TU_TRACE] PKT7 op=0x38 cnt=7
[TU_TRACE] PKT4 reg=0xab30 cnt=8
[TU_TRACE] PKT7 op=0x43 cnt=3
[TU_TRACE] PKT7 op=0x38 cnt=7
[TU_TRACE] PKT4 reg=0xab30 cnt=8
[TU_TRACE] PKT7 op=0x43 cnt=3
[TU_TRACE] PKT7 op=0x38 cnt=7
[TU_TRACE] PKT4 reg=0xab30 cnt=8
[TU_TRACE] PKT7 op=0x43 cnt=3
[TU_TRACE] PKT7 op=0x38 cnt=7
[TU_TRACE] PKT4 reg=0xab30 cnt=8
[TU_TRACE] PKT7 op=0x43 cnt=3
[TU_TRACE] PKT7 op=0x38 cnt=7
[TU_TRACE] PKT4 reg=0xab30 cnt=8
[TU_TRACE] PKT7 op=0x43 cnt=3
[TU_TRACE] PKT7 op=0x38 cnt=7
[TU_TRACE] PKT4 reg=0xab30 cnt=8
[TU_TRACE] PKT7 op=0x43 cnt=3
[TU_TRACE] PKT7 op=0x38 cnt=7
[TU_TRACE] PKT4 reg=0xab30 cnt=8
[TU_TRACE] PKT7 op=0x43 cnt=3
[TU_TRACE] PKT7 op=0x38 cnt=7
[TU_TRACE] PKT4 reg=0xab30 cnt=8
[TU_TRACE] PKT7 op=0x43 cnt=3
[TU_TRACE] PKT7 op=0x38 cnt=7
[TU_TRACE] PKT4 reg=0xab30 cnt=8
[TU_TRACE] PKT7 op=0x43 cnt=3
[TU_TRACE] PKT7 op=0x38 cnt=7
[TU_TRACE] PKT4 reg=0xab30 cnt=8
[TU_TRACE] PKT7 op=0x43 cnt=3
[TU_TRACE] PKT7 op=0x38 cnt=7
[TU_TRACE] PKT4 reg=0xab30 cnt=8
[TU_TRACE] PKT7 op=0x43 cnt=3
[TU_TRACE] PKT7 op=0x38 cnt=7
[TU_TRACE] PKT4 reg=0xab30 cnt=8
[TU_TRACE] PKT7 op=0x43 cnt=3
[TU_TRACE] PKT7 op=0x38 cnt=7
[TU_TRACE] PKT4 reg=0xab30 cnt=8
[TU_TRACE] PKT7 op=0x43 cnt=3
[TU_TRACE] PKT7 op=0x38 cnt=7
[TU_TRACE] PKT4 reg=0xab30 cnt=8
[TU_TRACE] PKT7 op=0x43 cnt=3
[TU_TRACE] PKT7 op=0x38 cnt=7
[TU_TRACE] PKT4 reg=0xa00e cnt=2
[TU_TRACE] PKT4 reg=0x9b01 cnt=1
[TU_TRACE] PKT4 reg=0x930f cnt=1
[TU_TRACE] PKT4 reg=0x9b12 cnt=1
[TU_TRACE] PKT4 reg=0x8212 cnt=1
[TU_TRACE] PKT4 reg=0x810b cnt=1
[TU_TRACE] PKT4 reg=0x8898 cnt=1
[TU_TRACE] PKT4 reg=0x8089 cnt=1
[TU_TRACE] PKT4 reg=0x8870 cnt=1
[TU_TRACE] PKT4 reg=0xab30 cnt=8
[TU_TRACE] PKT4 reg=0xab1f cnt=1
[TU_TRACE] PKT7 op=0x43 cnt=90
[TU_TRACE] PKT7 op=0x38 cnt=7
[TU_TRACE] PKT4 reg=0xab30 cnt=8
[TU_TRACE] PKT7 op=0x43 cnt=3
[TU_TRACE] PKT7 op=0x38 cnt=7
[TU_TRACE] PKT4 reg=0xab30 cnt=8
[TU_TRACE] PKT7 op=0x43 cnt=3
[TU_TRACE] PKT7 op=0x38 cnt=7
[TU_TRACE] PKT4 reg=0xab30 cnt=8
[TU_TRACE] PKT7 op=0x43 cnt=3
[TU_TRACE] PKT7 op=0x38 cnt=7
[TU_TRACE] PKT4 reg=0xab30 cnt=8
[TU_TRACE] PKT7 op=0x43 cnt=3
[TU_TRACE] PKT7 op=0x38 cnt=7
[TU_TRACE] PKT4 reg=0xab30 cnt=8
[TU_TRACE] PKT7 op=0x43 cnt=3
[TU_TRACE] PKT7 op=0x38 cnt=7
[TU_TRACE] PKT4 reg=0xab30 cnt=8
[TU_TRACE] PKT7 op=0x43 cnt=3
[TU_TRACE] PKT7 op=0x38 cnt=7
[TU_TRACE] PKT4 reg=0xab30 cnt=8
[TU_TRACE] PKT7 op=0x43 cnt=3
[TU_TRACE] PKT7 op=0x38 cnt=7
[TU_TRACE] PKT4 reg=0xab30 cnt=8
[TU_TRACE] PKT7 op=0x43 cnt=3
[TU_TRACE] PKT7 op=0x38 cnt=7
[TU_TRACE] PKT4 reg=0xab30 cnt=8
[TU_TRACE] PKT7 op=0x43 cnt=3
[TU_TRACE] PKT7 op=0x38 cnt=7
[TU_TRACE] PKT4 reg=0xab30 cnt=8
[TU_TRACE] PKT7 op=0x43 cnt=3
[TU_TRACE] PKT7 op=0x38 cnt=7
[TU_TRACE] PKT4 reg=0xab30 cnt=8
[TU_TRACE] PKT7 op=0x43 cnt=3
[TU_TRACE] PKT7 op=0x38 cnt=7
[TU_TRACE] PKT4 reg=0xab30 cnt=8
[TU_TRACE] PKT7 op=0x43 cnt=3
[TU_TRACE] PKT7 op=0x38 cnt=7
[TU_TRACE] PKT4 reg=0xab30 cnt=8
[TU_TRACE] PKT7 op=0x43 cnt=3
[TU_TRACE] PKT7 op=0x38 cnt=7
[TU_TRACE] PKT4 reg=0xab30 cnt=8
[TU_TRACE] PKT7 op=0x43 cnt=3
[TU_TRACE] PKT7 op=0x38 cnt=7
[TU_TRACE] PKT4 reg=0xab30 cnt=8
[TU_TRACE] PKT7 op=0x43 cnt=3
[TU_TRACE] PKT7 op=0x38 cnt=7
[TU_TRACE] PKT4 reg=0xab30 cnt=8
[TU_TRACE] PKT7 op=0x43 cnt=3
[TU_TRACE] PKT7 op=0x38 cnt=7
[TU_TRACE] PKT4 reg=0xab30 cnt=8
[TU_TRACE] PKT7 op=0x43 cnt=3
[TU_TRACE] PKT7 op=0x38 cnt=7
[TU_TRACE] PKT4 reg=0xab30 cnt=8
[TU_TRACE] PKT7 op=0x43 cnt=3
[TU_TRACE] PKT7 op=0x38 cnt=7
[TU_TRACE] PKT4 reg=0xab30 cnt=8
[TU_TRACE] PKT7 op=0x43 cnt=3
[TU_TRACE] PKT7 op=0x38 cnt=7
[TU_TRACE] PKT4 reg=0xa00e cnt=2
[TU_TRACE] PKT4 reg=0x9b01 cnt=1
[TU_TRACE] PKT4 reg=0x930f cnt=1
[TU_TRACE] PKT4 reg=0x9b12 cnt=1
[TU_TRACE] PKT4 reg=0x8212 cnt=1
[TU_TRACE] PKT4 reg=0x810b cnt=1
[TU_TRACE] PKT4 reg=0x8898 cnt=1
[TU_TRACE] PKT4 reg=0x8089 cnt=1
[TU_TRACE] PKT4 reg=0x8870 cnt=1
[TU_TRACE] PKT4 reg=0xab30 cnt=8
[TU_TRACE] PKT4 reg=0xab1f cnt=1
[TU_TRACE] PKT7 op=0x43 cnt=90
[TU_TRACE] PKT7 op=0x38 cnt=7
[TU_TRACE] PKT4 reg=0xab30 cnt=8
[TU_TRACE] PKT7 op=0x43 cnt=3
[TU_TRACE] PKT7 op=0x38 cnt=7
[TU_TRACE] PKT4 reg=0xab30 cnt=8
[TU_TRACE] PKT7 op=0x43 cnt=3
[TU_TRACE] PKT7 op=0x38 cnt=7
[TU_TRACE] PKT4 reg=0xab30 cnt=8
[TU_TRACE] PKT7 op=0x43 cnt=3
[TU_TRACE] PKT7 op=0x38 cnt=7
[TU_TRACE] PKT4 reg=0xab30 cnt=8
[TU_TRACE] PKT7 op=0x43 cnt=3
[TU_TRACE] PKT7 op=0x38 cnt=7
[TU_TRACE] PKT4 reg=0xab30 cnt=8
[TU_TRACE] PKT7 op=0x43 cnt=3
[TU_TRACE] PKT7 op=0x38 cnt=7
[TU_TRACE] PKT4 reg=0xab30 cnt=8
[TU_TRACE] PKT7 op=0x43 cnt=3
[TU_TRACE] PKT7 op=0x38 cnt=7
[TU_TRACE] PKT4 reg=0xab30 cnt=8
[TU_TRACE] PKT7 op=0x43 cnt=3
[TU_TRACE] PKT7 op=0x38 cnt=7
[TU_TRACE] PKT4 reg=0xab30 cnt=8
[TU_TRACE] PKT7 op=0x43 cnt=3
[TU_TRACE] PKT7 op=0x38 cnt=7
[TU_TRACE] PKT4 reg=0xab30 cnt=8
[TU_TRACE] PKT7 op=0x43 cnt=3
[TU_TRACE] PKT7 op=0x38 cnt=7
[TU_TRACE] PKT4 reg=0xab30 cnt=8
[TU_TRACE] PKT7 op=0x43 cnt=3
[TU_TRACE] PKT7 op=0x38 cnt=7
[TU_TRACE] PKT4 reg=0xab30 cnt=8
[TU_TRACE] PKT7 op=0x43 cnt=3
[TU_TRACE] PKT7 op=0x38 cnt=7
[TU_TRACE] PKT4 reg=0xab30 cnt=8
[TU_TRACE] PKT7 op=0x43 cnt=3
[TU_TRACE] PKT7 op=0x38 cnt=7
[TU_TRACE] PKT4 reg=0xab30 cnt=8
[TU_TRACE] PKT7 op=0x43 cnt=3
[TU_TRACE] PKT7 op=0x38 cnt=7
[TU_TRACE] PKT4 reg=0xab30 cnt=8
[TU_TRACE] PKT7 op=0x43 cnt=3
[TU_TRACE] PKT7 op=0x38 cnt=7
[TU_TRACE] PKT4 reg=0xab30 cnt=8
[TU_TRACE] PKT7 op=0x43 cnt=3
[TU_TRACE] PKT7 op=0x38 cnt=7
[TU_TRACE] PKT4 reg=0xab30 cnt=8
[TU_TRACE] PKT7 op=0x43 cnt=3
[TU_TRACE] PKT7 op=0x38 cnt=7
[TU_TRACE] PKT4 reg=0xab30 cnt=8
[TU_TRACE] PKT7 op=0x43 cnt=3
[TU_TRACE] PKT7 op=0x38 cnt=7
[TU_TRACE] PKT4 reg=0xab30 cnt=8
[TU_TRACE] PKT7 op=0x43 cnt=3
[TU_TRACE] PKT7 op=0x38 cnt=7
[TU_TRACE] PKT4 reg=0xab30 cnt=8
[TU_TRACE] PKT7 op=0x43 cnt=3
[TU_TRACE] PKT7 op=0x38 cnt=7
[TU_TRACE] PKT4 reg=0xa00e cnt=2
[TU_TRACE] PKT4 reg=0x9b01 cnt=1
[TU_TRACE] PKT4 reg=0x930f cnt=1
[TU_TRACE] PKT4 reg=0x9b12 cnt=1
[TU_TRACE] PKT4 reg=0x8212 cnt=1
[TU_TRACE] PKT4 reg=0x810b cnt=1
[TU_TRACE] PKT4 reg=0x8898 cnt=1
[TU_TRACE] PKT4 reg=0x8089 cnt=1
[TU_TRACE] PKT4 reg=0x8870 cnt=1
[TU_TRACE] PKT4 reg=0xab30 cnt=8
[TU_TRACE] PKT4 reg=0xab1f cnt=1
[TU_TRACE] PKT7 op=0x43 cnt=90
[TU_TRACE] PKT7 op=0x38 cnt=7
[TU_TRACE] PKT4 reg=0xab30 cnt=8
[TU_TRACE] PKT7 op=0x43 cnt=3
[TU_TRACE] PKT7 op=0x38 cnt=7
[TU_TRACE] PKT4 reg=0xab30 cnt=8
[TU_TRACE] PKT7 op=0x43 cnt=3
[TU_TRACE] PKT7 op=0x38 cnt=7
[TU_TRACE] PKT4 reg=0xab30 cnt=8
[TU_TRACE] PKT7 op=0x43 cnt=3
[TU_TRACE] PKT7 op=0x38 cnt=7
[TU_TRACE] PKT4 reg=0xab30 cnt=8
[TU_TRACE] PKT7 op=0x43 cnt=3
[TU_TRACE] PKT7 op=0x38 cnt=7
[TU_TRACE] PKT4 reg=0xab30 cnt=8
[TU_TRACE] PKT7 op=0x43 cnt=3
[TU_TRACE] PKT7 op=0x38 cnt=7
[TU_TRACE] PKT4 reg=0xab30 cnt=8
[TU_TRACE] PKT7 op=0x43 cnt=3
[TU_TRACE] PKT7 op=0x38 cnt=7
[TU_TRACE] PKT4 reg=0xab30 cnt=8
[TU_TRACE] PKT7 op=0x43 cnt=3
[TU_TRACE] PKT7 op=0x38 cnt=7
[TU_TRACE] PKT4 reg=0xab30 cnt=8
[TU_TRACE] PKT7 op=0x43 cnt=3
[TU_TRACE] PKT7 op=0x38 cnt=7
[TU_TRACE] PKT4 reg=0xab30 cnt=8
[TU_TRACE] PKT7 op=0x43 cnt=3
[TU_TRACE] PKT7 op=0x38 cnt=7
[TU_TRACE] PKT4 reg=0xab30 cnt=8
[TU_TRACE] PKT7 op=0x43 cnt=3
[TU_TRACE] PKT7 op=0x38 cnt=7
[TU_TRACE] PKT4 reg=0xab30 cnt=8
[TU_TRACE] PKT7 op=0x43 cnt=3
[TU_TRACE] PKT7 op=0x38 cnt=7
[TU_TRACE] PKT4 reg=0xab30 cnt=8
[TU_TRACE] PKT7 op=0x43 cnt=3
[TU_TRACE] PKT7 op=0x38 cnt=7
[TU_TRACE] PKT4 reg=0xab30 cnt=8
[TU_TRACE] PKT7 op=0x43 cnt=3
[TU_TRACE] PKT7 op=0x38 cnt=7
[TU_TRACE] PKT4 reg=0xab30 cnt=8
[TU_TRACE] PKT7 op=0x43 cnt=3
[TU_TRACE] PKT7 op=0x38 cnt=7
[TU_TRACE] PKT4 reg=0xab30 cnt=8
[TU_TRACE] PKT7 op=0x43 cnt=3
[TU_TRACE] PKT7 op=0x38 cnt=7
[TU_TRACE] PKT4 reg=0xab30 cnt=8
[TU_TRACE] PKT7 op=0x43 cnt=3
[TU_TRACE] PKT7 op=0x38 cnt=7
[TU_TRACE] PKT4 reg=0xab30 cnt=8
[TU_TRACE] PKT7 op=0x43 cnt=3
[TU_TRACE] PKT7 op=0x38 cnt=7
[TU_TRACE] PKT4 reg=0xab30 cnt=8
[TU_TRACE] PKT7 op=0x43 cnt=3
[TU_TRACE] PKT7 op=0x38 cnt=7
[TU_TRACE] PKT4 reg=0xab30 cnt=8
[TU_TRACE] PKT7 op=0x43 cnt=3
[TU_TRACE] PKT7 op=0x38 cnt=7
[TU_TRACE] PKT4 reg=0xa00e cnt=2
[TU_TRACE] PKT4 reg=0x9b01 cnt=1
[TU_TRACE] PKT4 reg=0x930f cnt=1
[TU_TRACE] PKT4 reg=0x9b12 cnt=1
[TU_TRACE] PKT4 reg=0x8212 cnt=1
[TU_TRACE] PKT4 reg=0x810b cnt=1
[TU_TRACE] PKT4 reg=0x8898 cnt=1
[TU_TRACE] PKT4 reg=0x8089 cnt=1
[TU_TRACE] PKT4 reg=0x8870 cnt=1
[TU_TRACE] PKT4 reg=0xab30 cnt=8
[TU_TRACE] PKT4 reg=0xab1f cnt=1
[TU_TRACE] PKT7 op=0x43 cnt=90
[TU_TRACE] PKT7 op=0x38 cnt=7
[TU_TRACE] PKT4 reg=0xab30 cnt=8
[TU_TRACE] PKT7 op=0x43 cnt=3
[TU_TRACE] PKT7 op=0x38 cnt=7
[TU_TRACE] PKT4 reg=0xab30 cnt=8
[TU_TRACE] PKT7 op=0x43 cnt=3
[TU_TRACE] PKT7 op=0x38 cnt=7
[TU_TRACE] PKT4 reg=0xab30 cnt=8
[TU_TRACE] PKT7 op=0x43 cnt=3
[TU_TRACE] PKT7 op=0x38 cnt=7
[TU_TRACE] PKT4 reg=0xab30 cnt=8
[TU_TRACE] PKT7 op=0x43 cnt=3
[TU_TRACE] PKT7 op=0x38 cnt=7
[TU_TRACE] PKT4 reg=0xab30 cnt=8
[TU_TRACE] PKT7 op=0x43 cnt=3
[TU_TRACE] PKT7 op=0x38 cnt=7
[TU_TRACE] PKT4 reg=0xab30 cnt=8
[TU_TRACE] PKT7 op=0x43 cnt=3
[TU_TRACE] PKT7 op=0x38 cnt=7
[TU_TRACE] PKT4 reg=0xab30 cnt=8
[TU_TRACE] PKT7 op=0x43 cnt=3
[TU_TRACE] PKT7 op=0x38 cnt=7
[TU_TRACE] PKT4 reg=0xab30 cnt=8
[TU_TRACE] PKT7 op=0x43 cnt=3
[TU_TRACE] PKT7 op=0x38 cnt=7
[TU_TRACE] PKT4 reg=0xab30 cnt=8
[TU_TRACE] PKT7 op=0x43 cnt=3
[TU_TRACE] PKT7 op=0x38 cnt=7
[TU_TRACE] PKT4 reg=0xab30 cnt=8
[TU_TRACE] PKT7 op=0x43 cnt=3
[TU_TRACE] PKT7 op=0x38 cnt=7
[TU_TRACE] PKT4 reg=0xab30 cnt=8
[TU_TRACE] PKT7 op=0x43 cnt=3
[TU_TRACE] PKT7 op=0x38 cnt=7
[TU_TRACE] PKT4 reg=0xab30 cnt=8
[TU_TRACE] PKT7 op=0x43 cnt=3
[TU_TRACE] PKT7 op=0x38 cnt=7
[TU_TRACE] PKT4 reg=0xab30 cnt=8
[TU_TRACE] PKT7 op=0x43 cnt=3
[TU_TRACE] PKT7 op=0x38 cnt=7
[TU_TRACE] PKT4 reg=0xab30 cnt=8
[TU_TRACE] PKT7 op=0x43 cnt=3
[TU_TRACE] PKT7 op=0x38 cnt=7
[TU_TRACE] PKT4 reg=0xab30 cnt=8
[TU_TRACE] PKT7 op=0x43 cnt=3
[TU_TRACE] PKT7 op=0x38 cnt=7
[TU_TRACE] PKT4 reg=0xab30 cnt=8
[TU_TRACE] PKT7 op=0x43 cnt=3
[TU_TRACE] PKT7 op=0x38 cnt=7
[TU_TRACE] PKT4 reg=0xab30 cnt=8
[TU_TRACE] PKT7 op=0x43 cnt=3
[TU_TRACE] PKT7 op=0x38 cnt=7
[TU_TRACE] PKT4 reg=0xab30 cnt=8
[TU_TRACE] PKT7 op=0x43 cnt=3
[TU_TRACE] PKT7 op=0x38 cnt=7
[TU_TRACE] PKT4 reg=0xab30 cnt=8
[TU_TRACE] PKT7 op=0x43 cnt=3
[TU_TRACE] PKT7 op=0x38 cnt=7
[TU_TRACE] PKT7 op=0x65 cnt=1
[TU_TRACE] PKT4 reg=0x88d1 cnt=2
[TU_TRACE] PKT4 reg=0x88df cnt=4
[TU_TRACE] PKT4 reg=0x88d5 cnt=1
[TU_TRACE] PKT4 reg=0x88d0 cnt=1
[TU_TRACE] PKT4 reg=0x88e3 cnt=1
[TU_TRACE] PKT4 reg=0x88d7 cnt=4
[TU_TRACE] PKT4 reg=0x88dc cnt=3
[TU_TRACE] PKT4 reg=0x88d6 cnt=1
[TU_TRACE] PKT7 op=0x46 cnt=1
[TU_TRACE] PKT7 op=0x46 cnt=1
[TU_TRACE] PKT7 op=0x46 cnt=1
[TU_TRACE] PKT7 op=0x46 cnt=1
[TU_TRACE] PKT7 op=0x46 cnt=1
[TU_TRACE] PKT7 op=0x46 cnt=1
[TU_TRACE] PKT7 op=0x46 cnt=1
[TU_TRACE] PKT7 op=0x26 cnt=0
[TU_TRACE] PKT7 op=0x13 cnt=0
[TU_TRACE] PKT4 reg=0x88e5 cnt=1
[TU_TRACE] PKT7 op=0x17 cnt=1
[TU_TRACE] PKT7 op=0x17 cnt=1
[TU_TRACE] PKT4 reg=0x8812 cnt=1
[TU_TRACE] PKT4 reg=0x88e4 cnt=1
[TU_TRACE] PKT7 op=0x17 cnt=1
[TU_TRACE] PKT7 op=0x39 cnt=3
[TU_TRACE] PKT7 op=0x1d cnt=1
[TU_TRACE] PKT4 reg=0x8206 cnt=1
[TU_TRACE] PKT4 reg=0x88f5 cnt=1
[TU_TRACE] PKT4 reg=0x0c38 cnt=1
[TU_TRACE] PKT7 op=0x3e cnt=3
[TU_TRACE] PKT7 op=0x12 cnt=0
[TU_TRACE] PKT7 op=0x13 cnt=0
[TU_TRACE] PKT7 op=0x17 cnt=1
[TU_TRACE] PKT7 op=0x49 cnt=4
[TU_TRACE] PKT7 op=0x39 cnt=3
[TU_TRACE] PKT4 reg=0x8891 cnt=1
[TU_TRACE] PKT7 op=0x46 cnt=3
[TU_TRACE] PKT7 op=0x65 cnt=1
[TU_TRACE] PKT4 reg=0x8231 cnt=1
[TU_TRACE] PKT4 reg=0x8800 cnt=1
[TU_TRACE] PKT4 reg=0x88d3 cnt=1
[TU_TRACE] PKT4 reg=0xa007 cnt=1
[TU_TRACE] PKT4 reg=0x8235 cnt=2
[TU_TRACE] PKT4 reg=0x8507 cnt=2
[TU_TRACE] PKT7 op=0x64 cnt=1
[TU_TRACE] PKT7 op=0x63 cnt=1
[TU_TRACE] PKT4 reg=0x8206 cnt=1
[TU_TRACE] PKT4 reg=0x88f5 cnt=1
[TU_TRACE] PKT7 op=0x3f cnt=3
[TU_TRACE] PKT7 op=0x1d cnt=1
[TU_TRACE] PKT7 op=0x3f cnt=3
[TU_TRACE] PKT7 op=0x26 cnt=0
[TU_TRACE] PKT7 op=0x65 cnt=1
[TU_TRACE] PKT4 reg=0x8212 cnt=1
[TU_TRACE] PKT4 reg=0x810b cnt=1
[TU_TRACE] PKT7 op=0x46 cnt=1
[TU_TRACE] PKT7 op=0x46 cnt=4
[TU_TRACE] PKT7 op=0x46 cnt=1
[TU_TRACE] PKT4 reg=0x8891 cnt=1
[TU_TRACE] PKT7 op=0x46 cnt=3
[TU_TRACE] PKT7 op=0x43 cnt=3
[TU_TRACE] PKT7 op=0x46 cnt=1
[TU_TRACE] PKT7 op=0x46 cnt=1
[TU_TRACE] PKT7 op=0x46 cnt=4
[TU_TRACE] PKT7 op=0x17 cnt=1
[TU_TRACE] PKT7 op=0x46 cnt=1
[TU_TRACE] PKT7 op=0x46 cnt=1
[TU_TRACE] PKT7 op=0x46 cnt=1
[TU_TRACE] PKT7 op=0x46 cnt=1
[TU_TRACE] PKT7 op=0x26 cnt=0
[TU_TRACE] PKT4 reg=0xab1f cnt=1
[TU_TRACE] PKT7 op=0x26 cnt=0
[TU_TRACE] WRITE_REG reg=0x8228 val=0x00000000
[TU_TRACE] PKT4 reg=0x8228 cnt=1
[TU_TRACE] WRITE_REG reg=0x8229 val=0x00000000
[TU_TRACE] PKT4 reg=0x8229 cnt=1
[TU_TRACE] WRITE_REG reg=0x822a val=0x00000000
[TU_TRACE] PKT4 reg=0x822a cnt=1
[TU_TRACE] WRITE_REG reg=0x822b val=0x00000000
[TU_TRACE] PKT4 reg=0x822b cnt=1
[TU_TRACE] WRITE_REG reg=0x822c val=0x00000000
[TU_TRACE] PKT4 reg=0x822c cnt=1
[TU_TRACE] WRITE_REG reg=0x822d val=0x00000000
[TU_TRACE] PKT4 reg=0x822d cnt=1
[TU_TRACE] WRITE_REG reg=0x8818 val=0x00000000
[TU_TRACE] PKT4 reg=0x8818 cnt=1
[TU_TRACE] WRITE_REG reg=0x8819 val=0x00000000
[TU_TRACE] PKT4 reg=0x8819 cnt=1
[TU_TRACE] WRITE_REG reg=0x881a val=0x00000000
[TU_TRACE] PKT4 reg=0x881a cnt=1
[TU_TRACE] WRITE_REG reg=0x881b val=0x00000000
[TU_TRACE] PKT4 reg=0x881b cnt=1
[TU_TRACE] WRITE_REG reg=0x881c val=0x00000000
[TU_TRACE] PKT4 reg=0x881c cnt=1
[TU_TRACE] WRITE_REG reg=0x881d val=0x00000000
[TU_TRACE] PKT4 reg=0x881d cnt=1
[TU_TRACE] WRITE_REG reg=0x881e val=0x00000000
[TU_TRACE] PKT4 reg=0x881e cnt=1
[TU_TRACE] WRITE_REG reg=0x8899 val=0x00000000
[TU_TRACE] PKT4 reg=0x8899 cnt=1
[TU_TRACE] WRITE_REG reg=0x88f1 val=0x00000001
[TU_TRACE] PKT4 reg=0x88f1 cnt=1
[TU_TRACE] WRITE_REG reg=0xab01 val=0x00000000
[TU_TRACE] PKT4 reg=0xab01 cnt=1
[TU_TRACE] WRITE_REG reg=0xab02 val=0x00000000
[TU_TRACE] PKT4 reg=0xab02 cnt=1
[TU_TRACE] WRITE_REG reg=0xab23 val=0x00000000
[TU_TRACE] PKT4 reg=0xab23 cnt=1
[TU_TRACE] WRITE_REG reg=0xb182 val=0x00000004
[TU_TRACE] PKT4 reg=0xb182 cnt=1
[TU_TRACE] WRITE_REG reg=0xb183 val=0x00000000
[TU_TRACE] PKT4 reg=0xb183 cnt=1
[TU_TRACE] WRITE_REG reg=0x980b val=0x00800280
[TU_TRACE] PKT4 reg=0x980b cnt=1
[TU_TRACE] WRITE_REG reg=0x9b00 val=0x00003f00
[TU_TRACE] PKT4 reg=0x9b00 cnt=1
[TU_TRACE] PKT4 reg=0x8130 cnt=1
[TU_TRACE] PKT4 reg=0x8131 cnt=1
[TU_TRACE] WRITE_REG reg=0xae0f val=0x0000003f
[TU_TRACE] PKT4 reg=0xae0f cnt=1
[TU_TRACE] PKT4 reg=0xab09 cnt=1
[TU_TRACE] WRITE_REG reg=0xb182 val=0x00000000
[TU_TRACE] PKT4 reg=0xb182 cnt=1
[TU_TRACE] WRITE_REG reg=0xa9a8 val=0x00000000
[TU_TRACE] PKT4 reg=0xa9a8 cnt=1
[TU_TRACE] PKT4 reg=0xab00 cnt=1
[TU_TRACE] PKT4 reg=0xa009 cnt=1
[TU_TRACE] WRITE_REG reg=0x8811 val=0x00000010
[TU_TRACE] PKT4 reg=0x8811 cnt=1
[TU_TRACE] PKT4 reg=0x8213 cnt=1
[TU_TRACE] WRITE_REG reg=0x8818 val=0x00000000
[TU_TRACE] PKT4 reg=0x8818 cnt=1
[TU_TRACE] PKT4 reg=0x9310 cnt=1
[TU_TRACE] PKT4 reg=0x9312 cnt=1
[TU_TRACE] PKT4 reg=0x9305 cnt=1
[TU_TRACE] WRITE_REG reg=0xb183 val=0x00000000
[TU_TRACE] PKT4 reg=0xb183 cnt=1
[TU_TRACE] PKT4 reg=0x8234 cnt=1
[TU_TRACE] PKT4 reg=0xb309 cnt=1
[TU_TRACE] PKT4 reg=0xa9cb cnt=1
[TU_TRACE] WRITE_REG reg=0xa007 val=0x00000000
[TU_TRACE] PKT4 reg=0xa007 cnt=1
[TU_TRACE] PKT4 reg=0x8864 cnt=1
[TU_TRACE] PKT4 reg=0xaa0c cnt=1
[TU_TRACE] PKT4 reg=0xb302 cnt=2
[TU_TRACE] PKT4 reg=0xb180 cnt=2
[TU_TRACE] PKT4 reg=0x9814 cnt=1
[TU_TRACE] PKT4 reg=0x9815 cnt=1
[TU_TRACE] PKT4 reg=0xa980 cnt=1
[TU_TRACE] PKT4 reg=0xa827 cnt=1
[TU_TRACE] PKT4 reg=0x9313 cnt=1
[TU_TRACE] PKT4 reg=0x8c34 cnt=1
[TU_TRACE] PKT4 reg=0x88e5 cnt=1
[TU_TRACE] PKT7 op=0x43 cnt=3
[TU_TRACE] PKT7 op=0x1b cnt=2
[TU_TRACE] PKT7 op=0x17 cnt=1
[TU_TRACE] PKT7 op=0x55 cnt=3
[TU_TRACE] PKT7 op=0x17 cnt=1
[TU_TRACE] PKT7 op=0x55 cnt=3
[TU_TRACE] PKT7 op=0x17 cnt=1
[TU_TRACE] PKT7 op=0x39 cnt=3
[TU_TRACE] PKT7 op=0x55 cnt=3
[TU_TRACE] PKT7 op=0x55 cnt=3
[TU_TRACE] PKT7 op=0x17 cnt=1
[TU_TRACE] PKT4 reg=0x8212 cnt=1
[TU_TRACE] PKT4 reg=0x810b cnt=1
[TU_TRACE] PKT7 op=0x47 cnt=2
[TU_TRACE] PKT7 op=0x47 cnt=2
[TU_TRACE] PKT4 reg=0x88d1 cnt=2
[TU_TRACE] PKT4 reg=0x88df cnt=4
[TU_TRACE] PKT4 reg=0x88d5 cnt=1
[TU_TRACE] PKT4 reg=0x88d0 cnt=1
[TU_TRACE] PKT4 reg=0x88e3 cnt=1
[TU_TRACE] PKT4 reg=0x88d7 cnt=4
[TU_TRACE] PKT4 reg=0x88dc cnt=3
[TU_TRACE] PKT4 reg=0x88d6 cnt=1
[TU_TRACE] PKT7 op=0x46 cnt=1
[TU_TRACE] PKT7 op=0x46 cnt=1
[TU_TRACE] PKT4 reg=0x8872 cnt=6
[TU_TRACE] PKT4 reg=0x808d cnt=1
[TU_TRACE] PKT4 reg=0x8881 cnt=1
[TU_TRACE] PKT4 reg=0x808e cnt=2
[TU_TRACE] PKT4 reg=0x8092 cnt=1
[TU_TRACE] PKT4 reg=0x8090 cnt=2
[TU_TRACE] PKT7 op=0x46 cnt=1
[TU_TRACE] PKT7 op=0x43 cnt=6
[TU_TRACE] PKT4 reg=0xa010 cnt=3
[TU_TRACE] PKT4 reg=0x9b15 cnt=1
[TU_TRACE] PKT4 reg=0xa00e cnt=2
[TU_TRACE] PKT4 reg=0x9b01 cnt=1
[TU_TRACE] PKT4 reg=0x930f cnt=1
[TU_TRACE] PKT4 reg=0x9b12 cnt=1
[TU_TRACE] PKT4 reg=0x8212 cnt=1
[TU_TRACE] PKT4 reg=0x810b cnt=1
[TU_TRACE] PKT4 reg=0x8898 cnt=1
[TU_TRACE] PKT4 reg=0x8089 cnt=1
[TU_TRACE] PKT4 reg=0x8870 cnt=1
[TU_TRACE] PKT4 reg=0xab30 cnt=8
[TU_TRACE] PKT4 reg=0xab1f cnt=1
[TU_TRACE] PKT7 op=0x43 cnt=90
[TU_TRACE] PKT7 op=0x38 cnt=7
[TU_TRACE] PKT4 reg=0xab30 cnt=8
[TU_TRACE] PKT7 op=0x43 cnt=3
[TU_TRACE] PKT7 op=0x38 cnt=7
[TU_TRACE] PKT4 reg=0xab30 cnt=8
[TU_TRACE] PKT7 op=0x43 cnt=3
[TU_TRACE] PKT7 op=0x38 cnt=7
[TU_TRACE] PKT4 reg=0xab30 cnt=8
[TU_TRACE] PKT7 op=0x43 cnt=3
[TU_TRACE] PKT7 op=0x38 cnt=7
[TU_TRACE] PKT4 reg=0xab30 cnt=8
[TU_TRACE] PKT7 op=0x43 cnt=3
[TU_TRACE] PKT7 op=0x38 cnt=7
[TU_TRACE] PKT4 reg=0xab30 cnt=8
[TU_TRACE] PKT7 op=0x43 cnt=3
[TU_TRACE] PKT7 op=0x38 cnt=7
[TU_TRACE] PKT4 reg=0xab30 cnt=8
[TU_TRACE] PKT7 op=0x43 cnt=3
[TU_TRACE] PKT7 op=0x38 cnt=7
[TU_TRACE] PKT4 reg=0xab30 cnt=8
[TU_TRACE] PKT7 op=0x43 cnt=3
[TU_TRACE] PKT7 op=0x38 cnt=7
[TU_TRACE] PKT4 reg=0xab30 cnt=8
[TU_TRACE] PKT7 op=0x43 cnt=3
[TU_TRACE] PKT7 op=0x38 cnt=7
[TU_TRACE] PKT4 reg=0xab30 cnt=8
[TU_TRACE] PKT7 op=0x43 cnt=3
[TU_TRACE] PKT7 op=0x38 cnt=7
[TU_TRACE] PKT4 reg=0xab30 cnt=8
[TU_TRACE] PKT7 op=0x43 cnt=3
[TU_TRACE] PKT7 op=0x38 cnt=7
[TU_TRACE] PKT4 reg=0xab30 cnt=8
[TU_TRACE] PKT7 op=0x43 cnt=3
[TU_TRACE] PKT7 op=0x38 cnt=7
[TU_TRACE] PKT4 reg=0xab30 cnt=8
[TU_TRACE] PKT7 op=0x43 cnt=3
[TU_TRACE] PKT7 op=0x38 cnt=7
[TU_TRACE] PKT4 reg=0xab30 cnt=8
[TU_TRACE] PKT7 op=0x43 cnt=3
[TU_TRACE] PKT7 op=0x38 cnt=7
[TU_TRACE] PKT4 reg=0xab30 cnt=8
[TU_TRACE] PKT7 op=0x43 cnt=3
[TU_TRACE] PKT7 op=0x38 cnt=7
[TU_TRACE] PKT4 reg=0xab30 cnt=8
[TU_TRACE] PKT7 op=0x43 cnt=3
[TU_TRACE] PKT7 op=0x38 cnt=7
[TU_TRACE] PKT4 reg=0xab30 cnt=8
[TU_TRACE] PKT7 op=0x43 cnt=3
[TU_TRACE] PKT7 op=0x38 cnt=7
[TU_TRACE] PKT4 reg=0xab30 cnt=8
[TU_TRACE] PKT7 op=0x43 cnt=3
[TU_TRACE] PKT7 op=0x38 cnt=7
[TU_TRACE] PKT4 reg=0xab30 cnt=8
[TU_TRACE] PKT7 op=0x43 cnt=3
[TU_TRACE] PKT7 op=0x38 cnt=7
[TU_TRACE] PKT4 reg=0xab30 cnt=8
[TU_TRACE] PKT7 op=0x43 cnt=3
[TU_TRACE] PKT7 op=0x38 cnt=7
[TU_TRACE] PKT4 reg=0xa00e cnt=2
[TU_TRACE] PKT4 reg=0x9b01 cnt=1
[TU_TRACE] PKT4 reg=0x930f cnt=1
[TU_TRACE] PKT4 reg=0x9b12 cnt=1
[TU_TRACE] PKT4 reg=0x8212 cnt=1
[TU_TRACE] PKT4 reg=0x810b cnt=1
[TU_TRACE] PKT4 reg=0x8898 cnt=1
[TU_TRACE] PKT4 reg=0x8089 cnt=1
[TU_TRACE] PKT4 reg=0x8870 cnt=1
[TU_TRACE] PKT4 reg=0xab30 cnt=8
[TU_TRACE] PKT4 reg=0xab1f cnt=1
[TU_TRACE] PKT7 op=0x43 cnt=90
[TU_TRACE] PKT7 op=0x38 cnt=7
[TU_TRACE] PKT4 reg=0xab30 cnt=8
[TU_TRACE] PKT7 op=0x43 cnt=3
[TU_TRACE] PKT7 op=0x38 cnt=7
[TU_TRACE] PKT4 reg=0xab30 cnt=8
[TU_TRACE] PKT7 op=0x43 cnt=3
[TU_TRACE] PKT7 op=0x38 cnt=7
[TU_TRACE] PKT4 reg=0xab30 cnt=8
[TU_TRACE] PKT7 op=0x43 cnt=3
[TU_TRACE] PKT7 op=0x38 cnt=7
[TU_TRACE] PKT4 reg=0xab30 cnt=8
[TU_TRACE] PKT7 op=0x43 cnt=3
[TU_TRACE] PKT7 op=0x38 cnt=7
[TU_TRACE] PKT4 reg=0xab30 cnt=8
[TU_TRACE] PKT7 op=0x43 cnt=3
[TU_TRACE] PKT7 op=0x38 cnt=7
[TU_TRACE] PKT4 reg=0xab30 cnt=8
[TU_TRACE] PKT7 op=0x43 cnt=3
[TU_TRACE] PKT7 op=0x38 cnt=7
[TU_TRACE] PKT4 reg=0xab30 cnt=8
[TU_TRACE] PKT7 op=0x43 cnt=3
[TU_TRACE] PKT7 op=0x38 cnt=7
[TU_TRACE] PKT4 reg=0xab30 cnt=8
[TU_TRACE] PKT7 op=0x43 cnt=3
[TU_TRACE] PKT7 op=0x38 cnt=7
[TU_TRACE] PKT4 reg=0xab30 cnt=8
[TU_TRACE] PKT7 op=0x43 cnt=3
[TU_TRACE] PKT7 op=0x38 cnt=7
[TU_TRACE] PKT4 reg=0xab30 cnt=8
[TU_TRACE] PKT7 op=0x43 cnt=3
[TU_TRACE] PKT7 op=0x38 cnt=7
[TU_TRACE] PKT4 reg=0xab30 cnt=8
[TU_TRACE] PKT7 op=0x43 cnt=3
[TU_TRACE] PKT7 op=0x38 cnt=7
[TU_TRACE] PKT4 reg=0xab30 cnt=8
[TU_TRACE] PKT7 op=0x43 cnt=3
[TU_TRACE] PKT7 op=0x38 cnt=7
[TU_TRACE] PKT4 reg=0xab30 cnt=8
[TU_TRACE] PKT7 op=0x43 cnt=3
[TU_TRACE] PKT7 op=0x38 cnt=7
[TU_TRACE] PKT4 reg=0xab30 cnt=8
[TU_TRACE] PKT7 op=0x43 cnt=3
[TU_TRACE] PKT7 op=0x38 cnt=7
[TU_TRACE] PKT4 reg=0xab30 cnt=8
[TU_TRACE] PKT7 op=0x43 cnt=3
[TU_TRACE] PKT7 op=0x38 cnt=7
[TU_TRACE] PKT4 reg=0xab30 cnt=8
[TU_TRACE] PKT7 op=0x43 cnt=3
[TU_TRACE] PKT7 op=0x38 cnt=7
[TU_TRACE] PKT4 reg=0xab30 cnt=8
[TU_TRACE] PKT7 op=0x43 cnt=3
[TU_TRACE] PKT7 op=0x38 cnt=7
[TU_TRACE] PKT4 reg=0xab30 cnt=8
[TU_TRACE] PKT7 op=0x43 cnt=3
[TU_TRACE] PKT7 op=0x38 cnt=7
[TU_TRACE] PKT4 reg=0xab30 cnt=8
[TU_TRACE] PKT7 op=0x43 cnt=3
[TU_TRACE] PKT7 op=0x38 cnt=7
[TU_TRACE] PKT4 reg=0xa00e cnt=2
[TU_TRACE] PKT4 reg=0x9b01 cnt=1
[TU_TRACE] PKT4 reg=0x930f cnt=1
[TU_TRACE] PKT4 reg=0x9b12 cnt=1
[TU_TRACE] PKT4 reg=0x8212 cnt=1
[TU_TRACE] PKT4 reg=0x810b cnt=1
[TU_TRACE] PKT4 reg=0x8898 cnt=1
[TU_TRACE] PKT4 reg=0x8089 cnt=1
[TU_TRACE] PKT4 reg=0x8870 cnt=1
[TU_TRACE] PKT4 reg=0xab30 cnt=8
[TU_TRACE] PKT4 reg=0xab1f cnt=1
[TU_TRACE] PKT7 op=0x43 cnt=90
[TU_TRACE] PKT7 op=0x38 cnt=7
[TU_TRACE] PKT4 reg=0xab30 cnt=8
[TU_TRACE] PKT7 op=0x43 cnt=3
[TU_TRACE] PKT7 op=0x38 cnt=7
[TU_TRACE] PKT4 reg=0xab30 cnt=8
[TU_TRACE] PKT7 op=0x43 cnt=3
[TU_TRACE] PKT7 op=0x38 cnt=7
[TU_TRACE] PKT4 reg=0xab30 cnt=8
[TU_TRACE] PKT7 op=0x43 cnt=3
[TU_TRACE] PKT7 op=0x38 cnt=7
[TU_TRACE] PKT4 reg=0xab30 cnt=8
[TU_TRACE] PKT7 op=0x43 cnt=3
[TU_TRACE] PKT7 op=0x38 cnt=7
[TU_TRACE] PKT4 reg=0xab30 cnt=8
[TU_TRACE] PKT7 op=0x43 cnt=3
[TU_TRACE] PKT7 op=0x38 cnt=7
[TU_TRACE] PKT4 reg=0xab30 cnt=8
[TU_TRACE] PKT7 op=0x43 cnt=3
[TU_TRACE] PKT7 op=0x38 cnt=7
[TU_TRACE] PKT4 reg=0xab30 cnt=8
[TU_TRACE] PKT7 op=0x43 cnt=3
[TU_TRACE] PKT7 op=0x38 cnt=7
[TU_TRACE] PKT4 reg=0xab30 cnt=8
[TU_TRACE] PKT7 op=0x43 cnt=3
[TU_TRACE] PKT7 op=0x38 cnt=7
[TU_TRACE] PKT4 reg=0xab30 cnt=8
[TU_TRACE] PKT7 op=0x43 cnt=3
[TU_TRACE] PKT7 op=0x38 cnt=7
[TU_TRACE] PKT4 reg=0xab30 cnt=8
[TU_TRACE] PKT7 op=0x43 cnt=3
[TU_TRACE] PKT7 op=0x38 cnt=7
[TU_TRACE] PKT4 reg=0xab30 cnt=8
[TU_TRACE] PKT7 op=0x43 cnt=3
[TU_TRACE] PKT7 op=0x38 cnt=7
[TU_TRACE] PKT4 reg=0xab30 cnt=8
[TU_TRACE] PKT7 op=0x43 cnt=3
[TU_TRACE] PKT7 op=0x38 cnt=7
[TU_TRACE] PKT4 reg=0xab30 cnt=8
[TU_TRACE] PKT7 op=0x43 cnt=3
[TU_TRACE] PKT7 op=0x38 cnt=7
[TU_TRACE] PKT4 reg=0xab30 cnt=8
[TU_TRACE] PKT7 op=0x43 cnt=3
[TU_TRACE] PKT7 op=0x38 cnt=7
[TU_TRACE] PKT4 reg=0xab30 cnt=8
[TU_TRACE] PKT7 op=0x43 cnt=3
[TU_TRACE] PKT7 op=0x38 cnt=7
[TU_TRACE] PKT4 reg=0xab30 cnt=8
[TU_TRACE] PKT7 op=0x43 cnt=3
[TU_TRACE] PKT7 op=0x38 cnt=7
[TU_TRACE] PKT4 reg=0xab30 cnt=8
[TU_TRACE] PKT7 op=0x43 cnt=3
[TU_TRACE] PKT7 op=0x38 cnt=7
[TU_TRACE] PKT4 reg=0xab30 cnt=8
[TU_TRACE] PKT7 op=0x43 cnt=3
[TU_TRACE] PKT7 op=0x38 cnt=7
[TU_TRACE] PKT4 reg=0xab30 cnt=8
[TU_TRACE] PKT7 op=0x43 cnt=3
[TU_TRACE] PKT7 op=0x38 cnt=7
[TU_TRACE] PKT4 reg=0xa00e cnt=2
[TU_TRACE] PKT4 reg=0x9b01 cnt=1
[TU_TRACE] PKT4 reg=0x930f cnt=1
[TU_TRACE] PKT4 reg=0x9b12 cnt=1
[TU_TRACE] PKT4 reg=0x8212 cnt=1
[TU_TRACE] PKT4 reg=0x810b cnt=1
[TU_TRACE] PKT4 reg=0x8898 cnt=1
[TU_TRACE] PKT4 reg=0x8089 cnt=1
[TU_TRACE] PKT4 reg=0x8870 cnt=1
[TU_TRACE] PKT4 reg=0xab30 cnt=8
[TU_TRACE] PKT4 reg=0xab1f cnt=1
[TU_TRACE] PKT7 op=0x43 cnt=90
[TU_TRACE] PKT7 op=0x38 cnt=7
[TU_TRACE] PKT4 reg=0xab30 cnt=8
[TU_TRACE] PKT7 op=0x43 cnt=3
[TU_TRACE] PKT7 op=0x38 cnt=7
[TU_TRACE] PKT4 reg=0xab30 cnt=8
[TU_TRACE] PKT7 op=0x43 cnt=3
[TU_TRACE] PKT7 op=0x38 cnt=7
[TU_TRACE] PKT4 reg=0xab30 cnt=8
[TU_TRACE] PKT7 op=0x43 cnt=3
[TU_TRACE] PKT7 op=0x38 cnt=7
[TU_TRACE] PKT4 reg=0xab30 cnt=8
[TU_TRACE] PKT7 op=0x43 cnt=3
[TU_TRACE] PKT7 op=0x38 cnt=7
[TU_TRACE] PKT4 reg=0xab30 cnt=8
[TU_TRACE] PKT7 op=0x43 cnt=3
[TU_TRACE] PKT7 op=0x38 cnt=7
[TU_TRACE] PKT4 reg=0xab30 cnt=8
[TU_TRACE] PKT7 op=0x43 cnt=3
[TU_TRACE] PKT7 op=0x38 cnt=7
[TU_TRACE] PKT4 reg=0xab30 cnt=8
[TU_TRACE] PKT7 op=0x43 cnt=3
[TU_TRACE] PKT7 op=0x38 cnt=7
[TU_TRACE] PKT4 reg=0xab30 cnt=8
[TU_TRACE] PKT7 op=0x43 cnt=3
[TU_TRACE] PKT7 op=0x38 cnt=7
[TU_TRACE] PKT4 reg=0xab30 cnt=8
[TU_TRACE] PKT7 op=0x43 cnt=3
[TU_TRACE] PKT7 op=0x38 cnt=7
[TU_TRACE] PKT4 reg=0xab30 cnt=8
[TU_TRACE] PKT7 op=0x43 cnt=3
[TU_TRACE] PKT7 op=0x38 cnt=7
[TU_TRACE] PKT4 reg=0xab30 cnt=8
[TU_TRACE] PKT7 op=0x43 cnt=3
[TU_TRACE] PKT7 op=0x38 cnt=7
[TU_TRACE] PKT4 reg=0xab30 cnt=8
[TU_TRACE] PKT7 op=0x43 cnt=3
[TU_TRACE] PKT7 op=0x38 cnt=7
[TU_TRACE] PKT4 reg=0xab30 cnt=8
[TU_TRACE] PKT7 op=0x43 cnt=3
[TU_TRACE] PKT7 op=0x38 cnt=7
[TU_TRACE] PKT4 reg=0xab30 cnt=8
[TU_TRACE] PKT7 op=0x43 cnt=3
[TU_TRACE] PKT7 op=0x38 cnt=7
[TU_TRACE] PKT4 reg=0xab30 cnt=8
[TU_TRACE] PKT7 op=0x43 cnt=3
[TU_TRACE] PKT7 op=0x38 cnt=7
[TU_TRACE] PKT4 reg=0xab30 cnt=8
[TU_TRACE] PKT7 op=0x43 cnt=3
[TU_TRACE] PKT7 op=0x38 cnt=7
[TU_TRACE] PKT4 reg=0xab30 cnt=8
[TU_TRACE] PKT7 op=0x43 cnt=3
[TU_TRACE] PKT7 op=0x38 cnt=7
[TU_TRACE] PKT4 reg=0xab30 cnt=8
[TU_TRACE] PKT7 op=0x43 cnt=3
[TU_TRACE] PKT7 op=0x38 cnt=7
[TU_TRACE] PKT4 reg=0xab30 cnt=8
[TU_TRACE] PKT7 op=0x43 cnt=3
[TU_TRACE] PKT7 op=0x38 cnt=7
[TU_TRACE] PKT4 reg=0xa00e cnt=2
[TU_TRACE] PKT4 reg=0x9b01 cnt=1
[TU_TRACE] PKT4 reg=0x930f cnt=1
[TU_TRACE] PKT4 reg=0x9b12 cnt=1
[TU_TRACE] PKT4 reg=0x8212 cnt=1
[TU_TRACE] PKT4 reg=0x810b cnt=1
[TU_TRACE] PKT4 reg=0x8898 cnt=1
[TU_TRACE] PKT4 reg=0x8089 cnt=1
[TU_TRACE] PKT4 reg=0x8870 cnt=1
[TU_TRACE] PKT4 reg=0xab30 cnt=8
[TU_TRACE] PKT4 reg=0xab1f cnt=1
[TU_TRACE] PKT7 op=0x43 cnt=90
[TU_TRACE] PKT7 op=0x38 cnt=7
[TU_TRACE] PKT4 reg=0xab30 cnt=8
[TU_TRACE] PKT7 op=0x43 cnt=3
[TU_TRACE] PKT7 op=0x38 cnt=7
[TU_TRACE] PKT4 reg=0xab30 cnt=8
[TU_TRACE] PKT7 op=0x43 cnt=3
[TU_TRACE] PKT7 op=0x38 cnt=7
[TU_TRACE] PKT4 reg=0xab30 cnt=8
[TU_TRACE] PKT7 op=0x43 cnt=3
[TU_TRACE] PKT7 op=0x38 cnt=7
[TU_TRACE] PKT4 reg=0xab30 cnt=8
[TU_TRACE] PKT7 op=0x43 cnt=3
[TU_TRACE] PKT7 op=0x38 cnt=7
[TU_TRACE] PKT4 reg=0xab30 cnt=8
[TU_TRACE] PKT7 op=0x43 cnt=3
[TU_TRACE] PKT7 op=0x38 cnt=7
[TU_TRACE] PKT4 reg=0xab30 cnt=8
[TU_TRACE] PKT7 op=0x43 cnt=3
[TU_TRACE] PKT7 op=0x38 cnt=7
[TU_TRACE] PKT4 reg=0xab30 cnt=8
[TU_TRACE] PKT7 op=0x43 cnt=3
[TU_TRACE] PKT7 op=0x38 cnt=7
[TU_TRACE] PKT4 reg=0xab30 cnt=8
[TU_TRACE] PKT7 op=0x43 cnt=3
[TU_TRACE] PKT7 op=0x38 cnt=7
[TU_TRACE] PKT4 reg=0xab30 cnt=8
[TU_TRACE] PKT7 op=0x43 cnt=3
[TU_TRACE] PKT7 op=0x38 cnt=7
[TU_TRACE] PKT4 reg=0xab30 cnt=8
[TU_TRACE] PKT7 op=0x43 cnt=3
[TU_TRACE] PKT7 op=0x38 cnt=7
[TU_TRACE] PKT4 reg=0xab30 cnt=8
[TU_TRACE] PKT7 op=0x43 cnt=3
[TU_TRACE] PKT7 op=0x38 cnt=7
[TU_TRACE] PKT4 reg=0xab30 cnt=8
[TU_TRACE] PKT7 op=0x43 cnt=3
[TU_TRACE] PKT7 op=0x38 cnt=7
[TU_TRACE] PKT4 reg=0xab30 cnt=8
[TU_TRACE] PKT7 op=0x43 cnt=3
[TU_TRACE] PKT7 op=0x38 cnt=7
[TU_TRACE] PKT4 reg=0xab30 cnt=8
[TU_TRACE] PKT7 op=0x43 cnt=3
[TU_TRACE] PKT7 op=0x38 cnt=7
[TU_TRACE] PKT4 reg=0xab30 cnt=8
[TU_TRACE] PKT7 op=0x43 cnt=3
[TU_TRACE] PKT7 op=0x38 cnt=7
[TU_TRACE] PKT4 reg=0xab30 cnt=8
[TU_TRACE] PKT7 op=0x43 cnt=3
[TU_TRACE] PKT7 op=0x38 cnt=7
[TU_TRACE] PKT4 reg=0xab30 cnt=8
[TU_TRACE] PKT7 op=0x43 cnt=3
[TU_TRACE] PKT7 op=0x38 cnt=7
[TU_TRACE] PKT4 reg=0xab30 cnt=8
[TU_TRACE] PKT7 op=0x43 cnt=3
[TU_TRACE] PKT7 op=0x38 cnt=7
[TU_TRACE] PKT4 reg=0xab30 cnt=8
[TU_TRACE] PKT7 op=0x43 cnt=3
[TU_TRACE] PKT7 op=0x38 cnt=7
[TU_TRACE] PKT7 op=0x65 cnt=1
[TU_TRACE] PKT4 reg=0x88d1 cnt=2
[TU_TRACE] PKT4 reg=0x88df cnt=4
[TU_TRACE] PKT4 reg=0x88d5 cnt=1
[TU_TRACE] PKT4 reg=0x88d0 cnt=1
[TU_TRACE] PKT4 reg=0x88e3 cnt=1
[TU_TRACE] PKT4 reg=0x88d7 cnt=4
[TU_TRACE] PKT4 reg=0x88dc cnt=3
[TU_TRACE] PKT4 reg=0x88d6 cnt=1
[TU_TRACE] PKT7 op=0x46 cnt=1
[TU_TRACE] PKT7 op=0x46 cnt=1
[TU_TRACE] PKT7 op=0x46 cnt=1
[TU_TRACE] PKT7 op=0x46 cnt=1
[TU_TRACE] PKT7 op=0x46 cnt=1
[TU_TRACE] PKT7 op=0x46 cnt=1
[TU_TRACE] PKT7 op=0x46 cnt=1
[TU_TRACE] PKT7 op=0x26 cnt=0
[TU_TRACE] PKT7 op=0x13 cnt=0
[TU_TRACE] PKT4 reg=0x88e5 cnt=1
[TU_TRACE] PKT7 op=0x17 cnt=1
[TU_TRACE] PKT7 op=0x17 cnt=1
[TU_TRACE] PKT4 reg=0x8812 cnt=1
[TU_TRACE] PKT4 reg=0x88e4 cnt=1
[TU_TRACE] PKT7 op=0x17 cnt=1
[TU_TRACE] PKT7 op=0x39 cnt=3
[TU_TRACE] PKT7 op=0x1d cnt=1
[TU_TRACE] PKT4 reg=0x8206 cnt=1
[TU_TRACE] PKT4 reg=0x88f5 cnt=1
[TU_TRACE] PKT4 reg=0x0c38 cnt=1
[TU_TRACE] PKT7 op=0x3e cnt=3
[TU_TRACE] PKT7 op=0x12 cnt=0
[TU_TRACE] PKT7 op=0x13 cnt=0
[TU_TRACE] PKT7 op=0x17 cnt=1
[TU_TRACE] PKT7 op=0x49 cnt=4
[TU_TRACE] PKT7 op=0x39 cnt=3
[TU_TRACE] PKT4 reg=0x8891 cnt=1
[TU_TRACE] PKT7 op=0x46 cnt=3
[TU_TRACE] PKT7 op=0x65 cnt=1
[TU_TRACE] PKT4 reg=0x8231 cnt=1
[TU_TRACE] PKT4 reg=0x8800 cnt=1
[TU_TRACE] PKT4 reg=0x88d3 cnt=1
[TU_TRACE] PKT4 reg=0xa007 cnt=1
[TU_TRACE] PKT4 reg=0x8235 cnt=2
[TU_TRACE] PKT4 reg=0x8507 cnt=2
[TU_TRACE] PKT7 op=0x64 cnt=1
[TU_TRACE] PKT7 op=0x63 cnt=1
[TU_TRACE] PKT4 reg=0x8206 cnt=1
[TU_TRACE] PKT4 reg=0x88f5 cnt=1
[TU_TRACE] PKT7 op=0x3f cnt=3
[TU_TRACE] PKT7 op=0x1d cnt=1
[TU_TRACE] PKT7 op=0x3f cnt=3
[TU_TRACE] PKT7 op=0x26 cnt=0
[TU_TRACE] PKT7 op=0x65 cnt=1
[TU_TRACE] PKT4 reg=0x8212 cnt=1
[TU_TRACE] PKT4 reg=0x810b cnt=1
[TU_TRACE] PKT7 op=0x46 cnt=1
[TU_TRACE] PKT7 op=0x46 cnt=4
[TU_TRACE] PKT7 op=0x46 cnt=1
[TU_TRACE] PKT4 reg=0x8891 cnt=1
[TU_TRACE] PKT7 op=0x46 cnt=3
[TU_TRACE] PKT7 op=0x43 cnt=3
[TU_TRACE] PKT7 op=0x46 cnt=1
[TU_TRACE] PKT7 op=0x46 cnt=1
[TU_TRACE] PKT7 op=0x46 cnt=4
[TU_TRACE] PKT7 op=0x17 cnt=1
[TU_TRACE] PKT7 op=0x46 cnt=1
[TU_TRACE] PKT7 op=0x46 cnt=1
[TU_TRACE] PKT7 op=0x46 cnt=1
[TU_TRACE] PKT7 op=0x46 cnt=1
[TU_TRACE] PKT7 op=0x26 cnt=0
[TU_TRACE] PKT4 reg=0xab1f cnt=1
[TU_TRACE] PKT7 op=0x26 cnt=0
[TU_TRACE] WRITE_REG reg=0x8228 val=0x00000000
[TU_TRACE] PKT4 reg=0x8228 cnt=1
[TU_TRACE] WRITE_REG reg=0x8229 val=0x00000000
[TU_TRACE] PKT4 reg=0x8229 cnt=1
[TU_TRACE] WRITE_REG reg=0x822a val=0x00000000
[TU_TRACE] PKT4 reg=0x822a cnt=1
[TU_TRACE] WRITE_REG reg=0x822b val=0x00000000
[TU_TRACE] PKT4 reg=0x822b cnt=1
[TU_TRACE] WRITE_REG reg=0x822c val=0x00000000
[TU_TRACE] PKT4 reg=0x822c cnt=1
[TU_TRACE] WRITE_REG reg=0x822d val=0x00000000
[TU_TRACE] PKT4 reg=0x822d cnt=1
[TU_TRACE] WRITE_REG reg=0x8818 val=0x00000000
[TU_TRACE] PKT4 reg=0x8818 cnt=1
[TU_TRACE] WRITE_REG reg=0x8819 val=0x00000000
[TU_TRACE] PKT4 reg=0x8819 cnt=1
[TU_TRACE] WRITE_REG reg=0x881a val=0x00000000
[TU_TRACE] PKT4 reg=0x881a cnt=1
[TU_TRACE] WRITE_REG reg=0x881b val=0x00000000
[TU_TRACE] PKT4 reg=0x881b cnt=1
[TU_TRACE] WRITE_REG reg=0x881c val=0x00000000
[TU_TRACE] PKT4 reg=0x881c cnt=1
[TU_TRACE] WRITE_REG reg=0x881d val=0x00000000
[TU_TRACE] PKT4 reg=0x881d cnt=1
[TU_TRACE] WRITE_REG reg=0x881e val=0x00000000
[TU_TRACE] PKT4 reg=0x881e cnt=1
[TU_TRACE] WRITE_REG reg=0x8899 val=0x00000000
[TU_TRACE] PKT4 reg=0x8899 cnt=1
[TU_TRACE] WRITE_REG reg=0x88f1 val=0x00000001
[TU_TRACE] PKT4 reg=0x88f1 cnt=1
[TU_TRACE] WRITE_REG reg=0xab01 val=0x00000000
[TU_TRACE] PKT4 reg=0xab01 cnt=1
[TU_TRACE] WRITE_REG reg=0xab02 val=0x00000000
[TU_TRACE] PKT4 reg=0xab02 cnt=1
[TU_TRACE] WRITE_REG reg=0xab23 val=0x00000000
[TU_TRACE] PKT4 reg=0xab23 cnt=1
[TU_TRACE] WRITE_REG reg=0xb182 val=0x00000004
[TU_TRACE] PKT4 reg=0xb182 cnt=1
[TU_TRACE] WRITE_REG reg=0xb183 val=0x00000000
[TU_TRACE] PKT4 reg=0xb183 cnt=1
[TU_TRACE] WRITE_REG reg=0x980b val=0x00800280
[TU_TRACE] PKT4 reg=0x980b cnt=1
[TU_TRACE] WRITE_REG reg=0x9b00 val=0x00003f00
[TU_TRACE] PKT4 reg=0x9b00 cnt=1
[TU_TRACE] PKT4 reg=0x8130 cnt=1
[TU_TRACE] PKT4 reg=0x8131 cnt=1
[TU_TRACE] WRITE_REG reg=0xae0f val=0x0000003f
[TU_TRACE] PKT4 reg=0xae0f cnt=1
[TU_TRACE] PKT4 reg=0xab09 cnt=1
[TU_TRACE] WRITE_REG reg=0xb182 val=0x00000000
[TU_TRACE] PKT4 reg=0xb182 cnt=1
[TU_TRACE] WRITE_REG reg=0xa9a8 val=0x00000000
[TU_TRACE] PKT4 reg=0xa9a8 cnt=1
[TU_TRACE] PKT4 reg=0xab00 cnt=1
[TU_TRACE] PKT4 reg=0xa009 cnt=1
[TU_TRACE] WRITE_REG reg=0x8811 val=0x00000010
[TU_TRACE] PKT4 reg=0x8811 cnt=1
[TU_TRACE] PKT4 reg=0x8213 cnt=1
[TU_TRACE] WRITE_REG reg=0x8818 val=0x00000000
[TU_TRACE] PKT4 reg=0x8818 cnt=1
[TU_TRACE] PKT4 reg=0x9310 cnt=1
[TU_TRACE] PKT4 reg=0x9312 cnt=1
[TU_TRACE] PKT4 reg=0x9305 cnt=1
[TU_TRACE] WRITE_REG reg=0xb183 val=0x00000000
[TU_TRACE] PKT4 reg=0xb183 cnt=1
[TU_TRACE] PKT4 reg=0x8234 cnt=1
[TU_TRACE] PKT4 reg=0xb309 cnt=1
[TU_TRACE] PKT4 reg=0xa9cb cnt=1
[TU_TRACE] WRITE_REG reg=0xa007 val=0x00000000
[TU_TRACE] PKT4 reg=0xa007 cnt=1
[TU_TRACE] PKT4 reg=0x8864 cnt=1
[TU_TRACE] PKT4 reg=0xaa0c cnt=1
[TU_TRACE] PKT4 reg=0xb302 cnt=2
[TU_TRACE] PKT4 reg=0xb180 cnt=2
[TU_TRACE] PKT4 reg=0x9814 cnt=1
[TU_TRACE] PKT4 reg=0x9815 cnt=1
[TU_TRACE] PKT4 reg=0xa980 cnt=1
[TU_TRACE] PKT4 reg=0xa827 cnt=1
[TU_TRACE] PKT4 reg=0x9313 cnt=1
[TU_TRACE] PKT4 reg=0x8c34 cnt=1
[TU_TRACE] PKT4 reg=0x88e5 cnt=1
[TU_TRACE] PKT7 op=0x43 cnt=3
[TU_TRACE] PKT7 op=0x1b cnt=2
[TU_TRACE] PKT7 op=0x17 cnt=1
[TU_TRACE] PKT7 op=0x55 cnt=3
[TU_TRACE] PKT7 op=0x17 cnt=1
[TU_TRACE] PKT7 op=0x55 cnt=3
[TU_TRACE] PKT7 op=0x17 cnt=1
[TU_TRACE] PKT7 op=0x39 cnt=3
[TU_TRACE] PKT7 op=0x55 cnt=3
[TU_TRACE] PKT7 op=0x55 cnt=3
[TU_TRACE] PKT7 op=0x17 cnt=1
[TU_TRACE] PKT4 reg=0x8212 cnt=1
[TU_TRACE] PKT4 reg=0x810b cnt=1
[TU_TRACE] PKT7 op=0x47 cnt=2
[TU_TRACE] PKT7 op=0x47 cnt=2
[TU_TRACE] PKT4 reg=0x88d1 cnt=2
[TU_TRACE] PKT4 reg=0x88df cnt=4
[TU_TRACE] PKT4 reg=0x88d5 cnt=1
[TU_TRACE] PKT4 reg=0x88d0 cnt=1
[TU_TRACE] PKT4 reg=0x88e3 cnt=1
[TU_TRACE] PKT4 reg=0x88d7 cnt=4
[TU_TRACE] PKT4 reg=0x88dc cnt=3
[TU_TRACE] PKT4 reg=0x88d6 cnt=1
[TU_TRACE] PKT7 op=0x46 cnt=1
[TU_TRACE] PKT7 op=0x46 cnt=1
[TU_TRACE] PKT4 reg=0x8872 cnt=6
[TU_TRACE] PKT4 reg=0x808d cnt=1
[TU_TRACE] PKT4 reg=0x8881 cnt=1
[TU_TRACE] PKT4 reg=0x808e cnt=2
[TU_TRACE] PKT4 reg=0x8092 cnt=1
[TU_TRACE] PKT4 reg=0x8090 cnt=2
[TU_TRACE] PKT7 op=0x46 cnt=1
[TU_TRACE] PKT7 op=0x43 cnt=6
[TU_TRACE] PKT4 reg=0xa010 cnt=3
[TU_TRACE] PKT4 reg=0x9b15 cnt=1
[TU_TRACE] PKT4 reg=0xa00e cnt=2
[TU_TRACE] PKT4 reg=0x9b01 cnt=1
[TU_TRACE] PKT4 reg=0x930f cnt=1
[TU_TRACE] PKT4 reg=0x9b12 cnt=1
[TU_TRACE] PKT4 reg=0x8212 cnt=1
[TU_TRACE] PKT4 reg=0x810b cnt=1
[TU_TRACE] PKT4 reg=0x8898 cnt=1
[TU_TRACE] PKT4 reg=0x8089 cnt=1
[TU_TRACE] PKT4 reg=0x8870 cnt=1
[TU_TRACE] PKT4 reg=0xab30 cnt=8
[TU_TRACE] PKT4 reg=0xab1f cnt=1
[TU_TRACE] PKT7 op=0x43 cnt=90
[TU_TRACE] PKT7 op=0x38 cnt=7
[TU_TRACE] PKT4 reg=0xab30 cnt=8
[TU_TRACE] PKT7 op=0x43 cnt=3
[TU_TRACE] PKT7 op=0x38 cnt=7
[TU_TRACE] PKT4 reg=0xab30 cnt=8
[TU_TRACE] PKT7 op=0x43 cnt=3
[TU_TRACE] PKT7 op=0x38 cnt=7
[TU_TRACE] PKT4 reg=0xab30 cnt=8
[TU_TRACE] PKT7 op=0x43 cnt=3
[TU_TRACE] PKT7 op=0x38 cnt=7
[TU_TRACE] PKT4 reg=0xab30 cnt=8
[TU_TRACE] PKT7 op=0x43 cnt=3
[TU_TRACE] PKT7 op=0x38 cnt=7
[TU_TRACE] PKT4 reg=0xab30 cnt=8
[TU_TRACE] PKT7 op=0x43 cnt=3
[TU_TRACE] PKT7 op=0x38 cnt=7
[TU_TRACE] PKT4 reg=0xab30 cnt=8
[TU_TRACE] PKT7 op=0x43 cnt=3
[TU_TRACE] PKT7 op=0x38 cnt=7
[TU_TRACE] PKT4 reg=0xab30 cnt=8
[TU_TRACE] PKT7 op=0x43 cnt=3
[TU_TRACE] PKT7 op=0x38 cnt=7
[TU_TRACE] PKT4 reg=0xab30 cnt=8
[TU_TRACE] PKT7 op=0x43 cnt=3
[TU_TRACE] PKT7 op=0x38 cnt=7
[TU_TRACE] PKT4 reg=0xab30 cnt=8
[TU_TRACE] PKT7 op=0x43 cnt=3
[TU_TRACE] PKT7 op=0x38 cnt=7
[TU_TRACE] PKT4 reg=0xab30 cnt=8
[TU_TRACE] PKT7 op=0x43 cnt=3
[TU_TRACE] PKT7 op=0x38 cnt=7
[TU_TRACE] PKT4 reg=0xab30 cnt=8
[TU_TRACE] PKT7 op=0x43 cnt=3
[TU_TRACE] PKT7 op=0x38 cnt=7
[TU_TRACE] PKT4 reg=0xab30 cnt=8
[TU_TRACE] PKT7 op=0x43 cnt=3
[TU_TRACE] PKT7 op=0x38 cnt=7
[TU_TRACE] PKT4 reg=0xab30 cnt=8
[TU_TRACE] PKT7 op=0x43 cnt=3
[TU_TRACE] PKT7 op=0x38 cnt=7
[TU_TRACE] PKT4 reg=0xab30 cnt=8
[TU_TRACE] PKT7 op=0x43 cnt=3
[TU_TRACE] PKT7 op=0x38 cnt=7
[TU_TRACE] PKT4 reg=0xab30 cnt=8
[TU_TRACE] PKT7 op=0x43 cnt=3
[TU_TRACE] PKT7 op=0x38 cnt=7
[TU_TRACE] PKT4 reg=0xab30 cnt=8
[TU_TRACE] PKT7 op=0x43 cnt=3
[TU_TRACE] PKT7 op=0x38 cnt=7
[TU_TRACE] PKT4 reg=0xab30 cnt=8
[TU_TRACE] PKT7 op=0x43 cnt=3
[TU_TRACE] PKT7 op=0x38 cnt=7
[TU_TRACE] PKT4 reg=0xab30 cnt=8
[TU_TRACE] PKT7 op=0x43 cnt=3
[TU_TRACE] PKT7 op=0x38 cnt=7
[TU_TRACE] PKT4 reg=0xab30 cnt=8
[TU_TRACE] PKT7 op=0x43 cnt=3
[TU_TRACE] PKT7 op=0x38 cnt=7
[TU_TRACE] PKT4 reg=0xa00e cnt=2
[TU_TRACE] PKT4 reg=0x9b01 cnt=1
[TU_TRACE] PKT4 reg=0x930f cnt=1
[TU_TRACE] PKT4 reg=0x9b12 cnt=1
[TU_TRACE] PKT4 reg=0x8212 cnt=1
[TU_TRACE] PKT4 reg=0x810b cnt=1
[TU_TRACE] PKT4 reg=0x8898 cnt=1
[TU_TRACE] PKT4 reg=0x8089 cnt=1
[TU_TRACE] PKT4 reg=0x8870 cnt=1
[TU_TRACE] PKT4 reg=0xab30 cnt=8
[TU_TRACE] PKT4 reg=0xab1f cnt=1
[TU_TRACE] PKT7 op=0x43 cnt=90
[TU_TRACE] PKT7 op=0x38 cnt=7
[TU_TRACE] PKT4 reg=0xab30 cnt=8
[TU_TRACE] PKT7 op=0x43 cnt=3
[TU_TRACE] PKT7 op=0x38 cnt=7
[TU_TRACE] PKT4 reg=0xab30 cnt=8
[TU_TRACE] PKT7 op=0x43 cnt=3
[TU_TRACE] PKT7 op=0x38 cnt=7
[TU_TRACE] PKT4 reg=0xab30 cnt=8
[TU_TRACE] PKT7 op=0x43 cnt=3
[TU_TRACE] PKT7 op=0x38 cnt=7
[TU_TRACE] PKT4 reg=0xab30 cnt=8
[TU_TRACE] PKT7 op=0x43 cnt=3
[TU_TRACE] PKT7 op=0x38 cnt=7
[TU_TRACE] PKT4 reg=0xab30 cnt=8
[TU_TRACE] PKT7 op=0x43 cnt=3
[TU_TRACE] PKT7 op=0x38 cnt=7
[TU_TRACE] PKT4 reg=0xab30 cnt=8
[TU_TRACE] PKT7 op=0x43 cnt=3
[TU_TRACE] PKT7 op=0x38 cnt=7
[TU_TRACE] PKT4 reg=0xab30 cnt=8
[TU_TRACE] PKT7 op=0x43 cnt=3
[TU_TRACE] PKT7 op=0x38 cnt=7
[TU_TRACE] PKT4 reg=0xab30 cnt=8
[TU_TRACE] PKT7 op=0x43 cnt=3
[TU_TRACE] PKT7 op=0x38 cnt=7
[TU_TRACE] PKT4 reg=0xab30 cnt=8
[TU_TRACE] PKT7 op=0x43 cnt=3
[TU_TRACE] PKT7 op=0x38 cnt=7
[TU_TRACE] PKT4 reg=0xab30 cnt=8
[TU_TRACE] PKT7 op=0x43 cnt=3
[TU_TRACE] PKT7 op=0x38 cnt=7
[TU_TRACE] PKT4 reg=0xab30 cnt=8
[TU_TRACE] PKT7 op=0x43 cnt=3
[TU_TRACE] PKT7 op=0x38 cnt=7
[TU_TRACE] PKT4 reg=0xab30 cnt=8
[TU_TRACE] PKT7 op=0x43 cnt=3
[TU_TRACE] PKT7 op=0x38 cnt=7
[TU_TRACE] PKT4 reg=0xab30 cnt=8
[TU_TRACE] PKT7 op=0x43 cnt=3
[TU_TRACE] PKT7 op=0x38 cnt=7
[TU_TRACE] PKT4 reg=0xab30 cnt=8
[TU_TRACE] PKT7 op=0x43 cnt=3
[TU_TRACE] PKT7 op=0x38 cnt=7
[TU_TRACE] PKT4 reg=0xab30 cnt=8
[TU_TRACE] PKT7 op=0x43 cnt=3
[TU_TRACE] PKT7 op=0x38 cnt=7
[TU_TRACE] PKT4 reg=0xab30 cnt=8
[TU_TRACE] PKT7 op=0x43 cnt=3
[TU_TRACE] PKT7 op=0x38 cnt=7
[TU_TRACE] PKT4 reg=0xab30 cnt=8
[TU_TRACE] PKT7 op=0x43 cnt=3
[TU_TRACE] PKT7 op=0x38 cnt=7
[TU_TRACE] PKT4 reg=0xab30 cnt=8
[TU_TRACE] PKT7 op=0x43 cnt=3
[TU_TRACE] PKT7 op=0x38 cnt=7
[TU_TRACE] PKT4 reg=0xab30 cnt=8
[TU_TRACE] PKT7 op=0x43 cnt=3
[TU_TRACE] PKT7 op=0x38 cnt=7
[TU_TRACE] PKT4 reg=0xa00e cnt=2
[TU_TRACE] PKT4 reg=0x9b01 cnt=1
[TU_TRACE] PKT4 reg=0x930f cnt=1
[TU_TRACE] PKT4 reg=0x9b12 cnt=1
[TU_TRACE] PKT4 reg=0x8212 cnt=1
[TU_TRACE] PKT4 reg=0x810b cnt=1
[TU_TRACE] PKT4 reg=0x8898 cnt=1
[TU_TRACE] PKT4 reg=0x8089 cnt=1
[TU_TRACE] PKT4 reg=0x8870 cnt=1
[TU_TRACE] PKT4 reg=0xab30 cnt=8
[TU_TRACE] PKT4 reg=0xab1f cnt=1
[TU_TRACE] PKT7 op=0x43 cnt=90
[TU_TRACE] PKT7 op=0x38 cnt=7
[TU_TRACE] PKT4 reg=0xab30 cnt=8
[TU_TRACE] PKT7 op=0x43 cnt=3
[TU_TRACE] PKT7 op=0x38 cnt=7
[TU_TRACE] PKT4 reg=0xab30 cnt=8
[TU_TRACE] PKT7 op=0x43 cnt=3
[TU_TRACE] PKT7 op=0x38 cnt=7
[TU_TRACE] PKT4 reg=0xab30 cnt=8
[TU_TRACE] PKT7 op=0x43 cnt=3
[TU_TRACE] PKT7 op=0x38 cnt=7
[TU_TRACE] PKT4 reg=0xab30 cnt=8
[TU_TRACE] PKT7 op=0x43 cnt=3
[TU_TRACE] PKT7 op=0x38 cnt=7
[TU_TRACE] PKT4 reg=0xab30 cnt=8
[TU_TRACE] PKT7 op=0x43 cnt=3
[TU_TRACE] PKT7 op=0x38 cnt=7
[TU_TRACE] PKT4 reg=0xab30 cnt=8
[TU_TRACE] PKT7 op=0x43 cnt=3
[TU_TRACE] PKT7 op=0x38 cnt=7
[TU_TRACE] PKT4 reg=0xab30 cnt=8
[TU_TRACE] PKT7 op=0x43 cnt=3
[TU_TRACE] PKT7 op=0x38 cnt=7
[TU_TRACE] PKT4 reg=0xab30 cnt=8
[TU_TRACE] PKT7 op=0x43 cnt=3
[TU_TRACE] PKT7 op=0x38 cnt=7
[TU_TRACE] PKT4 reg=0xab30 cnt=8
[TU_TRACE] PKT7 op=0x43 cnt=3
[TU_TRACE] PKT7 op=0x38 cnt=7
[TU_TRACE] PKT4 reg=0xab30 cnt=8
[TU_TRACE] PKT7 op=0x43 cnt=3
[TU_TRACE] PKT7 op=0x38 cnt=7
[TU_TRACE] PKT4 reg=0xab30 cnt=8
[TU_TRACE] PKT7 op=0x43 cnt=3
[TU_TRACE] PKT7 op=0x38 cnt=7
[TU_TRACE] PKT4 reg=0xab30 cnt=8
[TU_TRACE] PKT7 op=0x43 cnt=3
[TU_TRACE] PKT7 op=0x38 cnt=7
[TU_TRACE] PKT4 reg=0xab30 cnt=8
[TU_TRACE] PKT7 op=0x43 cnt=3
[TU_TRACE] PKT7 op=0x38 cnt=7
[TU_TRACE] PKT4 reg=0xab30 cnt=8
[TU_TRACE] PKT7 op=0x43 cnt=3
[TU_TRACE] PKT7 op=0x38 cnt=7
[TU_TRACE] PKT4 reg=0xab30 cnt=8
[TU_TRACE] PKT7 op=0x43 cnt=3
[TU_TRACE] PKT7 op=0x38 cnt=7
[TU_TRACE] PKT4 reg=0xab30 cnt=8
[TU_TRACE] PKT7 op=0x43 cnt=3
[TU_TRACE] PKT7 op=0x38 cnt=7
[TU_TRACE] PKT4 reg=0xab30 cnt=8
[TU_TRACE] PKT7 op=0x43 cnt=3
[TU_TRACE] PKT7 op=0x38 cnt=7
[TU_TRACE] PKT4 reg=0xab30 cnt=8
[TU_TRACE] PKT7 op=0x43 cnt=3
[TU_TRACE] PKT7 op=0x38 cnt=7
[TU_TRACE] PKT4 reg=0xab30 cnt=8
[TU_TRACE] PKT7 op=0x43 cnt=3
[TU_TRACE] PKT7 op=0x38 cnt=7
[TU_TRACE] PKT4 reg=0xa00e cnt=2
[TU_TRACE] PKT4 reg=0x9b01 cnt=1
[TU_TRACE] PKT4 reg=0x930f cnt=1
[TU_TRACE] PKT4 reg=0x9b12 cnt=1
[TU_TRACE] PKT4 reg=0x8212 cnt=1
[TU_TRACE] PKT4 reg=0x810b cnt=1
[TU_TRACE] PKT4 reg=0x8898 cnt=1
[TU_TRACE] PKT4 reg=0x8089 cnt=1
[TU_TRACE] PKT4 reg=0x8870 cnt=1
[TU_TRACE] PKT4 reg=0xab30 cnt=8
[TU_TRACE] PKT4 reg=0xab1f cnt=1
[TU_TRACE] PKT7 op=0x43 cnt=90
[TU_TRACE] PKT7 op=0x38 cnt=7
[TU_TRACE] PKT4 reg=0xab30 cnt=8
[TU_TRACE] PKT7 op=0x43 cnt=3
[TU_TRACE] PKT7 op=0x38 cnt=7
[TU_TRACE] PKT4 reg=0xab30 cnt=8
[TU_TRACE] PKT7 op=0x43 cnt=3
[TU_TRACE] PKT7 op=0x38 cnt=7
[TU_TRACE] PKT4 reg=0xab30 cnt=8
[TU_TRACE] PKT7 op=0x43 cnt=3
[TU_TRACE] PKT7 op=0x38 cnt=7
[TU_TRACE] PKT4 reg=0xab30 cnt=8
[TU_TRACE] PKT7 op=0x43 cnt=3
[TU_TRACE] PKT7 op=0x38 cnt=7
[TU_TRACE] PKT4 reg=0xab30 cnt=8
[TU_TRACE] PKT7 op=0x43 cnt=3
[TU_TRACE] PKT7 op=0x38 cnt=7
[TU_TRACE] PKT4 reg=0xab30 cnt=8
[TU_TRACE] PKT7 op=0x43 cnt=3
[TU_TRACE] PKT7 op=0x38 cnt=7
[TU_TRACE] PKT4 reg=0xab30 cnt=8
[TU_TRACE] PKT7 op=0x43 cnt=3
[TU_TRACE] PKT7 op=0x38 cnt=7
[TU_TRACE] PKT4 reg=0xab30 cnt=8
[TU_TRACE] PKT7 op=0x43 cnt=3
[TU_TRACE] PKT7 op=0x38 cnt=7
[TU_TRACE] PKT4 reg=0xab30 cnt=8
[TU_TRACE] PKT7 op=0x43 cnt=3
[TU_TRACE] PKT7 op=0x38 cnt=7
[TU_TRACE] PKT4 reg=0xab30 cnt=8
[TU_TRACE] PKT7 op=0x43 cnt=3
[TU_TRACE] PKT7 op=0x38 cnt=7
[TU_TRACE] PKT4 reg=0xab30 cnt=8
[TU_TRACE] PKT7 op=0x43 cnt=3
[TU_TRACE] PKT7 op=0x38 cnt=7
[TU_TRACE] PKT4 reg=0xab30 cnt=8
[TU_TRACE] PKT7 op=0x43 cnt=3
[TU_TRACE] PKT7 op=0x38 cnt=7
[TU_TRACE] PKT4 reg=0xab30 cnt=8
[TU_TRACE] PKT7 op=0x43 cnt=3
[TU_TRACE] PKT7 op=0x38 cnt=7
[TU_TRACE] PKT4 reg=0xab30 cnt=8
[TU_TRACE] PKT7 op=0x43 cnt=3
[TU_TRACE] PKT7 op=0x38 cnt=7
[TU_TRACE] PKT4 reg=0xab30 cnt=8
[TU_TRACE] PKT7 op=0x43 cnt=3
[TU_TRACE] PKT7 op=0x38 cnt=7
[TU_TRACE] PKT4 reg=0xab30 cnt=8
[TU_TRACE] PKT7 op=0x43 cnt=3
[TU_TRACE] PKT7 op=0x38 cnt=7
[TU_TRACE] PKT4 reg=0xab30 cnt=8
[TU_TRACE] PKT7 op=0x43 cnt=3
[TU_TRACE] PKT7 op=0x38 cnt=7
[TU_TRACE] PKT4 reg=0xab30 cnt=8
[TU_TRACE] PKT7 op=0x43 cnt=3
[TU_TRACE] PKT7 op=0x38 cnt=7
[TU_TRACE] PKT4 reg=0xab30 cnt=8
[TU_TRACE] PKT7 op=0x43 cnt=3
[TU_TRACE] PKT7 op=0x38 cnt=7
[TU_TRACE] PKT4 reg=0xa00e cnt=2
[TU_TRACE] PKT4 reg=0x9b01 cnt=1
[TU_TRACE] PKT4 reg=0x930f cnt=1
[TU_TRACE] PKT4 reg=0x9b12 cnt=1
[TU_TRACE] PKT4 reg=0x8212 cnt=1
[TU_TRACE] PKT4 reg=0x810b cnt=1
[TU_TRACE] PKT4 reg=0x8898 cnt=1
[TU_TRACE] PKT4 reg=0x8089 cnt=1
[TU_TRACE] PKT4 reg=0x8870 cnt=1
[TU_TRACE] PKT4 reg=0xab30 cnt=8
[TU_TRACE] PKT4 reg=0xab1f cnt=1
[TU_TRACE] PKT7 op=0x43 cnt=90
[TU_TRACE] PKT7 op=0x38 cnt=7
[TU_TRACE] PKT4 reg=0xab30 cnt=8
[TU_TRACE] PKT7 op=0x43 cnt=3
[TU_TRACE] PKT7 op=0x38 cnt=7
[TU_TRACE] PKT4 reg=0xab30 cnt=8
[TU_TRACE] PKT7 op=0x43 cnt=3
[TU_TRACE] PKT7 op=0x38 cnt=7
[TU_TRACE] PKT4 reg=0xab30 cnt=8
[TU_TRACE] PKT7 op=0x43 cnt=3
[TU_TRACE] PKT7 op=0x38 cnt=7
[TU_TRACE] PKT4 reg=0xab30 cnt=8
[TU_TRACE] PKT7 op=0x43 cnt=3
[TU_TRACE] PKT7 op=0x38 cnt=7
[TU_TRACE] PKT4 reg=0xab30 cnt=8
[TU_TRACE] PKT7 op=0x43 cnt=3
[TU_TRACE] PKT7 op=0x38 cnt=7
[TU_TRACE] PKT4 reg=0xab30 cnt=8
[TU_TRACE] PKT7 op=0x43 cnt=3
[TU_TRACE] PKT7 op=0x38 cnt=7
[TU_TRACE] PKT4 reg=0xab30 cnt=8
[TU_TRACE] PKT7 op=0x43 cnt=3
[TU_TRACE] PKT7 op=0x38 cnt=7
[TU_TRACE] PKT4 reg=0xab30 cnt=8
[TU_TRACE] PKT7 op=0x43 cnt=3
[TU_TRACE] PKT7 op=0x38 cnt=7
[TU_TRACE] PKT4 reg=0xab30 cnt=8
[TU_TRACE] PKT7 op=0x43 cnt=3
[TU_TRACE] PKT7 op=0x38 cnt=7
[TU_TRACE] PKT4 reg=0xab30 cnt=8
[TU_TRACE] PKT7 op=0x43 cnt=3
[TU_TRACE] PKT7 op=0x38 cnt=7
[TU_TRACE] PKT4 reg=0xab30 cnt=8
[TU_TRACE] PKT7 op=0x43 cnt=3
[TU_TRACE] PKT7 op=0x38 cnt=7
[TU_TRACE] PKT4 reg=0xab30 cnt=8
[TU_TRACE] PKT7 op=0x43 cnt=3
[TU_TRACE] PKT7 op=0x38 cnt=7
[TU_TRACE] PKT4 reg=0xab30 cnt=8
[TU_TRACE] PKT7 op=0x43 cnt=3
[TU_TRACE] PKT7 op=0x38 cnt=7
[TU_TRACE] PKT4 reg=0xab30 cnt=8
[TU_TRACE] PKT7 op=0x43 cnt=3
[TU_TRACE] PKT7 op=0x38 cnt=7
[TU_TRACE] PKT4 reg=0xab30 cnt=8
[TU_TRACE] PKT7 op=0x43 cnt=3
[TU_TRACE] PKT7 op=0x38 cnt=7
[TU_TRACE] PKT4 reg=0xab30 cnt=8
[TU_TRACE] PKT7 op=0x43 cnt=3
[TU_TRACE] PKT7 op=0x38 cnt=7
[TU_TRACE] PKT4 reg=0xab30 cnt=8
[TU_TRACE] PKT7 op=0x43 cnt=3
[TU_TRACE] PKT7 op=0x38 cnt=7
[TU_TRACE] PKT4 reg=0xab30 cnt=8
[TU_TRACE] PKT7 op=0x43 cnt=3
[TU_TRACE] PKT7 op=0x38 cnt=7
[TU_TRACE] PKT4 reg=0xab30 cnt=8
[TU_TRACE] PKT7 op=0x43 cnt=3
[TU_TRACE] PKT7 op=0x38 cnt=7
[TU_TRACE] PKT7 op=0x65 cnt=1
[TU_TRACE] PKT4 reg=0x88d1 cnt=2
[TU_TRACE] PKT4 reg=0x88df cnt=4
[TU_TRACE] PKT4 reg=0x88d5 cnt=1
[TU_TRACE] PKT4 reg=0x88d0 cnt=1
[TU_TRACE] PKT4 reg=0x88e3 cnt=1
[TU_TRACE] PKT4 reg=0x88d7 cnt=4
[TU_TRACE] PKT4 reg=0x88dc cnt=3
[TU_TRACE] PKT4 reg=0x88d6 cnt=1
[TU_TRACE] PKT7 op=0x46 cnt=1
[TU_TRACE] PKT7 op=0x46 cnt=1
[TU_TRACE] PKT7 op=0x46 cnt=1
[TU_TRACE] PKT7 op=0x46 cnt=1
[TU_TRACE] PKT7 op=0x46 cnt=1
[TU_TRACE] PKT7 op=0x46 cnt=1
[TU_TRACE] PKT7 op=0x46 cnt=1
[TU_TRACE] PKT7 op=0x26 cnt=0
[TU_TRACE] PKT7 op=0x13 cnt=0
[TU_TRACE] PKT4 reg=0x88e5 cnt=1
[TU_TRACE] PKT7 op=0x17 cnt=1
[TU_TRACE] PKT7 op=0x17 cnt=1
[TU_TRACE] PKT4 reg=0x8812 cnt=1
[TU_TRACE] PKT4 reg=0x88e4 cnt=1
[TU_TRACE] PKT7 op=0x17 cnt=1
[TU_TRACE] PKT7 op=0x39 cnt=3
[TU_TRACE] PKT7 op=0x1d cnt=1
[TU_TRACE] PKT4 reg=0x8206 cnt=1
[TU_TRACE] PKT4 reg=0x88f5 cnt=1
[TU_TRACE] PKT4 reg=0x0c38 cnt=1
[TU_TRACE] PKT7 op=0x3e cnt=3
[TU_TRACE] PKT7 op=0x12 cnt=0
[TU_TRACE] PKT7 op=0x13 cnt=0
[TU_TRACE] PKT7 op=0x17 cnt=1
[TU_TRACE] PKT7 op=0x49 cnt=4
[TU_TRACE] PKT7 op=0x39 cnt=3
[TU_TRACE] PKT4 reg=0x8891 cnt=1
[TU_TRACE] PKT7 op=0x46 cnt=3
[TU_TRACE] PKT7 op=0x65 cnt=1
[TU_TRACE] PKT4 reg=0x8231 cnt=1
[TU_TRACE] PKT4 reg=0x8800 cnt=1
[TU_TRACE] PKT4 reg=0x88d3 cnt=1
[TU_TRACE] PKT4 reg=0xa007 cnt=1
[TU_TRACE] PKT4 reg=0x8235 cnt=2
[TU_TRACE] PKT4 reg=0x8507 cnt=2
[TU_TRACE] PKT7 op=0x64 cnt=1
[TU_TRACE] PKT7 op=0x63 cnt=1
[TU_TRACE] PKT4 reg=0x8206 cnt=1
[TU_TRACE] PKT4 reg=0x88f5 cnt=1
[TU_TRACE] PKT7 op=0x3f cnt=3
[TU_TRACE] PKT7 op=0x1d cnt=1
[TU_TRACE] PKT7 op=0x3f cnt=3
[TU_TRACE] PKT7 op=0x26 cnt=0
[TU_TRACE] PKT7 op=0x65 cnt=1
[TU_TRACE] PKT4 reg=0x8212 cnt=1
[TU_TRACE] PKT4 reg=0x810b cnt=1
[TU_TRACE] PKT7 op=0x46 cnt=1
[TU_TRACE] PKT7 op=0x46 cnt=4
[TU_TRACE] PKT7 op=0x46 cnt=1
[TU_TRACE] PKT4 reg=0x8891 cnt=1
[TU_TRACE] PKT7 op=0x46 cnt=3
[TU_TRACE] PKT7 op=0x43 cnt=3
[TU_TRACE] PKT7 op=0x46 cnt=1
[TU_TRACE] PKT7 op=0x46 cnt=1
[TU_TRACE] PKT7 op=0x46 cnt=4
[TU_TRACE] PKT7 op=0x17 cnt=1
[TU_TRACE] PKT7 op=0x46 cnt=1
[TU_TRACE] PKT7 op=0x46 cnt=1
[TU_TRACE] PKT7 op=0x46 cnt=1
[TU_TRACE] PKT7 op=0x46 cnt=1
[TU_TRACE] PKT7 op=0x26 cnt=0
[TU_TRACE] PKT4 reg=0xab1f cnt=1
[TU_TRACE] PKT7 op=0x26 cnt=0
[TU_TRACE] WRITE_REG reg=0x8228 val=0x00000000
[TU_TRACE] PKT4 reg=0x8228 cnt=1
[TU_TRACE] WRITE_REG reg=0x8229 val=0x00000000
[TU_TRACE] PKT4 reg=0x8229 cnt=1
[TU_TRACE] WRITE_REG reg=0x822a val=0x00000000
[TU_TRACE] PKT4 reg=0x822a cnt=1
[TU_TRACE] WRITE_REG reg=0x822b val=0x00000000
[TU_TRACE] PKT4 reg=0x822b cnt=1
[TU_TRACE] WRITE_REG reg=0x822c val=0x00000000
[TU_TRACE] PKT4 reg=0x822c cnt=1
[TU_TRACE] WRITE_REG reg=0x822d val=0x00000000
[TU_TRACE] PKT4 reg=0x822d cnt=1
[TU_TRACE] WRITE_REG reg=0x8818 val=0x00000000
[TU_TRACE] PKT4 reg=0x8818 cnt=1
[TU_TRACE] WRITE_REG reg=0x8819 val=0x00000000
[TU_TRACE] PKT4 reg=0x8819 cnt=1
[TU_TRACE] WRITE_REG reg=0x881a val=0x00000000
[TU_TRACE] PKT4 reg=0x881a cnt=1
[TU_TRACE] WRITE_REG reg=0x881b val=0x00000000
[TU_TRACE] PKT4 reg=0x881b cnt=1
[TU_TRACE] WRITE_REG reg=0x881c val=0x00000000
[TU_TRACE] PKT4 reg=0x881c cnt=1
[TU_TRACE] WRITE_REG reg=0x881d val=0x00000000
[TU_TRACE] PKT4 reg=0x881d cnt=1
[TU_TRACE] WRITE_REG reg=0x881e val=0x00000000
[TU_TRACE] PKT4 reg=0x881e cnt=1
[TU_TRACE] WRITE_REG reg=0x8899 val=0x00000000
[TU_TRACE] PKT4 reg=0x8899 cnt=1
[TU_TRACE] WRITE_REG reg=0x88f1 val=0x00000001
[TU_TRACE] PKT4 reg=0x88f1 cnt=1
[TU_TRACE] WRITE_REG reg=0xab01 val=0x00000000
[TU_TRACE] PKT4 reg=0xab01 cnt=1
[TU_TRACE] WRITE_REG reg=0xab02 val=0x00000000
[TU_TRACE] PKT4 reg=0xab02 cnt=1
[TU_TRACE] WRITE_REG reg=0xab23 val=0x00000000
[TU_TRACE] PKT4 reg=0xab23 cnt=1
[TU_TRACE] WRITE_REG reg=0xb182 val=0x00000004
[TU_TRACE] PKT4 reg=0xb182 cnt=1
[TU_TRACE] WRITE_REG reg=0xb183 val=0x00000000
[TU_TRACE] PKT4 reg=0xb183 cnt=1
[TU_TRACE] WRITE_REG reg=0x980b val=0x00800280
[TU_TRACE] PKT4 reg=0x980b cnt=1
[TU_TRACE] WRITE_REG reg=0x9b00 val=0x00003f00
[TU_TRACE] PKT4 reg=0x9b00 cnt=1
[TU_TRACE] PKT4 reg=0x8130 cnt=1
[TU_TRACE] PKT4 reg=0x8131 cnt=1
[TU_TRACE] WRITE_REG reg=0xae0f val=0x0000003f
[TU_TRACE] PKT4 reg=0xae0f cnt=1
[TU_TRACE] PKT4 reg=0xab09 cnt=1
[TU_TRACE] WRITE_REG reg=0xb182 val=0x00000000
[TU_TRACE] PKT4 reg=0xb182 cnt=1
[TU_TRACE] WRITE_REG reg=0xa9a8 val=0x00000000
[TU_TRACE] PKT4 reg=0xa9a8 cnt=1
[TU_TRACE] PKT4 reg=0xab00 cnt=1
[TU_TRACE] PKT4 reg=0xa009 cnt=1
[TU_TRACE] WRITE_REG reg=0x8811 val=0x00000010
[TU_TRACE] PKT4 reg=0x8811 cnt=1
[TU_TRACE] PKT4 reg=0x8213 cnt=1
[TU_TRACE] WRITE_REG reg=0x8818 val=0x00000000
[TU_TRACE] PKT4 reg=0x8818 cnt=1
[TU_TRACE] PKT4 reg=0x9310 cnt=1
[TU_TRACE] PKT4 reg=0x9312 cnt=1
[TU_TRACE] PKT4 reg=0x9305 cnt=1
[TU_TRACE] WRITE_REG reg=0xb183 val=0x00000000
[TU_TRACE] PKT4 reg=0xb183 cnt=1
[TU_TRACE] PKT4 reg=0x8234 cnt=1
[TU_TRACE] PKT4 reg=0xb309 cnt=1
[TU_TRACE] PKT4 reg=0xa9cb cnt=1
[TU_TRACE] WRITE_REG reg=0xa007 val=0x00000000
[TU_TRACE] PKT4 reg=0xa007 cnt=1
[TU_TRACE] PKT4 reg=0x8864 cnt=1
[TU_TRACE] PKT4 reg=0xaa0c cnt=1
[TU_TRACE] PKT4 reg=0xb302 cnt=2
[TU_TRACE] PKT4 reg=0xb180 cnt=2
[TU_TRACE] PKT4 reg=0x9814 cnt=1
[TU_TRACE] PKT4 reg=0x9815 cnt=1
[TU_TRACE] PKT4 reg=0xa980 cnt=1
[TU_TRACE] PKT4 reg=0xa827 cnt=1
[TU_TRACE] PKT4 reg=0x9313 cnt=1
[TU_TRACE] PKT4 reg=0x8c34 cnt=1
[TU_TRACE] PKT4 reg=0x88e5 cnt=1
[TU_TRACE] PKT7 op=0x43 cnt=3
[TU_TRACE] PKT7 op=0x1b cnt=2
[TU_TRACE] PKT7 op=0x17 cnt=1
[TU_TRACE] PKT7 op=0x55 cnt=3
[TU_TRACE] PKT7 op=0x17 cnt=1
[TU_TRACE] PKT7 op=0x55 cnt=3
[TU_TRACE] PKT7 op=0x17 cnt=1
[TU_TRACE] PKT7 op=0x39 cnt=3
[TU_TRACE] PKT7 op=0x55 cnt=3
[TU_TRACE] PKT7 op=0x55 cnt=3
[TU_TRACE] PKT7 op=0x17 cnt=1
[TU_TRACE] PKT4 reg=0x8212 cnt=1
[TU_TRACE] PKT4 reg=0x810b cnt=1
[TU_TRACE] PKT7 op=0x47 cnt=2
[TU_TRACE] PKT7 op=0x47 cnt=2
[TU_TRACE] PKT4 reg=0x88d1 cnt=2
[TU_TRACE] PKT4 reg=0x88df cnt=4
[TU_TRACE] PKT4 reg=0x88d5 cnt=1
[TU_TRACE] PKT4 reg=0x88d0 cnt=1
[TU_TRACE] PKT4 reg=0x88e3 cnt=1
[TU_TRACE] PKT4 reg=0x88d7 cnt=4
[TU_TRACE] PKT4 reg=0x88dc cnt=3
[TU_TRACE] PKT4 reg=0x88d6 cnt=1
[TU_TRACE] PKT7 op=0x46 cnt=1
[TU_TRACE] PKT7 op=0x46 cnt=1
[TU_TRACE] PKT4 reg=0x8872 cnt=6
[TU_TRACE] PKT4 reg=0x808d cnt=1
[TU_TRACE] PKT4 reg=0x8881 cnt=1
[TU_TRACE] PKT4 reg=0x808e cnt=2
[TU_TRACE] PKT4 reg=0x8092 cnt=1
[TU_TRACE] PKT4 reg=0x8090 cnt=2
[TU_TRACE] PKT7 op=0x46 cnt=1
[TU_TRACE] PKT7 op=0x43 cnt=6
[TU_TRACE] PKT4 reg=0xa010 cnt=3
[TU_TRACE] PKT4 reg=0x9b15 cnt=1
[TU_TRACE] PKT4 reg=0xa00e cnt=2
[TU_TRACE] PKT4 reg=0x9b01 cnt=1
[TU_TRACE] PKT4 reg=0x930f cnt=1
[TU_TRACE] PKT4 reg=0x9b12 cnt=1
[TU_TRACE] PKT4 reg=0x8212 cnt=1
[TU_TRACE] PKT4 reg=0x810b cnt=1
[TU_TRACE] PKT4 reg=0x8898 cnt=1
[TU_TRACE] PKT4 reg=0x8089 cnt=1
[TU_TRACE] PKT4 reg=0x8870 cnt=1
[TU_TRACE] PKT4 reg=0xab30 cnt=8
[TU_TRACE] PKT4 reg=0xab1f cnt=1
[TU_TRACE] PKT7 op=0x43 cnt=90
[TU_TRACE] PKT7 op=0x38 cnt=7
[TU_TRACE] PKT4 reg=0xab30 cnt=8
[TU_TRACE] PKT7 op=0x43 cnt=3
[TU_TRACE] PKT7 op=0x38 cnt=7
[TU_TRACE] PKT4 reg=0xab30 cnt=8
[TU_TRACE] PKT7 op=0x43 cnt=3
[TU_TRACE] PKT7 op=0x38 cnt=7
[TU_TRACE] PKT4 reg=0xab30 cnt=8
[TU_TRACE] PKT7 op=0x43 cnt=3
[TU_TRACE] PKT7 op=0x38 cnt=7
[TU_TRACE] PKT4 reg=0xab30 cnt=8
[TU_TRACE] PKT7 op=0x43 cnt=3
[TU_TRACE] PKT7 op=0x38 cnt=7
[TU_TRACE] PKT4 reg=0xab30 cnt=8
[TU_TRACE] PKT7 op=0x43 cnt=3
[TU_TRACE] PKT7 op=0x38 cnt=7
[TU_TRACE] PKT4 reg=0xab30 cnt=8
[TU_TRACE] PKT7 op=0x43 cnt=3
[TU_TRACE] PKT7 op=0x38 cnt=7
[TU_TRACE] PKT4 reg=0xab30 cnt=8
[TU_TRACE] PKT7 op=0x43 cnt=3
[TU_TRACE] PKT7 op=0x38 cnt=7
[TU_TRACE] PKT4 reg=0xab30 cnt=8
[TU_TRACE] PKT7 op=0x43 cnt=3
[TU_TRACE] PKT7 op=0x38 cnt=7
[TU_TRACE] PKT4 reg=0xab30 cnt=8
[TU_TRACE] PKT7 op=0x43 cnt=3
[TU_TRACE] PKT7 op=0x38 cnt=7
[TU_TRACE] PKT4 reg=0xab30 cnt=8
[TU_TRACE] PKT7 op=0x43 cnt=3
[TU_TRACE] PKT7 op=0x38 cnt=7
[TU_TRACE] PKT4 reg=0xab30 cnt=8
[TU_TRACE] PKT7 op=0x43 cnt=3
[TU_TRACE] PKT7 op=0x38 cnt=7
[TU_TRACE] PKT4 reg=0xab30 cnt=8
[TU_TRACE] PKT7 op=0x43 cnt=3
[TU_TRACE] PKT7 op=0x38 cnt=7
[TU_TRACE] PKT4 reg=0xab30 cnt=8
[TU_TRACE] PKT7 op=0x43 cnt=3
[TU_TRACE] PKT7 op=0x38 cnt=7
[TU_TRACE] PKT4 reg=0xab30 cnt=8
[TU_TRACE] PKT7 op=0x43 cnt=3
[TU_TRACE] PKT7 op=0x38 cnt=7
[TU_TRACE] PKT4 reg=0xab30 cnt=8
[TU_TRACE] PKT7 op=0x43 cnt=3
[TU_TRACE] PKT7 op=0x38 cnt=7
[TU_TRACE] PKT4 reg=0xab30 cnt=8
[TU_TRACE] PKT7 op=0x43 cnt=3
[TU_TRACE] PKT7 op=0x38 cnt=7
[TU_TRACE] PKT4 reg=0xab30 cnt=8
[TU_TRACE] PKT7 op=0x43 cnt=3
[TU_TRACE] PKT7 op=0x38 cnt=7
[TU_TRACE] PKT4 reg=0xab30 cnt=8
[TU_TRACE] PKT7 op=0x43 cnt=3
[TU_TRACE] PKT7 op=0x38 cnt=7
[TU_TRACE] PKT4 reg=0xab30 cnt=8
[TU_TRACE] PKT7 op=0x43 cnt=3
[TU_TRACE] PKT7 op=0x38 cnt=7
[TU_TRACE] PKT4 reg=0xa00e cnt=2
[TU_TRACE] PKT4 reg=0x9b01 cnt=1
[TU_TRACE] PKT4 reg=0x930f cnt=1
[TU_TRACE] PKT4 reg=0x9b12 cnt=1
[TU_TRACE] PKT4 reg=0x8212 cnt=1
[TU_TRACE] PKT4 reg=0x810b cnt=1
[TU_TRACE] PKT4 reg=0x8898 cnt=1
[TU_TRACE] PKT4 reg=0x8089 cnt=1
[TU_TRACE] PKT4 reg=0x8870 cnt=1
[TU_TRACE] PKT4 reg=0xab30 cnt=8
[TU_TRACE] PKT4 reg=0xab1f cnt=1
[TU_TRACE] PKT7 op=0x43 cnt=90
[TU_TRACE] PKT7 op=0x38 cnt=7
[TU_TRACE] PKT4 reg=0xab30 cnt=8
[TU_TRACE] PKT7 op=0x43 cnt=3
[TU_TRACE] PKT7 op=0x38 cnt=7
[TU_TRACE] PKT4 reg=0xab30 cnt=8
[TU_TRACE] PKT7 op=0x43 cnt=3
[TU_TRACE] PKT7 op=0x38 cnt=7
[TU_TRACE] PKT4 reg=0xab30 cnt=8
[TU_TRACE] PKT7 op=0x43 cnt=3
[TU_TRACE] PKT7 op=0x38 cnt=7
[TU_TRACE] PKT4 reg=0xab30 cnt=8
[TU_TRACE] PKT7 op=0x43 cnt=3
[TU_TRACE] PKT7 op=0x38 cnt=7
[TU_TRACE] PKT4 reg=0xab30 cnt=8
[TU_TRACE] PKT7 op=0x43 cnt=3
[TU_TRACE] PKT7 op=0x38 cnt=7
[TU_TRACE] PKT4 reg=0xab30 cnt=8
[TU_TRACE] PKT7 op=0x43 cnt=3
[TU_TRACE] PKT7 op=0x38 cnt=7
[TU_TRACE] PKT4 reg=0xab30 cnt=8
[TU_TRACE] PKT7 op=0x43 cnt=3
[TU_TRACE] PKT7 op=0x38 cnt=7
[TU_TRACE] PKT4 reg=0xab30 cnt=8
[TU_TRACE] PKT7 op=0x43 cnt=3
[TU_TRACE] PKT7 op=0x38 cnt=7
[TU_TRACE] PKT4 reg=0xab30 cnt=8
[TU_TRACE] PKT7 op=0x43 cnt=3
[TU_TRACE] PKT7 op=0x38 cnt=7
[TU_TRACE] PKT4 reg=0xab30 cnt=8
[TU_TRACE] PKT7 op=0x43 cnt=3
[TU_TRACE] PKT7 op=0x38 cnt=7
[TU_TRACE] PKT4 reg=0xab30 cnt=8
[TU_TRACE] PKT7 op=0x43 cnt=3
[TU_TRACE] PKT7 op=0x38 cnt=7
[TU_TRACE] PKT4 reg=0xab30 cnt=8
[TU_TRACE] PKT7 op=0x43 cnt=3
[TU_TRACE] PKT7 op=0x38 cnt=7
[TU_TRACE] PKT4 reg=0xab30 cnt=8
[TU_TRACE] PKT7 op=0x43 cnt=3
[TU_TRACE] PKT7 op=0x38 cnt=7
[TU_TRACE] PKT4 reg=0xab30 cnt=8
[TU_TRACE] PKT7 op=0x43 cnt=3
[TU_TRACE] PKT7 op=0x38 cnt=7
[TU_TRACE] PKT4 reg=0xab30 cnt=8
[TU_TRACE] PKT7 op=0x43 cnt=3
[TU_TRACE] PKT7 op=0x38 cnt=7
[TU_TRACE] PKT4 reg=0xab30 cnt=8
[TU_TRACE] PKT7 op=0x43 cnt=3
[TU_TRACE] PKT7 op=0x38 cnt=7
[TU_TRACE] PKT4 reg=0xab30 cnt=8
[TU_TRACE] PKT7 op=0x43 cnt=3
[TU_TRACE] PKT7 op=0x38 cnt=7
[TU_TRACE] PKT4 reg=0xab30 cnt=8
[TU_TRACE] PKT7 op=0x43 cnt=3
[TU_TRACE] PKT7 op=0x38 cnt=7
[TU_TRACE] PKT4 reg=0xab30 cnt=8
[TU_TRACE] PKT7 op=0x43 cnt=3
[TU_TRACE] PKT7 op=0x38 cnt=7
[TU_TRACE] PKT4 reg=0xa00e cnt=2
[TU_TRACE] PKT4 reg=0x9b01 cnt=1
[TU_TRACE] PKT4 reg=0x930f cnt=1
[TU_TRACE] PKT4 reg=0x9b12 cnt=1
[TU_TRACE] PKT4 reg=0x8212 cnt=1
[TU_TRACE] PKT4 reg=0x810b cnt=1
[TU_TRACE] PKT4 reg=0x8898 cnt=1
[TU_TRACE] PKT4 reg=0x8089 cnt=1
[TU_TRACE] PKT4 reg=0x8870 cnt=1
[TU_TRACE] PKT4 reg=0xab30 cnt=8
[TU_TRACE] PKT4 reg=0xab1f cnt=1
[TU_TRACE] PKT7 op=0x43 cnt=90
[TU_TRACE] PKT7 op=0x38 cnt=7
[TU_TRACE] PKT4 reg=0xab30 cnt=8
[TU_TRACE] PKT7 op=0x43 cnt=3
[TU_TRACE] PKT7 op=0x38 cnt=7
[TU_TRACE] PKT4 reg=0xab30 cnt=8
[TU_TRACE] PKT7 op=0x43 cnt=3
[TU_TRACE] PKT7 op=0x38 cnt=7
[TU_TRACE] PKT4 reg=0xab30 cnt=8
[TU_TRACE] PKT7 op=0x43 cnt=3
[TU_TRACE] PKT7 op=0x38 cnt=7
[TU_TRACE] PKT4 reg=0xab30 cnt=8
[TU_TRACE] PKT7 op=0x43 cnt=3
[TU_TRACE] PKT7 op=0x38 cnt=7
[TU_TRACE] PKT4 reg=0xab30 cnt=8
[TU_TRACE] PKT7 op=0x43 cnt=3
[TU_TRACE] PKT7 op=0x38 cnt=7
[TU_TRACE] PKT4 reg=0xab30 cnt=8
[TU_TRACE] PKT7 op=0x43 cnt=3
[TU_TRACE] PKT7 op=0x38 cnt=7
[TU_TRACE] PKT4 reg=0xab30 cnt=8
[TU_TRACE] PKT7 op=0x43 cnt=3
[TU_TRACE] PKT7 op=0x38 cnt=7
[TU_TRACE] PKT4 reg=0xab30 cnt=8
[TU_TRACE] PKT7 op=0x43 cnt=3
[TU_TRACE] PKT7 op=0x38 cnt=7
[TU_TRACE] PKT4 reg=0xab30 cnt=8
[TU_TRACE] PKT7 op=0x43 cnt=3
[TU_TRACE] PKT7 op=0x38 cnt=7
[TU_TRACE] PKT4 reg=0xab30 cnt=8
[TU_TRACE] PKT7 op=0x43 cnt=3
[TU_TRACE] PKT7 op=0x38 cnt=7
[TU_TRACE] PKT4 reg=0xab30 cnt=8
[TU_TRACE] PKT7 op=0x43 cnt=3
[TU_TRACE] PKT7 op=0x38 cnt=7
[TU_TRACE] PKT4 reg=0xab30 cnt=8
[TU_TRACE] PKT7 op=0x43 cnt=3
[TU_TRACE] PKT7 op=0x38 cnt=7
[TU_TRACE] PKT4 reg=0xab30 cnt=8
[TU_TRACE] PKT7 op=0x43 cnt=3
[TU_TRACE] PKT7 op=0x38 cnt=7
[TU_TRACE] PKT4 reg=0xab30 cnt=8
[TU_TRACE] PKT7 op=0x43 cnt=3
[TU_TRACE] PKT7 op=0x38 cnt=7
[TU_TRACE] PKT4 reg=0xab30 cnt=8
[TU_TRACE] PKT7 op=0x43 cnt=3
[TU_TRACE] PKT7 op=0x38 cnt=7
[TU_TRACE] PKT4 reg=0xab30 cnt=8
[TU_TRACE] PKT7 op=0x43 cnt=3
[TU_TRACE] PKT7 op=0x38 cnt=7
[TU_TRACE] PKT4 reg=0xab30 cnt=8
[TU_TRACE] PKT7 op=0x43 cnt=3
[TU_TRACE] PKT7 op=0x38 cnt=7
[TU_TRACE] PKT4 reg=0xab30 cnt=8
[TU_TRACE] PKT7 op=0x43 cnt=3
[TU_TRACE] PKT7 op=0x38 cnt=7
[TU_TRACE] PKT4 reg=0xab30 cnt=8
[TU_TRACE] PKT7 op=0x43 cnt=3
[TU_TRACE] PKT7 op=0x38 cnt=7
[TU_TRACE] PKT4 reg=0xa00e cnt=2
[TU_TRACE] PKT4 reg=0x9b01 cnt=1
[TU_TRACE] PKT4 reg=0x930f cnt=1
[TU_TRACE] PKT4 reg=0x9b12 cnt=1
[TU_TRACE] PKT4 reg=0x8212 cnt=1
[TU_TRACE] PKT4 reg=0x810b cnt=1
[TU_TRACE] PKT4 reg=0x8898 cnt=1
[TU_TRACE] PKT4 reg=0x8089 cnt=1
[TU_TRACE] PKT4 reg=0x8870 cnt=1
[TU_TRACE] PKT4 reg=0xab30 cnt=8
[TU_TRACE] PKT4 reg=0xab1f cnt=1
[TU_TRACE] PKT7 op=0x43 cnt=90
[TU_TRACE] PKT7 op=0x38 cnt=7
[TU_TRACE] PKT4 reg=0xab30 cnt=8
[TU_TRACE] PKT7 op=0x43 cnt=3
[TU_TRACE] PKT7 op=0x38 cnt=7
[TU_TRACE] PKT4 reg=0xab30 cnt=8
[TU_TRACE] PKT7 op=0x43 cnt=3
[TU_TRACE] PKT7 op=0x38 cnt=7
[TU_TRACE] PKT4 reg=0xab30 cnt=8
[TU_TRACE] PKT7 op=0x43 cnt=3
[TU_TRACE] PKT7 op=0x38 cnt=7
[TU_TRACE] PKT4 reg=0xab30 cnt=8
[TU_TRACE] PKT7 op=0x43 cnt=3
[TU_TRACE] PKT7 op=0x38 cnt=7
[TU_TRACE] PKT4 reg=0xab30 cnt=8
[TU_TRACE] PKT7 op=0x43 cnt=3
[TU_TRACE] PKT7 op=0x38 cnt=7
[TU_TRACE] PKT4 reg=0xab30 cnt=8
[TU_TRACE] PKT7 op=0x43 cnt=3
[TU_TRACE] PKT7 op=0x38 cnt=7
[TU_TRACE] PKT4 reg=0xab30 cnt=8
[TU_TRACE] PKT7 op=0x43 cnt=3
[TU_TRACE] PKT7 op=0x38 cnt=7
[TU_TRACE] PKT4 reg=0xab30 cnt=8
[TU_TRACE] PKT7 op=0x43 cnt=3
[TU_TRACE] PKT7 op=0x38 cnt=7
[TU_TRACE] PKT4 reg=0xab30 cnt=8
[TU_TRACE] PKT7 op=0x43 cnt=3
[TU_TRACE] PKT7 op=0x38 cnt=7
[TU_TRACE] PKT4 reg=0xab30 cnt=8
[TU_TRACE] PKT7 op=0x43 cnt=3
[TU_TRACE] PKT7 op=0x38 cnt=7
[TU_TRACE] PKT4 reg=0xab30 cnt=8
[TU_TRACE] PKT7 op=0x43 cnt=3
[TU_TRACE] PKT7 op=0x38 cnt=7
[TU_TRACE] PKT4 reg=0xab30 cnt=8
[TU_TRACE] PKT7 op=0x43 cnt=3
[TU_TRACE] PKT7 op=0x38 cnt=7
[TU_TRACE] PKT4 reg=0xab30 cnt=8
[TU_TRACE] PKT7 op=0x43 cnt=3
[TU_TRACE] PKT7 op=0x38 cnt=7
[TU_TRACE] PKT4 reg=0xab30 cnt=8
[TU_TRACE] PKT7 op=0x43 cnt=3
[TU_TRACE] PKT7 op=0x38 cnt=7
[TU_TRACE] PKT4 reg=0xab30 cnt=8
[TU_TRACE] PKT7 op=0x43 cnt=3
[TU_TRACE] PKT7 op=0x38 cnt=7
[TU_TRACE] PKT4 reg=0xab30 cnt=8
[TU_TRACE] PKT7 op=0x43 cnt=3
[TU_TRACE] PKT7 op=0x38 cnt=7
[TU_TRACE] PKT4 reg=0xab30 cnt=8
[TU_TRACE] PKT7 op=0x43 cnt=3
[TU_TRACE] PKT7 op=0x38 cnt=7
[TU_TRACE] PKT4 reg=0xab30 cnt=8
[TU_TRACE] PKT7 op=0x43 cnt=3
[TU_TRACE] PKT7 op=0x38 cnt=7
[TU_TRACE] PKT4 reg=0xab30 cnt=8
[TU_TRACE] PKT7 op=0x43 cnt=3
[TU_TRACE] PKT7 op=0x38 cnt=7
[TU_TRACE] PKT4 reg=0xa00e cnt=2
[TU_TRACE] PKT4 reg=0x9b01 cnt=1
[TU_TRACE] PKT4 reg=0x930f cnt=1
[TU_TRACE] PKT4 reg=0x9b12 cnt=1
[TU_TRACE] PKT4 reg=0x8212 cnt=1
[TU_TRACE] PKT4 reg=0x810b cnt=1
[TU_TRACE] PKT4 reg=0x8898 cnt=1
[TU_TRACE] PKT4 reg=0x8089 cnt=1
[TU_TRACE] PKT4 reg=0x8870 cnt=1
[TU_TRACE] PKT4 reg=0xab30 cnt=8
[TU_TRACE] PKT4 reg=0xab1f cnt=1
[TU_TRACE] PKT7 op=0x43 cnt=90
[TU_TRACE] PKT7 op=0x38 cnt=7
[TU_TRACE] PKT4 reg=0xab30 cnt=8
[TU_TRACE] PKT7 op=0x43 cnt=3
[TU_TRACE] PKT7 op=0x38 cnt=7
[TU_TRACE] PKT4 reg=0xab30 cnt=8
[TU_TRACE] PKT7 op=0x43 cnt=3
[TU_TRACE] PKT7 op=0x38 cnt=7
[TU_TRACE] PKT4 reg=0xab30 cnt=8
[TU_TRACE] PKT7 op=0x43 cnt=3
[TU_TRACE] PKT7 op=0x38 cnt=7
[TU_TRACE] PKT4 reg=0xab30 cnt=8
[TU_TRACE] PKT7 op=0x43 cnt=3
[TU_TRACE] PKT7 op=0x38 cnt=7
[TU_TRACE] PKT4 reg=0xab30 cnt=8
[TU_TRACE] PKT7 op=0x43 cnt=3
[TU_TRACE] PKT7 op=0x38 cnt=7
[TU_TRACE] PKT4 reg=0xab30 cnt=8
[TU_TRACE] PKT7 op=0x43 cnt=3
[TU_TRACE] PKT7 op=0x38 cnt=7
[TU_TRACE] PKT4 reg=0xab30 cnt=8
[TU_TRACE] PKT7 op=0x43 cnt=3
[TU_TRACE] PKT7 op=0x38 cnt=7
[TU_TRACE] PKT4 reg=0xab30 cnt=8
[TU_TRACE] PKT7 op=0x43 cnt=3
[TU_TRACE] PKT7 op=0x38 cnt=7
[TU_TRACE] PKT4 reg=0xab30 cnt=8
[TU_TRACE] PKT7 op=0x43 cnt=3
[TU_TRACE] PKT7 op=0x38 cnt=7
[TU_TRACE] PKT4 reg=0xab30 cnt=8
[TU_TRACE] PKT7 op=0x43 cnt=3
[TU_TRACE] PKT7 op=0x38 cnt=7
[TU_TRACE] PKT4 reg=0xab30 cnt=8
[TU_TRACE] PKT7 op=0x43 cnt=3
[TU_TRACE] PKT7 op=0x38 cnt=7
[TU_TRACE] PKT4 reg=0xab30 cnt=8
[TU_TRACE] PKT7 op=0x43 cnt=3
[TU_TRACE] PKT7 op=0x38 cnt=7
[TU_TRACE] PKT4 reg=0xab30 cnt=8
[TU_TRACE] PKT7 op=0x43 cnt=3
[TU_TRACE] PKT7 op=0x38 cnt=7
[TU_TRACE] PKT4 reg=0xab30 cnt=8
[TU_TRACE] PKT7 op=0x43 cnt=3
[TU_TRACE] PKT7 op=0x38 cnt=7
[TU_TRACE] PKT4 reg=0xab30 cnt=8
[TU_TRACE] PKT7 op=0x43 cnt=3
[TU_TRACE] PKT7 op=0x38 cnt=7
[TU_TRACE] PKT4 reg=0xab30 cnt=8
[TU_TRACE] PKT7 op=0x43 cnt=3
[TU_TRACE] PKT7 op=0x38 cnt=7
[TU_TRACE] PKT4 reg=0xab30 cnt=8
[TU_TRACE] PKT7 op=0x43 cnt=3
[TU_TRACE] PKT7 op=0x38 cnt=7
[TU_TRACE] PKT4 reg=0xab30 cnt=8
[TU_TRACE] PKT7 op=0x43 cnt=3
[TU_TRACE] PKT7 op=0x38 cnt=7
[TU_TRACE] PKT4 reg=0xab30 cnt=8
[TU_TRACE] PKT7 op=0x43 cnt=3
[TU_TRACE] PKT7 op=0x38 cnt=7
[TU_TRACE] PKT7 op=0x65 cnt=1
[TU_TRACE] PKT4 reg=0x88d1 cnt=2
[TU_TRACE] PKT4 reg=0x88df cnt=4
[TU_TRACE] PKT4 reg=0x88d5 cnt=1
[TU_TRACE] PKT4 reg=0x88d0 cnt=1
[TU_TRACE] PKT4 reg=0x88e3 cnt=1
[TU_TRACE] PKT4 reg=0x88d7 cnt=4
[TU_TRACE] PKT4 reg=0x88dc cnt=3
[TU_TRACE] PKT4 reg=0x88d6 cnt=1
[TU_TRACE] PKT7 op=0x46 cnt=1
[TU_TRACE] PKT7 op=0x46 cnt=1
[TU_TRACE] PKT7 op=0x46 cnt=1
[TU_TRACE] PKT7 op=0x46 cnt=1
[TU_TRACE] PKT7 op=0x46 cnt=1
[TU_TRACE] PKT7 op=0x46 cnt=1
[TU_TRACE] PKT7 op=0x46 cnt=1
[TU_TRACE] PKT7 op=0x26 cnt=0
[TU_TRACE] PKT7 op=0x13 cnt=0
[TU_TRACE] PKT4 reg=0x88e5 cnt=1
[TU_TRACE] PKT7 op=0x17 cnt=1
[TU_TRACE] PKT7 op=0x17 cnt=1
[TU_TRACE] PKT4 reg=0x8812 cnt=1
[TU_TRACE] PKT4 reg=0x88e4 cnt=1
[TU_TRACE] PKT7 op=0x17 cnt=1
[TU_TRACE] PKT7 op=0x39 cnt=3
[TU_TRACE] PKT7 op=0x1d cnt=1
[TU_TRACE] PKT4 reg=0x8206 cnt=1
[TU_TRACE] PKT4 reg=0x88f5 cnt=1
[TU_TRACE] PKT4 reg=0x0c38 cnt=1
[TU_TRACE] PKT7 op=0x3e cnt=3
[TU_TRACE] PKT7 op=0x12 cnt=0
[TU_TRACE] PKT7 op=0x13 cnt=0
[TU_TRACE] PKT7 op=0x17 cnt=1
[TU_TRACE] PKT7 op=0x49 cnt=4
[TU_TRACE] PKT7 op=0x39 cnt=3
[TU_TRACE] PKT4 reg=0x8891 cnt=1
[TU_TRACE] PKT7 op=0x46 cnt=3
[TU_TRACE] PKT7 op=0x65 cnt=1
[TU_TRACE] PKT4 reg=0x8231 cnt=1
[TU_TRACE] PKT4 reg=0x8800 cnt=1
[TU_TRACE] PKT4 reg=0x88d3 cnt=1
[TU_TRACE] PKT4 reg=0xa007 cnt=1
[TU_TRACE] PKT4 reg=0x8235 cnt=2
[TU_TRACE] PKT4 reg=0x8507 cnt=2
[TU_TRACE] PKT7 op=0x64 cnt=1
[TU_TRACE] PKT7 op=0x63 cnt=1
[TU_TRACE] PKT4 reg=0x8206 cnt=1
[TU_TRACE] PKT4 reg=0x88f5 cnt=1
[TU_TRACE] PKT7 op=0x3f cnt=3
[TU_TRACE] PKT7 op=0x1d cnt=1
[TU_TRACE] PKT7 op=0x3f cnt=3
[TU_TRACE] PKT7 op=0x26 cnt=0
[TU_TRACE] PKT7 op=0x65 cnt=1
[TU_TRACE] PKT4 reg=0x8212 cnt=1
[TU_TRACE] PKT4 reg=0x810b cnt=1
[TU_TRACE] PKT7 op=0x46 cnt=1
[TU_TRACE] PKT7 op=0x46 cnt=4
[TU_TRACE] PKT7 op=0x46 cnt=1
[TU_TRACE] PKT4 reg=0x8891 cnt=1
[TU_TRACE] PKT7 op=0x46 cnt=3
[TU_TRACE] PKT7 op=0x43 cnt=3
[TU_TRACE] PKT7 op=0x46 cnt=1
[TU_TRACE] PKT7 op=0x46 cnt=1
[TU_TRACE] PKT7 op=0x46 cnt=4
[TU_TRACE] PKT7 op=0x17 cnt=1
[TU_TRACE] PKT7 op=0x46 cnt=1
[TU_TRACE] PKT7 op=0x46 cnt=1
[TU_TRACE] PKT7 op=0x46 cnt=1
[TU_TRACE] PKT7 op=0x46 cnt=1
[TU_TRACE] PKT7 op=0x26 cnt=0
[TU_TRACE] PKT4 reg=0xab1f cnt=1
[TU_TRACE] PKT7 op=0x26 cnt=0
[TU_TRACE] WRITE_REG reg=0x8228 val=0x00000000
[TU_TRACE] PKT4 reg=0x8228 cnt=1
[TU_TRACE] WRITE_REG reg=0x8229 val=0x00000000
[TU_TRACE] PKT4 reg=0x8229 cnt=1
[TU_TRACE] WRITE_REG reg=0x822a val=0x00000000
[TU_TRACE] PKT4 reg=0x822a cnt=1
[TU_TRACE] WRITE_REG reg=0x822b val=0x00000000
[TU_TRACE] PKT4 reg=0x822b cnt=1
[TU_TRACE] WRITE_REG reg=0x822c val=0x00000000
[TU_TRACE] PKT4 reg=0x822c cnt=1
[TU_TRACE] WRITE_REG reg=0x822d val=0x00000000
[TU_TRACE] PKT4 reg=0x822d cnt=1
[TU_TRACE] WRITE_REG reg=0x8818 val=0x00000000
[TU_TRACE] PKT4 reg=0x8818 cnt=1
[TU_TRACE] WRITE_REG reg=0x8819 val=0x00000000
[TU_TRACE] PKT4 reg=0x8819 cnt=1
[TU_TRACE] WRITE_REG reg=0x881a val=0x00000000
[TU_TRACE] PKT4 reg=0x881a cnt=1
[TU_TRACE] WRITE_REG reg=0x881b val=0x00000000
[TU_TRACE] PKT4 reg=0x881b cnt=1
[TU_TRACE] WRITE_REG reg=0x881c val=0x00000000
[TU_TRACE] PKT4 reg=0x881c cnt=1
[TU_TRACE] WRITE_REG reg=0x881d val=0x00000000
[TU_TRACE] PKT4 reg=0x881d cnt=1
[TU_TRACE] WRITE_REG reg=0x881e val=0x00000000
[TU_TRACE] PKT4 reg=0x881e cnt=1
[TU_TRACE] WRITE_REG reg=0x8899 val=0x00000000
[TU_TRACE] PKT4 reg=0x8899 cnt=1
[TU_TRACE] WRITE_REG reg=0x88f1 val=0x00000001
[TU_TRACE] PKT4 reg=0x88f1 cnt=1
[TU_TRACE] WRITE_REG reg=0xab01 val=0x00000000
[TU_TRACE] PKT4 reg=0xab01 cnt=1
[TU_TRACE] WRITE_REG reg=0xab02 val=0x00000000
[TU_TRACE] PKT4 reg=0xab02 cnt=1
[TU_TRACE] WRITE_REG reg=0xab23 val=0x00000000
[TU_TRACE] PKT4 reg=0xab23 cnt=1
[TU_TRACE] WRITE_REG reg=0xb182 val=0x00000004
[TU_TRACE] PKT4 reg=0xb182 cnt=1
[TU_TRACE] WRITE_REG reg=0xb183 val=0x00000000
[TU_TRACE] PKT4 reg=0xb183 cnt=1
[TU_TRACE] WRITE_REG reg=0x980b val=0x00800280
[TU_TRACE] PKT4 reg=0x980b cnt=1
[TU_TRACE] WRITE_REG reg=0x9b00 val=0x00003f00
[TU_TRACE] PKT4 reg=0x9b00 cnt=1
[TU_TRACE] PKT4 reg=0x8130 cnt=1
[TU_TRACE] PKT4 reg=0x8131 cnt=1
[TU_TRACE] WRITE_REG reg=0xae0f val=0x0000003f
[TU_TRACE] PKT4 reg=0xae0f cnt=1
[TU_TRACE] PKT4 reg=0xab09 cnt=1
[TU_TRACE] WRITE_REG reg=0xb182 val=0x00000000
[TU_TRACE] PKT4 reg=0xb182 cnt=1
[TU_TRACE] WRITE_REG reg=0xa9a8 val=0x00000000
[TU_TRACE] PKT4 reg=0xa9a8 cnt=1
[TU_TRACE] PKT4 reg=0xab00 cnt=1
[TU_TRACE] PKT4 reg=0xa009 cnt=1
[TU_TRACE] WRITE_REG reg=0x8811 val=0x00000010
[TU_TRACE] PKT4 reg=0x8811 cnt=1
[TU_TRACE] PKT4 reg=0x8213 cnt=1
[TU_TRACE] WRITE_REG reg=0x8818 val=0x00000000
[TU_TRACE] PKT4 reg=0x8818 cnt=1
[TU_TRACE] PKT4 reg=0x9310 cnt=1
[TU_TRACE] PKT4 reg=0x9312 cnt=1
[TU_TRACE] PKT4 reg=0x9305 cnt=1
[TU_TRACE] WRITE_REG reg=0xb183 val=0x00000000
[TU_TRACE] PKT4 reg=0xb183 cnt=1
[TU_TRACE] PKT4 reg=0x8234 cnt=1
[TU_TRACE] PKT4 reg=0xb309 cnt=1
[TU_TRACE] PKT4 reg=0xa9cb cnt=1
[TU_TRACE] WRITE_REG reg=0xa007 val=0x00000000
[TU_TRACE] PKT4 reg=0xa007 cnt=1
[TU_TRACE] PKT4 reg=0x8864 cnt=1
[TU_TRACE] PKT4 reg=0xaa0c cnt=1
[TU_TRACE] PKT4 reg=0xb302 cnt=2
[TU_TRACE] PKT4 reg=0xb180 cnt=2
[TU_TRACE] PKT4 reg=0x9814 cnt=1
[TU_TRACE] PKT4 reg=0x9815 cnt=1
[TU_TRACE] PKT4 reg=0xa980 cnt=1
[TU_TRACE] PKT4 reg=0xa827 cnt=1
[TU_TRACE] PKT4 reg=0x9313 cnt=1
[TU_TRACE] PKT4 reg=0x8c34 cnt=1
[TU_TRACE] PKT4 reg=0x88e5 cnt=1
[TU_TRACE] PKT7 op=0x43 cnt=3
[TU_TRACE] PKT7 op=0x1b cnt=2
[TU_TRACE] PKT7 op=0x17 cnt=1
[TU_TRACE] PKT7 op=0x55 cnt=3
[TU_TRACE] PKT7 op=0x17 cnt=1
[TU_TRACE] PKT7 op=0x55 cnt=3
[TU_TRACE] PKT7 op=0x17 cnt=1
[TU_TRACE] PKT7 op=0x39 cnt=3
[TU_TRACE] PKT7 op=0x55 cnt=3
[TU_TRACE] PKT7 op=0x55 cnt=3
[TU_TRACE] PKT7 op=0x17 cnt=1
[TU_TRACE] PKT4 reg=0x8212 cnt=1
[TU_TRACE] PKT4 reg=0x810b cnt=1
[TU_TRACE] PKT7 op=0x47 cnt=2
[TU_TRACE] PKT7 op=0x47 cnt=2
[TU_TRACE] PKT4 reg=0x88d1 cnt=2
[TU_TRACE] PKT4 reg=0x88df cnt=4
[TU_TRACE] PKT4 reg=0x88d5 cnt=1
[TU_TRACE] PKT4 reg=0x88d0 cnt=1
[TU_TRACE] PKT4 reg=0x88e3 cnt=1
[TU_TRACE] PKT4 reg=0x88d7 cnt=4
[TU_TRACE] PKT4 reg=0x88dc cnt=3
[TU_TRACE] PKT4 reg=0x88d6 cnt=1
[TU_TRACE] PKT7 op=0x46 cnt=1
[TU_TRACE] PKT7 op=0x46 cnt=1
[TU_TRACE] PKT4 reg=0x8872 cnt=6
[TU_TRACE] PKT4 reg=0x808d cnt=1
[TU_TRACE] PKT4 reg=0x8881 cnt=1
[TU_TRACE] PKT4 reg=0x808e cnt=2
[TU_TRACE] PKT4 reg=0x8092 cnt=1
[TU_TRACE] PKT4 reg=0x8090 cnt=2
[TU_TRACE] PKT7 op=0x46 cnt=1
[TU_TRACE] PKT7 op=0x43 cnt=6
[TU_TRACE] PKT4 reg=0xa010 cnt=3
[TU_TRACE] PKT4 reg=0x9b15 cnt=1
[TU_TRACE] PKT4 reg=0xa00e cnt=2
[TU_TRACE] PKT4 reg=0x9b01 cnt=1
[TU_TRACE] PKT4 reg=0x930f cnt=1
[TU_TRACE] PKT4 reg=0x9b12 cnt=1
[TU_TRACE] PKT4 reg=0x8212 cnt=1
[TU_TRACE] PKT4 reg=0x810b cnt=1
[TU_TRACE] PKT4 reg=0x8898 cnt=1
[TU_TRACE] PKT4 reg=0x8089 cnt=1
[TU_TRACE] PKT4 reg=0x8870 cnt=1
[TU_TRACE] PKT4 reg=0xab30 cnt=8
[TU_TRACE] PKT4 reg=0xab1f cnt=1
[TU_TRACE] PKT7 op=0x43 cnt=90
[TU_TRACE] PKT7 op=0x38 cnt=7
[TU_TRACE] PKT4 reg=0xab30 cnt=8
[TU_TRACE] PKT7 op=0x43 cnt=3
[TU_TRACE] PKT7 op=0x38 cnt=7
[TU_TRACE] PKT4 reg=0xab30 cnt=8
[TU_TRACE] PKT7 op=0x43 cnt=3
[TU_TRACE] PKT7 op=0x38 cnt=7
[TU_TRACE] PKT4 reg=0xab30 cnt=8
[TU_TRACE] PKT7 op=0x43 cnt=3
[TU_TRACE] PKT7 op=0x38 cnt=7
[TU_TRACE] PKT4 reg=0xab30 cnt=8
[TU_TRACE] PKT7 op=0x43 cnt=3
[TU_TRACE] PKT7 op=0x38 cnt=7
[TU_TRACE] PKT4 reg=0xab30 cnt=8
[TU_TRACE] PKT7 op=0x43 cnt=3
[TU_TRACE] PKT7 op=0x38 cnt=7
[TU_TRACE] PKT4 reg=0xab30 cnt=8
[TU_TRACE] PKT7 op=0x43 cnt=3
[TU_TRACE] PKT7 op=0x38 cnt=7
[TU_TRACE] PKT4 reg=0xab30 cnt=8
[TU_TRACE] PKT7 op=0x43 cnt=3
[TU_TRACE] PKT7 op=0x38 cnt=7
[TU_TRACE] PKT4 reg=0xab30 cnt=8
[TU_TRACE] PKT7 op=0x43 cnt=3
[TU_TRACE] PKT7 op=0x38 cnt=7
[TU_TRACE] PKT4 reg=0xab30 cnt=8
[TU_TRACE] PKT7 op=0x43 cnt=3
[TU_TRACE] PKT7 op=0x38 cnt=7
[TU_TRACE] PKT4 reg=0xab30 cnt=8
[TU_TRACE] PKT7 op=0x43 cnt=3
[TU_TRACE] PKT7 op=0x38 cnt=7
[TU_TRACE] PKT4 reg=0xab30 cnt=8
[TU_TRACE] PKT7 op=0x43 cnt=3
[TU_TRACE] PKT7 op=0x38 cnt=7
[TU_TRACE] PKT4 reg=0xab30 cnt=8
[TU_TRACE] PKT7 op=0x43 cnt=3
[TU_TRACE] PKT7 op=0x38 cnt=7
[TU_TRACE] PKT4 reg=0xab30 cnt=8
[TU_TRACE] PKT7 op=0x43 cnt=3
[TU_TRACE] PKT7 op=0x38 cnt=7
[TU_TRACE] PKT4 reg=0xab30 cnt=8
[TU_TRACE] PKT7 op=0x43 cnt=3
[TU_TRACE] PKT7 op=0x38 cnt=7
[TU_TRACE] PKT4 reg=0xab30 cnt=8
[TU_TRACE] PKT7 op=0x43 cnt=3
[TU_TRACE] PKT7 op=0x38 cnt=7
[TU_TRACE] PKT4 reg=0xab30 cnt=8
[TU_TRACE] PKT7 op=0x43 cnt=3
[TU_TRACE] PKT7 op=0x38 cnt=7
[TU_TRACE] PKT4 reg=0xab30 cnt=8
[TU_TRACE] PKT7 op=0x43 cnt=3
[TU_TRACE] PKT7 op=0x38 cnt=7
[TU_TRACE] PKT4 reg=0xab30 cnt=8
[TU_TRACE] PKT7 op=0x43 cnt=3
[TU_TRACE] PKT7 op=0x38 cnt=7
[TU_TRACE] PKT4 reg=0xab30 cnt=8
[TU_TRACE] PKT7 op=0x43 cnt=3
[TU_TRACE] PKT7 op=0x38 cnt=7
[TU_TRACE] PKT4 reg=0xa00e cnt=2
[TU_TRACE] PKT4 reg=0x9b01 cnt=1
[TU_TRACE] PKT4 reg=0x930f cnt=1
[TU_TRACE] PKT4 reg=0x9b12 cnt=1
[TU_TRACE] PKT4 reg=0x8212 cnt=1
[TU_TRACE] PKT4 reg=0x810b cnt=1
[TU_TRACE] PKT4 reg=0x8898 cnt=1
[TU_TRACE] PKT4 reg=0x8089 cnt=1
[TU_TRACE] PKT4 reg=0x8870 cnt=1
[TU_TRACE] PKT4 reg=0xab30 cnt=8
[TU_TRACE] PKT4 reg=0xab1f cnt=1
[TU_TRACE] PKT7 op=0x43 cnt=90
[TU_TRACE] PKT7 op=0x38 cnt=7
[TU_TRACE] PKT4 reg=0xab30 cnt=8
[TU_TRACE] PKT7 op=0x43 cnt=3
[TU_TRACE] PKT7 op=0x38 cnt=7
[TU_TRACE] PKT4 reg=0xab30 cnt=8
[TU_TRACE] PKT7 op=0x43 cnt=3
[TU_TRACE] PKT7 op=0x38 cnt=7
[TU_TRACE] PKT4 reg=0xab30 cnt=8
[TU_TRACE] PKT7 op=0x43 cnt=3
[TU_TRACE] PKT7 op=0x38 cnt=7
[TU_TRACE] PKT4 reg=0xab30 cnt=8
[TU_TRACE] PKT7 op=0x43 cnt=3
[TU_TRACE] PKT7 op=0x38 cnt=7
[TU_TRACE] PKT4 reg=0xab30 cnt=8
[TU_TRACE] PKT7 op=0x43 cnt=3
[TU_TRACE] PKT7 op=0x38 cnt=7
[TU_TRACE] PKT4 reg=0xab30 cnt=8
[TU_TRACE] PKT7 op=0x43 cnt=3
[TU_TRACE] PKT7 op=0x38 cnt=7
[TU_TRACE] PKT4 reg=0xab30 cnt=8
[TU_TRACE] PKT7 op=0x43 cnt=3
[TU_TRACE] PKT7 op=0x38 cnt=7
[TU_TRACE] PKT4 reg=0xab30 cnt=8
[TU_TRACE] PKT7 op=0x43 cnt=3
[TU_TRACE] PKT7 op=0x38 cnt=7
[TU_TRACE] PKT4 reg=0xab30 cnt=8
[TU_TRACE] PKT7 op=0x43 cnt=3
[TU_TRACE] PKT7 op=0x38 cnt=7
[TU_TRACE] PKT4 reg=0xab30 cnt=8
[TU_TRACE] PKT7 op=0x43 cnt=3
[TU_TRACE] PKT7 op=0x38 cnt=7
[TU_TRACE] PKT4 reg=0xab30 cnt=8
[TU_TRACE] PKT7 op=0x43 cnt=3
[TU_TRACE] PKT7 op=0x38 cnt=7
[TU_TRACE] PKT4 reg=0xab30 cnt=8
[TU_TRACE] PKT7 op=0x43 cnt=3
[TU_TRACE] PKT7 op=0x38 cnt=7
[TU_TRACE] PKT4 reg=0xab30 cnt=8
[TU_TRACE] PKT7 op=0x43 cnt=3
[TU_TRACE] PKT7 op=0x38 cnt=7
[TU_TRACE] PKT4 reg=0xab30 cnt=8
[TU_TRACE] PKT7 op=0x43 cnt=3
[TU_TRACE] PKT7 op=0x38 cnt=7
[TU_TRACE] PKT4 reg=0xab30 cnt=8
[TU_TRACE] PKT7 op=0x43 cnt=3
[TU_TRACE] PKT7 op=0x38 cnt=7
[TU_TRACE] PKT4 reg=0xab30 cnt=8
[TU_TRACE] PKT7 op=0x43 cnt=3
[TU_TRACE] PKT7 op=0x38 cnt=7
[TU_TRACE] PKT4 reg=0xab30 cnt=8
[TU_TRACE] PKT7 op=0x43 cnt=3
[TU_TRACE] PKT7 op=0x38 cnt=7
[TU_TRACE] PKT4 reg=0xab30 cnt=8
[TU_TRACE] PKT7 op=0x43 cnt=3
[TU_TRACE] PKT7 op=0x38 cnt=7
[TU_TRACE] PKT4 reg=0xab30 cnt=8
[TU_TRACE] PKT7 op=0x43 cnt=3
[TU_TRACE] PKT7 op=0x38 cnt=7
[TU_TRACE] PKT4 reg=0xa00e cnt=2
[TU_TRACE] PKT4 reg=0x9b01 cnt=1
[TU_TRACE] PKT4 reg=0x930f cnt=1
[TU_TRACE] PKT4 reg=0x9b12 cnt=1
[TU_TRACE] PKT4 reg=0x8212 cnt=1
[TU_TRACE] PKT4 reg=0x810b cnt=1
[TU_TRACE] PKT4 reg=0x8898 cnt=1
[TU_TRACE] PKT4 reg=0x8089 cnt=1
[TU_TRACE] PKT4 reg=0x8870 cnt=1
[TU_TRACE] PKT4 reg=0xab30 cnt=8
[TU_TRACE] PKT4 reg=0xab1f cnt=1
[TU_TRACE] PKT7 op=0x43 cnt=90
[TU_TRACE] PKT7 op=0x38 cnt=7
[TU_TRACE] PKT4 reg=0xab30 cnt=8
[TU_TRACE] PKT7 op=0x43 cnt=3
[TU_TRACE] PKT7 op=0x38 cnt=7
[TU_TRACE] PKT4 reg=0xab30 cnt=8
[TU_TRACE] PKT7 op=0x43 cnt=3
[TU_TRACE] PKT7 op=0x38 cnt=7
[TU_TRACE] PKT4 reg=0xab30 cnt=8
[TU_TRACE] PKT7 op=0x43 cnt=3
[TU_TRACE] PKT7 op=0x38 cnt=7
[TU_TRACE] PKT4 reg=0xab30 cnt=8
[TU_TRACE] PKT7 op=0x43 cnt=3
[TU_TRACE] PKT7 op=0x38 cnt=7
[TU_TRACE] PKT4 reg=0xab30 cnt=8
[TU_TRACE] PKT7 op=0x43 cnt=3
[TU_TRACE] PKT7 op=0x38 cnt=7
[TU_TRACE] PKT4 reg=0xab30 cnt=8
[TU_TRACE] PKT7 op=0x43 cnt=3
[TU_TRACE] PKT7 op=0x38 cnt=7
[TU_TRACE] PKT4 reg=0xab30 cnt=8
[TU_TRACE] PKT7 op=0x43 cnt=3
[TU_TRACE] PKT7 op=0x38 cnt=7
[TU_TRACE] PKT4 reg=0xab30 cnt=8
[TU_TRACE] PKT7 op=0x43 cnt=3
[TU_TRACE] PKT7 op=0x38 cnt=7
[TU_TRACE] PKT4 reg=0xab30 cnt=8
[TU_TRACE] PKT7 op=0x43 cnt=3
[TU_TRACE] PKT7 op=0x38 cnt=7
[TU_TRACE] PKT4 reg=0xab30 cnt=8
[TU_TRACE] PKT7 op=0x43 cnt=3
[TU_TRACE] PKT7 op=0x38 cnt=7
[TU_TRACE] PKT4 reg=0xab30 cnt=8
[TU_TRACE] PKT7 op=0x43 cnt=3
[TU_TRACE] PKT7 op=0x38 cnt=7
[TU_TRACE] PKT4 reg=0xab30 cnt=8
[TU_TRACE] PKT7 op=0x43 cnt=3
[TU_TRACE] PKT7 op=0x38 cnt=7
[TU_TRACE] PKT4 reg=0xab30 cnt=8
[TU_TRACE] PKT7 op=0x43 cnt=3
[TU_TRACE] PKT7 op=0x38 cnt=7
[TU_TRACE] PKT4 reg=0xab30 cnt=8
[TU_TRACE] PKT7 op=0x43 cnt=3
[TU_TRACE] PKT7 op=0x38 cnt=7
[TU_TRACE] PKT4 reg=0xab30 cnt=8
[TU_TRACE] PKT7 op=0x43 cnt=3
[TU_TRACE] PKT7 op=0x38 cnt=7
[TU_TRACE] PKT4 reg=0xab30 cnt=8
[TU_TRACE] PKT7 op=0x43 cnt=3
[TU_TRACE] PKT7 op=0x38 cnt=7
[TU_TRACE] PKT4 reg=0xab30 cnt=8
[TU_TRACE] PKT7 op=0x43 cnt=3
[TU_TRACE] PKT7 op=0x38 cnt=7
[TU_TRACE] PKT4 reg=0xab30 cnt=8
[TU_TRACE] PKT7 op=0x43 cnt=3
[TU_TRACE] PKT7 op=0x38 cnt=7
[TU_TRACE] PKT4 reg=0xab30 cnt=8
[TU_TRACE] PKT7 op=0x43 cnt=3
[TU_TRACE] PKT7 op=0x38 cnt=7
[TU_TRACE] PKT4 reg=0xa00e cnt=2
[TU_TRACE] PKT4 reg=0x9b01 cnt=1
[TU_TRACE] PKT4 reg=0x930f cnt=1
[TU_TRACE] PKT4 reg=0x9b12 cnt=1
[TU_TRACE] PKT4 reg=0x8212 cnt=1
[TU_TRACE] PKT4 reg=0x810b cnt=1
[TU_TRACE] PKT4 reg=0x8898 cnt=1
[TU_TRACE] PKT4 reg=0x8089 cnt=1
[TU_TRACE] PKT4 reg=0x8870 cnt=1
[TU_TRACE] PKT4 reg=0xab30 cnt=8
[TU_TRACE] PKT4 reg=0xab1f cnt=1
[TU_TRACE] PKT7 op=0x43 cnt=90
[TU_TRACE] PKT7 op=0x38 cnt=7
[TU_TRACE] PKT4 reg=0xab30 cnt=8
[TU_TRACE] PKT7 op=0x43 cnt=3
[TU_TRACE] PKT7 op=0x38 cnt=7
[TU_TRACE] PKT4 reg=0xab30 cnt=8
[TU_TRACE] PKT7 op=0x43 cnt=3
[TU_TRACE] PKT7 op=0x38 cnt=7
[TU_TRACE] PKT4 reg=0xab30 cnt=8
[TU_TRACE] PKT7 op=0x43 cnt=3
[TU_TRACE] PKT7 op=0x38 cnt=7
[TU_TRACE] PKT4 reg=0xab30 cnt=8
[TU_TRACE] PKT7 op=0x43 cnt=3
[TU_TRACE] PKT7 op=0x38 cnt=7
[TU_TRACE] PKT4 reg=0xab30 cnt=8
[TU_TRACE] PKT7 op=0x43 cnt=3
[TU_TRACE] PKT7 op=0x38 cnt=7
[TU_TRACE] PKT4 reg=0xab30 cnt=8
[TU_TRACE] PKT7 op=0x43 cnt=3
[TU_TRACE] PKT7 op=0x38 cnt=7
[TU_TRACE] PKT4 reg=0xab30 cnt=8
[TU_TRACE] PKT7 op=0x43 cnt=3
[TU_TRACE] PKT7 op=0x38 cnt=7
[TU_TRACE] PKT4 reg=0xab30 cnt=8
[TU_TRACE] PKT7 op=0x43 cnt=3
[TU_TRACE] PKT7 op=0x38 cnt=7
[TU_TRACE] PKT4 reg=0xab30 cnt=8
[TU_TRACE] PKT7 op=0x43 cnt=3
[TU_TRACE] PKT7 op=0x38 cnt=7
[TU_TRACE] PKT4 reg=0xab30 cnt=8
[TU_TRACE] PKT7 op=0x43 cnt=3
[TU_TRACE] PKT7 op=0x38 cnt=7
[TU_TRACE] PKT4 reg=0xab30 cnt=8
[TU_TRACE] PKT7 op=0x43 cnt=3
[TU_TRACE] PKT7 op=0x38 cnt=7
[TU_TRACE] PKT4 reg=0xab30 cnt=8
[TU_TRACE] PKT7 op=0x43 cnt=3
[TU_TRACE] PKT7 op=0x38 cnt=7
[TU_TRACE] PKT4 reg=0xab30 cnt=8
[TU_TRACE] PKT7 op=0x43 cnt=3
[TU_TRACE] PKT7 op=0x38 cnt=7
[TU_TRACE] PKT4 reg=0xab30 cnt=8
[TU_TRACE] PKT7 op=0x43 cnt=3
[TU_TRACE] PKT7 op=0x38 cnt=7
[TU_TRACE] PKT4 reg=0xab30 cnt=8
[TU_TRACE] PKT7 op=0x43 cnt=3
[TU_TRACE] PKT7 op=0x38 cnt=7
[TU_TRACE] PKT4 reg=0xab30 cnt=8
[TU_TRACE] PKT7 op=0x43 cnt=3
[TU_TRACE] PKT7 op=0x38 cnt=7
[TU_TRACE] PKT4 reg=0xab30 cnt=8
[TU_TRACE] PKT7 op=0x43 cnt=3
[TU_TRACE] PKT7 op=0x38 cnt=7
[TU_TRACE] PKT4 reg=0xab30 cnt=8
[TU_TRACE] PKT7 op=0x43 cnt=3
[TU_TRACE] PKT7 op=0x38 cnt=7
[TU_TRACE] PKT4 reg=0xab30 cnt=8
[TU_TRACE] PKT7 op=0x43 cnt=3
[TU_TRACE] PKT7 op=0x38 cnt=7
[TU_TRACE] PKT4 reg=0xa00e cnt=2
[TU_TRACE] PKT4 reg=0x9b01 cnt=1
[TU_TRACE] PKT4 reg=0x930f cnt=1
[TU_TRACE] PKT4 reg=0x9b12 cnt=1
[TU_TRACE] PKT4 reg=0x8212 cnt=1
[TU_TRACE] PKT4 reg=0x810b cnt=1
[TU_TRACE] PKT4 reg=0x8898 cnt=1
[TU_TRACE] PKT4 reg=0x8089 cnt=1
[TU_TRACE] PKT4 reg=0x8870 cnt=1
[TU_TRACE] PKT4 reg=0xab30 cnt=8
[TU_TRACE] PKT4 reg=0xab1f cnt=1
[TU_TRACE] PKT7 op=0x43 cnt=90
[TU_TRACE] PKT7 op=0x38 cnt=7
[TU_TRACE] PKT4 reg=0xab30 cnt=8
[TU_TRACE] PKT7 op=0x43 cnt=3
[TU_TRACE] PKT7 op=0x38 cnt=7
[TU_TRACE] PKT4 reg=0xab30 cnt=8
[TU_TRACE] PKT7 op=0x43 cnt=3
[TU_TRACE] PKT7 op=0x38 cnt=7
[TU_TRACE] PKT4 reg=0xab30 cnt=8
[TU_TRACE] PKT7 op=0x43 cnt=3
[TU_TRACE] PKT7 op=0x38 cnt=7
[TU_TRACE] PKT4 reg=0xab30 cnt=8
[TU_TRACE] PKT7 op=0x43 cnt=3
[TU_TRACE] PKT7 op=0x38 cnt=7
[TU_TRACE] PKT4 reg=0xab30 cnt=8
[TU_TRACE] PKT7 op=0x43 cnt=3
[TU_TRACE] PKT7 op=0x38 cnt=7
[TU_TRACE] PKT4 reg=0xab30 cnt=8
[TU_TRACE] PKT7 op=0x43 cnt=3
[TU_TRACE] PKT7 op=0x38 cnt=7
[TU_TRACE] PKT4 reg=0xab30 cnt=8
[TU_TRACE] PKT7 op=0x43 cnt=3
[TU_TRACE] PKT7 op=0x38 cnt=7
[TU_TRACE] PKT4 reg=0xab30 cnt=8
[TU_TRACE] PKT7 op=0x43 cnt=3
[TU_TRACE] PKT7 op=0x38 cnt=7
[TU_TRACE] PKT4 reg=0xab30 cnt=8
[TU_TRACE] PKT7 op=0x43 cnt=3
[TU_TRACE] PKT7 op=0x38 cnt=7
[TU_TRACE] PKT4 reg=0xab30 cnt=8
[TU_TRACE] PKT7 op=0x43 cnt=3
[TU_TRACE] PKT7 op=0x38 cnt=7
[TU_TRACE] PKT4 reg=0xab30 cnt=8
[TU_TRACE] PKT7 op=0x43 cnt=3
[TU_TRACE] PKT7 op=0x38 cnt=7
[TU_TRACE] PKT4 reg=0xab30 cnt=8
[TU_TRACE] PKT7 op=0x43 cnt=3
[TU_TRACE] PKT7 op=0x38 cnt=7
[TU_TRACE] PKT4 reg=0xab30 cnt=8
[TU_TRACE] PKT7 op=0x43 cnt=3
[TU_TRACE] PKT7 op=0x38 cnt=7
[TU_TRACE] PKT4 reg=0xab30 cnt=8
[TU_TRACE] PKT7 op=0x43 cnt=3
[TU_TRACE] PKT7 op=0x38 cnt=7
[TU_TRACE] PKT4 reg=0xab30 cnt=8
[TU_TRACE] PKT7 op=0x43 cnt=3
[TU_TRACE] PKT7 op=0x38 cnt=7
[TU_TRACE] PKT4 reg=0xab30 cnt=8
[TU_TRACE] PKT7 op=0x43 cnt=3
[TU_TRACE] PKT7 op=0x38 cnt=7
[TU_TRACE] PKT4 reg=0xab30 cnt=8
[TU_TRACE] PKT7 op=0x43 cnt=3
[TU_TRACE] PKT7 op=0x38 cnt=7
[TU_TRACE] PKT4 reg=0xab30 cnt=8
[TU_TRACE] PKT7 op=0x43 cnt=3
[TU_TRACE] PKT7 op=0x38 cnt=7
[TU_TRACE] PKT4 reg=0xab30 cnt=8
[TU_TRACE] PKT7 op=0x43 cnt=3
[TU_TRACE] PKT7 op=0x38 cnt=7
[TU_TRACE] PKT7 op=0x65 cnt=1
[TU_TRACE] PKT4 reg=0x88d1 cnt=2
[TU_TRACE] PKT4 reg=0x88df cnt=4
[TU_TRACE] PKT4 reg=0x88d5 cnt=1
[TU_TRACE] PKT4 reg=0x88d0 cnt=1
[TU_TRACE] PKT4 reg=0x88e3 cnt=1
[TU_TRACE] PKT4 reg=0x88d7 cnt=4
[TU_TRACE] PKT4 reg=0x88dc cnt=3
[TU_TRACE] PKT4 reg=0x88d6 cnt=1
[TU_TRACE] PKT7 op=0x46 cnt=1
[TU_TRACE] PKT7 op=0x46 cnt=1
[TU_TRACE] PKT7 op=0x46 cnt=1
[TU_TRACE] PKT7 op=0x46 cnt=1
[TU_TRACE] PKT7 op=0x46 cnt=1
[TU_TRACE] PKT7 op=0x46 cnt=1
[TU_TRACE] PKT7 op=0x46 cnt=1
[TU_TRACE] PKT7 op=0x26 cnt=0
[TU_TRACE] PKT7 op=0x13 cnt=0
[TU_TRACE] PKT4 reg=0x88e5 cnt=1
[TU_TRACE] PKT7 op=0x17 cnt=1
[TU_TRACE] PKT7 op=0x17 cnt=1
[TU_TRACE] PKT4 reg=0x8812 cnt=1
[TU_TRACE] PKT4 reg=0x88e4 cnt=1
[TU_TRACE] PKT7 op=0x17 cnt=1
[TU_TRACE] PKT7 op=0x39 cnt=3
[TU_TRACE] PKT7 op=0x1d cnt=1
[TU_TRACE] PKT4 reg=0x8206 cnt=1
[TU_TRACE] PKT4 reg=0x88f5 cnt=1
[TU_TRACE] PKT4 reg=0x0c38 cnt=1
[TU_TRACE] PKT7 op=0x3e cnt=3
[TU_TRACE] PKT7 op=0x12 cnt=0
[TU_TRACE] PKT7 op=0x13 cnt=0
[TU_TRACE] PKT7 op=0x17 cnt=1
[TU_TRACE] PKT7 op=0x49 cnt=4
[TU_TRACE] PKT7 op=0x39 cnt=3
[TU_TRACE] PKT4 reg=0x8891 cnt=1
[TU_TRACE] PKT7 op=0x46 cnt=3
[TU_TRACE] PKT7 op=0x65 cnt=1
[TU_TRACE] PKT4 reg=0x8231 cnt=1
[TU_TRACE] PKT4 reg=0x8800 cnt=1
[TU_TRACE] PKT4 reg=0x88d3 cnt=1
[TU_TRACE] PKT4 reg=0xa007 cnt=1
[TU_TRACE] PKT4 reg=0x8235 cnt=2
[TU_TRACE] PKT4 reg=0x8507 cnt=2
[TU_TRACE] PKT7 op=0x64 cnt=1
[TU_TRACE] PKT7 op=0x63 cnt=1
[TU_TRACE] PKT4 reg=0x8206 cnt=1
[TU_TRACE] PKT4 reg=0x88f5 cnt=1
[TU_TRACE] PKT7 op=0x3f cnt=3
[TU_TRACE] PKT7 op=0x1d cnt=1
[TU_TRACE] PKT7 op=0x3f cnt=3
[TU_TRACE] PKT7 op=0x26 cnt=0
[TU_TRACE] PKT7 op=0x65 cnt=1
[TU_TRACE] PKT4 reg=0x8212 cnt=1
[TU_TRACE] PKT4 reg=0x810b cnt=1
[TU_TRACE] PKT7 op=0x46 cnt=1
[TU_TRACE] PKT7 op=0x46 cnt=4
[TU_TRACE] PKT7 op=0x46 cnt=1
[TU_TRACE] PKT4 reg=0x8891 cnt=1
[TU_TRACE] PKT7 op=0x46 cnt=3
[TU_TRACE] PKT7 op=0x43 cnt=3
[TU_TRACE] PKT7 op=0x46 cnt=1
[TU_TRACE] PKT7 op=0x46 cnt=1
[TU_TRACE] PKT7 op=0x46 cnt=4
[TU_TRACE] PKT7 op=0x17 cnt=1
[TU_TRACE] PKT7 op=0x46 cnt=1
[TU_TRACE] PKT7 op=0x46 cnt=1
[TU_TRACE] PKT7 op=0x46 cnt=1
[TU_TRACE] PKT7 op=0x46 cnt=1
[TU_TRACE] PKT7 op=0x26 cnt=0
[TU_TRACE] PKT4 reg=0xab1f cnt=1
[TU_TRACE] PKT7 op=0x26 cnt=0
[TU_TRACE] WRITE_REG reg=0x8228 val=0x00000000
[TU_TRACE] PKT4 reg=0x8228 cnt=1
[TU_TRACE] WRITE_REG reg=0x8229 val=0x00000000
[TU_TRACE] PKT4 reg=0x8229 cnt=1
[TU_TRACE] WRITE_REG reg=0x822a val=0x00000000
[TU_TRACE] PKT4 reg=0x822a cnt=1
[TU_TRACE] WRITE_REG reg=0x822b val=0x00000000
[TU_TRACE] PKT4 reg=0x822b cnt=1
[TU_TRACE] WRITE_REG reg=0x822c val=0x00000000
[TU_TRACE] PKT4 reg=0x822c cnt=1
[TU_TRACE] WRITE_REG reg=0x822d val=0x00000000
[TU_TRACE] PKT4 reg=0x822d cnt=1
[TU_TRACE] WRITE_REG reg=0x8818 val=0x00000000
[TU_TRACE] PKT4 reg=0x8818 cnt=1
[TU_TRACE] WRITE_REG reg=0x8819 val=0x00000000
[TU_TRACE] PKT4 reg=0x8819 cnt=1
[TU_TRACE] WRITE_REG reg=0x881a val=0x00000000
[TU_TRACE] PKT4 reg=0x881a cnt=1
[TU_TRACE] WRITE_REG reg=0x881b val=0x00000000
[TU_TRACE] PKT4 reg=0x881b cnt=1
[TU_TRACE] WRITE_REG reg=0x881c val=0x00000000
[TU_TRACE] PKT4 reg=0x881c cnt=1
[TU_TRACE] WRITE_REG reg=0x881d val=0x00000000
[TU_TRACE] PKT4 reg=0x881d cnt=1
[TU_TRACE] WRITE_REG reg=0x881e val=0x00000000
[TU_TRACE] PKT4 reg=0x881e cnt=1
[TU_TRACE] WRITE_REG reg=0x8899 val=0x00000000
[TU_TRACE] PKT4 reg=0x8899 cnt=1
[TU_TRACE] WRITE_REG reg=0x88f1 val=0x00000001
[TU_TRACE] PKT4 reg=0x88f1 cnt=1
[TU_TRACE] WRITE_REG reg=0xab01 val=0x00000000
[TU_TRACE] PKT4 reg=0xab01 cnt=1
[TU_TRACE] WRITE_REG reg=0xab02 val=0x00000000
[TU_TRACE] PKT4 reg=0xab02 cnt=1
[TU_TRACE] WRITE_REG reg=0xab23 val=0x00000000
[TU_TRACE] PKT4 reg=0xab23 cnt=1
[TU_TRACE] WRITE_REG reg=0xb182 val=0x00000004
[TU_TRACE] PKT4 reg=0xb182 cnt=1
[TU_TRACE] WRITE_REG reg=0xb183 val=0x00000000
[TU_TRACE] PKT4 reg=0xb183 cnt=1
[TU_TRACE] WRITE_REG reg=0x980b val=0x00800280
[TU_TRACE] PKT4 reg=0x980b cnt=1
[TU_TRACE] WRITE_REG reg=0x9b00 val=0x00003f00
[TU_TRACE] PKT4 reg=0x9b00 cnt=1
[TU_TRACE] PKT4 reg=0x8130 cnt=1
[TU_TRACE] PKT4 reg=0x8131 cnt=1
[TU_TRACE] WRITE_REG reg=0xae0f val=0x0000003f
[TU_TRACE] PKT4 reg=0xae0f cnt=1
[TU_TRACE] PKT4 reg=0xab09 cnt=1
[TU_TRACE] WRITE_REG reg=0xb182 val=0x00000000
[TU_TRACE] PKT4 reg=0xb182 cnt=1
[TU_TRACE] WRITE_REG reg=0xa9a8 val=0x00000000
[TU_TRACE] PKT4 reg=0xa9a8 cnt=1
[TU_TRACE] PKT4 reg=0xab00 cnt=1
[TU_TRACE] PKT4 reg=0xa009 cnt=1
[TU_TRACE] WRITE_REG reg=0x8811 val=0x00000010
[TU_TRACE] PKT4 reg=0x8811 cnt=1
[TU_TRACE] PKT4 reg=0x8213 cnt=1
[TU_TRACE] WRITE_REG reg=0x8818 val=0x00000000
[TU_TRACE] PKT4 reg=0x8818 cnt=1
[TU_TRACE] PKT4 reg=0x9310 cnt=1
[TU_TRACE] PKT4 reg=0x9312 cnt=1
[TU_TRACE] PKT4 reg=0x9305 cnt=1
[TU_TRACE] WRITE_REG reg=0xb183 val=0x00000000
[TU_TRACE] PKT4 reg=0xb183 cnt=1
[TU_TRACE] PKT4 reg=0x8234 cnt=1
[TU_TRACE] PKT4 reg=0xb309 cnt=1
[TU_TRACE] PKT4 reg=0xa9cb cnt=1
[TU_TRACE] WRITE_REG reg=0xa007 val=0x00000000
[TU_TRACE] PKT4 reg=0xa007 cnt=1
[TU_TRACE] PKT4 reg=0x8864 cnt=1
[TU_TRACE] PKT4 reg=0xaa0c cnt=1
[TU_TRACE] PKT4 reg=0xb302 cnt=2
[TU_TRACE] PKT4 reg=0xb180 cnt=2
[TU_TRACE] PKT4 reg=0x9814 cnt=1
[TU_TRACE] PKT4 reg=0x9815 cnt=1
[TU_TRACE] PKT4 reg=0xa980 cnt=1
[TU_TRACE] PKT4 reg=0xa827 cnt=1
[TU_TRACE] PKT4 reg=0x9313 cnt=1
[TU_TRACE] PKT4 reg=0x8c34 cnt=1
[TU_TRACE] PKT4 reg=0x88e5 cnt=1
[TU_TRACE] PKT7 op=0x43 cnt=3
[TU_TRACE] PKT7 op=0x1b cnt=2
[TU_TRACE] PKT7 op=0x17 cnt=1
[TU_TRACE] PKT7 op=0x55 cnt=3
[TU_TRACE] PKT7 op=0x17 cnt=1
[TU_TRACE] PKT7 op=0x55 cnt=3
[TU_TRACE] PKT7 op=0x17 cnt=1
[TU_TRACE] PKT7 op=0x39 cnt=3
[TU_TRACE] PKT7 op=0x55 cnt=3
[TU_TRACE] PKT7 op=0x55 cnt=3
[TU_TRACE] PKT7 op=0x17 cnt=1
[TU_TRACE] PKT4 reg=0x8212 cnt=1
[TU_TRACE] PKT4 reg=0x810b cnt=1
[TU_TRACE] PKT7 op=0x47 cnt=2
[TU_TRACE] PKT7 op=0x47 cnt=2
[TU_TRACE] PKT4 reg=0x88d1 cnt=2
[TU_TRACE] PKT4 reg=0x88df cnt=4
[TU_TRACE] PKT4 reg=0x88d5 cnt=1
[TU_TRACE] PKT4 reg=0x88d0 cnt=1
[TU_TRACE] PKT4 reg=0x88e3 cnt=1
[TU_TRACE] PKT4 reg=0x88d7 cnt=4
[TU_TRACE] PKT4 reg=0x88dc cnt=3
[TU_TRACE] PKT4 reg=0x88d6 cnt=1
[TU_TRACE] PKT7 op=0x46 cnt=1
[TU_TRACE] PKT7 op=0x46 cnt=1
[TU_TRACE] PKT4 reg=0x8872 cnt=6
[TU_TRACE] PKT4 reg=0x808d cnt=1
[TU_TRACE] PKT4 reg=0x8881 cnt=1
[TU_TRACE] PKT4 reg=0x808e cnt=2
[TU_TRACE] PKT4 reg=0x8092 cnt=1
[TU_TRACE] PKT4 reg=0x8090 cnt=2
[TU_TRACE] PKT7 op=0x46 cnt=1
[TU_TRACE] PKT7 op=0x43 cnt=6
[TU_TRACE] PKT4 reg=0xa010 cnt=3
[TU_TRACE] PKT4 reg=0x9b15 cnt=1
[TU_TRACE] PKT4 reg=0xa00e cnt=2
[TU_TRACE] PKT4 reg=0x9b01 cnt=1
[TU_TRACE] PKT4 reg=0x930f cnt=1
[TU_TRACE] PKT4 reg=0x9b12 cnt=1
[TU_TRACE] PKT4 reg=0x8212 cnt=1
[TU_TRACE] PKT4 reg=0x810b cnt=1
[TU_TRACE] PKT4 reg=0x8898 cnt=1
[TU_TRACE] PKT4 reg=0x8089 cnt=1
[TU_TRACE] PKT4 reg=0x8870 cnt=1
[TU_TRACE] PKT4 reg=0xab30 cnt=8
[TU_TRACE] PKT4 reg=0xab1f cnt=1
[TU_TRACE] PKT7 op=0x43 cnt=90
[TU_TRACE] PKT7 op=0x38 cnt=7
[TU_TRACE] PKT4 reg=0xab30 cnt=8
[TU_TRACE] PKT7 op=0x43 cnt=3
[TU_TRACE] PKT7 op=0x38 cnt=7
[TU_TRACE] PKT4 reg=0xab30 cnt=8
[TU_TRACE] PKT7 op=0x43 cnt=3
[TU_TRACE] PKT7 op=0x38 cnt=7
[TU_TRACE] PKT4 reg=0xab30 cnt=8
[TU_TRACE] PKT7 op=0x43 cnt=3
[TU_TRACE] PKT7 op=0x38 cnt=7
[TU_TRACE] PKT4 reg=0xab30 cnt=8
[TU_TRACE] PKT7 op=0x43 cnt=3
[TU_TRACE] PKT7 op=0x38 cnt=7
[TU_TRACE] PKT4 reg=0xab30 cnt=8
[TU_TRACE] PKT7 op=0x43 cnt=3
[TU_TRACE] PKT7 op=0x38 cnt=7
[TU_TRACE] PKT4 reg=0xab30 cnt=8
[TU_TRACE] PKT7 op=0x43 cnt=3
[TU_TRACE] PKT7 op=0x38 cnt=7
[TU_TRACE] PKT4 reg=0xab30 cnt=8
[TU_TRACE] PKT7 op=0x43 cnt=3
[TU_TRACE] PKT7 op=0x38 cnt=7
[TU_TRACE] PKT4 reg=0xab30 cnt=8
[TU_TRACE] PKT7 op=0x43 cnt=3
[TU_TRACE] PKT7 op=0x38 cnt=7
[TU_TRACE] PKT4 reg=0xab30 cnt=8
[TU_TRACE] PKT7 op=0x43 cnt=3
[TU_TRACE] PKT7 op=0x38 cnt=7
[TU_TRACE] PKT4 reg=0xab30 cnt=8
[TU_TRACE] PKT7 op=0x43 cnt=3
[TU_TRACE] PKT7 op=0x38 cnt=7
[TU_TRACE] PKT4 reg=0xab30 cnt=8
[TU_TRACE] PKT7 op=0x43 cnt=3
[TU_TRACE] PKT7 op=0x38 cnt=7
[TU_TRACE] PKT4 reg=0xab30 cnt=8
[TU_TRACE] PKT7 op=0x43 cnt=3
[TU_TRACE] PKT7 op=0x38 cnt=7
[TU_TRACE] PKT4 reg=0xab30 cnt=8
[TU_TRACE] PKT7 op=0x43 cnt=3
[TU_TRACE] PKT7 op=0x38 cnt=7
[TU_TRACE] PKT4 reg=0xab30 cnt=8
[TU_TRACE] PKT7 op=0x43 cnt=3
[TU_TRACE] PKT7 op=0x38 cnt=7
[TU_TRACE] PKT4 reg=0xab30 cnt=8
[TU_TRACE] PKT7 op=0x43 cnt=3
[TU_TRACE] PKT7 op=0x38 cnt=7
[TU_TRACE] PKT4 reg=0xab30 cnt=8
[TU_TRACE] PKT7 op=0x43 cnt=3
[TU_TRACE] PKT7 op=0x38 cnt=7
[TU_TRACE] PKT4 reg=0xab30 cnt=8
[TU_TRACE] PKT7 op=0x43 cnt=3
[TU_TRACE] PKT7 op=0x38 cnt=7
[TU_TRACE] PKT4 reg=0xab30 cnt=8
[TU_TRACE] PKT7 op=0x43 cnt=3
[TU_TRACE] PKT7 op=0x38 cnt=7
[TU_TRACE] PKT4 reg=0xab30 cnt=8
[TU_TRACE] PKT7 op=0x43 cnt=3
[TU_TRACE] PKT7 op=0x38 cnt=7
[TU_TRACE] PKT4 reg=0xa00e cnt=2
[TU_TRACE] PKT4 reg=0x9b01 cnt=1
[TU_TRACE] PKT4 reg=0x930f cnt=1
[TU_TRACE] PKT4 reg=0x9b12 cnt=1
[TU_TRACE] PKT4 reg=0x8212 cnt=1
[TU_TRACE] PKT4 reg=0x810b cnt=1
[TU_TRACE] PKT4 reg=0x8898 cnt=1
[TU_TRACE] PKT4 reg=0x8089 cnt=1
[TU_TRACE] PKT4 reg=0x8870 cnt=1
[TU_TRACE] PKT4 reg=0xab30 cnt=8
[TU_TRACE] PKT4 reg=0xab1f cnt=1
[TU_TRACE] PKT7 op=0x43 cnt=90
[TU_TRACE] PKT7 op=0x38 cnt=7
[TU_TRACE] PKT4 reg=0xab30 cnt=8
[TU_TRACE] PKT7 op=0x43 cnt=3
[TU_TRACE] PKT7 op=0x38 cnt=7
[TU_TRACE] PKT4 reg=0xab30 cnt=8
[TU_TRACE] PKT7 op=0x43 cnt=3
[TU_TRACE] PKT7 op=0x38 cnt=7
[TU_TRACE] PKT4 reg=0xab30 cnt=8
[TU_TRACE] PKT7 op=0x43 cnt=3
[TU_TRACE] PKT7 op=0x38 cnt=7
[TU_TRACE] PKT4 reg=0xab30 cnt=8
[TU_TRACE] PKT7 op=0x43 cnt=3
[TU_TRACE] PKT7 op=0x38 cnt=7
[TU_TRACE] PKT4 reg=0xab30 cnt=8
[TU_TRACE] PKT7 op=0x43 cnt=3
[TU_TRACE] PKT7 op=0x38 cnt=7
[TU_TRACE] PKT4 reg=0xab30 cnt=8
[TU_TRACE] PKT7 op=0x43 cnt=3
[TU_TRACE] PKT7 op=0x38 cnt=7
[TU_TRACE] PKT4 reg=0xab30 cnt=8
[TU_TRACE] PKT7 op=0x43 cnt=3
[TU_TRACE] PKT7 op=0x38 cnt=7
[TU_TRACE] PKT4 reg=0xab30 cnt=8
[TU_TRACE] PKT7 op=0x43 cnt=3
[TU_TRACE] PKT7 op=0x38 cnt=7
[TU_TRACE] PKT4 reg=0xab30 cnt=8
[TU_TRACE] PKT7 op=0x43 cnt=3
[TU_TRACE] PKT7 op=0x38 cnt=7
[TU_TRACE] PKT4 reg=0xab30 cnt=8
[TU_TRACE] PKT7 op=0x43 cnt=3
[TU_TRACE] PKT7 op=0x38 cnt=7
[TU_TRACE] PKT4 reg=0xab30 cnt=8
[TU_TRACE] PKT7 op=0x43 cnt=3
[TU_TRACE] PKT7 op=0x38 cnt=7
[TU_TRACE] PKT4 reg=0xab30 cnt=8
[TU_TRACE] PKT7 op=0x43 cnt=3
[TU_TRACE] PKT7 op=0x38 cnt=7
[TU_TRACE] PKT4 reg=0xab30 cnt=8
[TU_TRACE] PKT7 op=0x43 cnt=3
[TU_TRACE] PKT7 op=0x38 cnt=7
[TU_TRACE] PKT4 reg=0xab30 cnt=8
[TU_TRACE] PKT7 op=0x43 cnt=3
[TU_TRACE] PKT7 op=0x38 cnt=7
[TU_TRACE] PKT4 reg=0xab30 cnt=8
[TU_TRACE] PKT7 op=0x43 cnt=3
[TU_TRACE] PKT7 op=0x38 cnt=7
[TU_TRACE] PKT4 reg=0xab30 cnt=8
[TU_TRACE] PKT7 op=0x43 cnt=3
[TU_TRACE] PKT7 op=0x38 cnt=7
[TU_TRACE] PKT4 reg=0xab30 cnt=8
[TU_TRACE] PKT7 op=0x43 cnt=3
[TU_TRACE] PKT7 op=0x38 cnt=7
[TU_TRACE] PKT4 reg=0xab30 cnt=8
[TU_TRACE] PKT7 op=0x43 cnt=3
[TU_TRACE] PKT7 op=0x38 cnt=7
[TU_TRACE] PKT4 reg=0xab30 cnt=8
[TU_TRACE] PKT7 op=0x43 cnt=3
[TU_TRACE] PKT7 op=0x38 cnt=7
[TU_TRACE] PKT4 reg=0xa00e cnt=2
[TU_TRACE] PKT4 reg=0x9b01 cnt=1
[TU_TRACE] PKT4 reg=0x930f cnt=1
[TU_TRACE] PKT4 reg=0x9b12 cnt=1
[TU_TRACE] PKT4 reg=0x8212 cnt=1
[TU_TRACE] PKT4 reg=0x810b cnt=1
[TU_TRACE] PKT4 reg=0x8898 cnt=1
[TU_TRACE] PKT4 reg=0x8089 cnt=1
[TU_TRACE] PKT4 reg=0x8870 cnt=1
[TU_TRACE] PKT4 reg=0xab30 cnt=8
[TU_TRACE] PKT4 reg=0xab1f cnt=1
[TU_TRACE] PKT7 op=0x43 cnt=90
[TU_TRACE] PKT7 op=0x38 cnt=7
[TU_TRACE] PKT4 reg=0xab30 cnt=8
[TU_TRACE] PKT7 op=0x43 cnt=3
[TU_TRACE] PKT7 op=0x38 cnt=7
[TU_TRACE] PKT4 reg=0xab30 cnt=8
[TU_TRACE] PKT7 op=0x43 cnt=3
[TU_TRACE] PKT7 op=0x38 cnt=7
[TU_TRACE] PKT4 reg=0xab30 cnt=8
[TU_TRACE] PKT7 op=0x43 cnt=3
[TU_TRACE] PKT7 op=0x38 cnt=7
[TU_TRACE] PKT4 reg=0xab30 cnt=8
[TU_TRACE] PKT7 op=0x43 cnt=3
[TU_TRACE] PKT7 op=0x38 cnt=7
[TU_TRACE] PKT4 reg=0xab30 cnt=8
[TU_TRACE] PKT7 op=0x43 cnt=3
[TU_TRACE] PKT7 op=0x38 cnt=7
[TU_TRACE] PKT4 reg=0xab30 cnt=8
[TU_TRACE] PKT7 op=0x43 cnt=3
[TU_TRACE] PKT7 op=0x38 cnt=7
[TU_TRACE] PKT4 reg=0xab30 cnt=8
[TU_TRACE] PKT7 op=0x43 cnt=3
[TU_TRACE] PKT7 op=0x38 cnt=7
[TU_TRACE] PKT4 reg=0xab30 cnt=8
[TU_TRACE] PKT7 op=0x43 cnt=3
[TU_TRACE] PKT7 op=0x38 cnt=7
[TU_TRACE] PKT4 reg=0xab30 cnt=8
[TU_TRACE] PKT7 op=0x43 cnt=3
[TU_TRACE] PKT7 op=0x38 cnt=7
[TU_TRACE] PKT4 reg=0xab30 cnt=8
[TU_TRACE] PKT7 op=0x43 cnt=3
[TU_TRACE] PKT7 op=0x38 cnt=7
[TU_TRACE] PKT4 reg=0xab30 cnt=8
[TU_TRACE] PKT7 op=0x43 cnt=3
[TU_TRACE] PKT7 op=0x38 cnt=7
[TU_TRACE] PKT4 reg=0xab30 cnt=8
[TU_TRACE] PKT7 op=0x43 cnt=3
[TU_TRACE] PKT7 op=0x38 cnt=7
[TU_TRACE] PKT4 reg=0xab30 cnt=8
[TU_TRACE] PKT7 op=0x43 cnt=3
[TU_TRACE] PKT7 op=0x38 cnt=7
[TU_TRACE] PKT4 reg=0xab30 cnt=8
[TU_TRACE] PKT7 op=0x43 cnt=3
[TU_TRACE] PKT7 op=0x38 cnt=7
[TU_TRACE] PKT4 reg=0xab30 cnt=8
[TU_TRACE] PKT7 op=0x43 cnt=3
[TU_TRACE] PKT7 op=0x38 cnt=7
[TU_TRACE] PKT4 reg=0xab30 cnt=8
[TU_TRACE] PKT7 op=0x43 cnt=3
[TU_TRACE] PKT7 op=0x38 cnt=7
[TU_TRACE] PKT4 reg=0xab30 cnt=8
[TU_TRACE] PKT7 op=0x43 cnt=3
[TU_TRACE] PKT7 op=0x38 cnt=7
[TU_TRACE] PKT4 reg=0xab30 cnt=8
[TU_TRACE] PKT7 op=0x43 cnt=3
[TU_TRACE] PKT7 op=0x38 cnt=7
[TU_TRACE] PKT4 reg=0xab30 cnt=8
[TU_TRACE] PKT7 op=0x43 cnt=3
[TU_TRACE] PKT7 op=0x38 cnt=7
[TU_TRACE] PKT4 reg=0xa00e cnt=2
[TU_TRACE] PKT4 reg=0x9b01 cnt=1
[TU_TRACE] PKT4 reg=0x930f cnt=1
[TU_TRACE] PKT4 reg=0x9b12 cnt=1
[TU_TRACE] PKT4 reg=0x8212 cnt=1
[TU_TRACE] PKT4 reg=0x810b cnt=1
[TU_TRACE] PKT4 reg=0x8898 cnt=1
[TU_TRACE] PKT4 reg=0x8089 cnt=1
[TU_TRACE] PKT4 reg=0x8870 cnt=1
[TU_TRACE] PKT4 reg=0xab30 cnt=8
[TU_TRACE] PKT4 reg=0xab1f cnt=1
[TU_TRACE] PKT7 op=0x43 cnt=90
[TU_TRACE] PKT7 op=0x38 cnt=7
[TU_TRACE] PKT4 reg=0xab30 cnt=8
[TU_TRACE] PKT7 op=0x43 cnt=3
[TU_TRACE] PKT7 op=0x38 cnt=7
[TU_TRACE] PKT4 reg=0xab30 cnt=8
[TU_TRACE] PKT7 op=0x43 cnt=3
[TU_TRACE] PKT7 op=0x38 cnt=7
[TU_TRACE] PKT4 reg=0xab30 cnt=8
[TU_TRACE] PKT7 op=0x43 cnt=3
[TU_TRACE] PKT7 op=0x38 cnt=7
[TU_TRACE] PKT4 reg=0xab30 cnt=8
[TU_TRACE] PKT7 op=0x43 cnt=3
[TU_TRACE] PKT7 op=0x38 cnt=7
[TU_TRACE] PKT4 reg=0xab30 cnt=8
[TU_TRACE] PKT7 op=0x43 cnt=3
[TU_TRACE] PKT7 op=0x38 cnt=7
[TU_TRACE] PKT4 reg=0xab30 cnt=8
[TU_TRACE] PKT7 op=0x43 cnt=3
[TU_TRACE] PKT7 op=0x38 cnt=7
[TU_TRACE] PKT4 reg=0xab30 cnt=8
[TU_TRACE] PKT7 op=0x43 cnt=3
[TU_TRACE] PKT7 op=0x38 cnt=7
[TU_TRACE] PKT4 reg=0xab30 cnt=8
[TU_TRACE] PKT7 op=0x43 cnt=3
[TU_TRACE] PKT7 op=0x38 cnt=7
[TU_TRACE] PKT4 reg=0xab30 cnt=8
[TU_TRACE] PKT7 op=0x43 cnt=3
[TU_TRACE] PKT7 op=0x38 cnt=7
[TU_TRACE] PKT4 reg=0xab30 cnt=8
[TU_TRACE] PKT7 op=0x43 cnt=3
[TU_TRACE] PKT7 op=0x38 cnt=7
[TU_TRACE] PKT4 reg=0xab30 cnt=8
[TU_TRACE] PKT7 op=0x43 cnt=3
[TU_TRACE] PKT7 op=0x38 cnt=7
[TU_TRACE] PKT4 reg=0xab30 cnt=8
[TU_TRACE] PKT7 op=0x43 cnt=3
[TU_TRACE] PKT7 op=0x38 cnt=7
[TU_TRACE] PKT4 reg=0xab30 cnt=8
[TU_TRACE] PKT7 op=0x43 cnt=3
[TU_TRACE] PKT7 op=0x38 cnt=7
[TU_TRACE] PKT4 reg=0xab30 cnt=8
[TU_TRACE] PKT7 op=0x43 cnt=3
[TU_TRACE] PKT7 op=0x38 cnt=7
[TU_TRACE] PKT4 reg=0xab30 cnt=8
[TU_TRACE] PKT7 op=0x43 cnt=3
[TU_TRACE] PKT7 op=0x38 cnt=7
[TU_TRACE] PKT4 reg=0xab30 cnt=8
[TU_TRACE] PKT7 op=0x43 cnt=3
[TU_TRACE] PKT7 op=0x38 cnt=7
[TU_TRACE] PKT4 reg=0xab30 cnt=8
[TU_TRACE] PKT7 op=0x43 cnt=3
[TU_TRACE] PKT7 op=0x38 cnt=7
[TU_TRACE] PKT4 reg=0xab30 cnt=8
[TU_TRACE] PKT7 op=0x43 cnt=3
[TU_TRACE] PKT7 op=0x38 cnt=7
[TU_TRACE] PKT4 reg=0xab30 cnt=8
[TU_TRACE] PKT7 op=0x43 cnt=3
[TU_TRACE] PKT7 op=0x38 cnt=7
[TU_TRACE] PKT4 reg=0xa00e cnt=2
[TU_TRACE] PKT4 reg=0x9b01 cnt=1
[TU_TRACE] PKT4 reg=0x930f cnt=1
[TU_TRACE] PKT4 reg=0x9b12 cnt=1
[TU_TRACE] PKT4 reg=0x8212 cnt=1
[TU_TRACE] PKT4 reg=0x810b cnt=1
[TU_TRACE] PKT4 reg=0x8898 cnt=1
[TU_TRACE] PKT4 reg=0x8089 cnt=1
[TU_TRACE] PKT4 reg=0x8870 cnt=1
[TU_TRACE] PKT4 reg=0xab30 cnt=8
[TU_TRACE] PKT4 reg=0xab1f cnt=1
[TU_TRACE] PKT7 op=0x43 cnt=90
[TU_TRACE] PKT7 op=0x38 cnt=7
[TU_TRACE] PKT4 reg=0xab30 cnt=8
[TU_TRACE] PKT7 op=0x43 cnt=3
[TU_TRACE] PKT7 op=0x38 cnt=7
[TU_TRACE] PKT4 reg=0xab30 cnt=8
[TU_TRACE] PKT7 op=0x43 cnt=3
[TU_TRACE] PKT7 op=0x38 cnt=7
[TU_TRACE] PKT4 reg=0xab30 cnt=8
[TU_TRACE] PKT7 op=0x43 cnt=3
[TU_TRACE] PKT7 op=0x38 cnt=7
[TU_TRACE] PKT4 reg=0xab30 cnt=8
[TU_TRACE] PKT7 op=0x43 cnt=3
[TU_TRACE] PKT7 op=0x38 cnt=7
[TU_TRACE] PKT4 reg=0xab30 cnt=8
[TU_TRACE] PKT7 op=0x43 cnt=3
[TU_TRACE] PKT7 op=0x38 cnt=7
[TU_TRACE] PKT4 reg=0xab30 cnt=8
[TU_TRACE] PKT7 op=0x43 cnt=3
[TU_TRACE] PKT7 op=0x38 cnt=7
[TU_TRACE] PKT4 reg=0xab30 cnt=8
[TU_TRACE] PKT7 op=0x43 cnt=3
[TU_TRACE] PKT7 op=0x38 cnt=7
[TU_TRACE] PKT4 reg=0xab30 cnt=8
[TU_TRACE] PKT7 op=0x43 cnt=3
[TU_TRACE] PKT7 op=0x38 cnt=7
[TU_TRACE] PKT4 reg=0xab30 cnt=8
[TU_TRACE] PKT7 op=0x43 cnt=3
[TU_TRACE] PKT7 op=0x38 cnt=7
[TU_TRACE] PKT4 reg=0xab30 cnt=8
[TU_TRACE] PKT7 op=0x43 cnt=3
[TU_TRACE] PKT7 op=0x38 cnt=7
[TU_TRACE] PKT4 reg=0xab30 cnt=8
[TU_TRACE] PKT7 op=0x43 cnt=3
[TU_TRACE] PKT7 op=0x38 cnt=7
[TU_TRACE] PKT4 reg=0xab30 cnt=8
[TU_TRACE] PKT7 op=0x43 cnt=3
[TU_TRACE] PKT7 op=0x38 cnt=7
[TU_TRACE] PKT4 reg=0xab30 cnt=8
[TU_TRACE] PKT7 op=0x43 cnt=3
[TU_TRACE] PKT7 op=0x38 cnt=7
[TU_TRACE] PKT4 reg=0xab30 cnt=8
[TU_TRACE] PKT7 op=0x43 cnt=3
[TU_TRACE] PKT7 op=0x38 cnt=7
[TU_TRACE] PKT4 reg=0xab30 cnt=8
[TU_TRACE] PKT7 op=0x43 cnt=3
[TU_TRACE] PKT7 op=0x38 cnt=7
[TU_TRACE] PKT4 reg=0xab30 cnt=8
[TU_TRACE] PKT7 op=0x43 cnt=3
[TU_TRACE] PKT7 op=0x38 cnt=7
[TU_TRACE] PKT4 reg=0xab30 cnt=8
[TU_TRACE] PKT7 op=0x43 cnt=3
[TU_TRACE] PKT7 op=0x38 cnt=7
[TU_TRACE] PKT4 reg=0xab30 cnt=8
[TU_TRACE] PKT7 op=0x43 cnt=3
[TU_TRACE] PKT7 op=0x38 cnt=7
[TU_TRACE] PKT4 reg=0xab30 cnt=8
[TU_TRACE] PKT7 op=0x43 cnt=3
[TU_TRACE] PKT7 op=0x38 cnt=7
[TU_TRACE] PKT7 op=0x65 cnt=1
[TU_TRACE] PKT4 reg=0x88d1 cnt=2
[TU_TRACE] PKT4 reg=0x88df cnt=4
[TU_TRACE] PKT4 reg=0x88d5 cnt=1
[TU_TRACE] PKT4 reg=0x88d0 cnt=1
[TU_TRACE] PKT4 reg=0x88e3 cnt=1
[TU_TRACE] PKT4 reg=0x88d7 cnt=4
[TU_TRACE] PKT4 reg=0x88dc cnt=3
[TU_TRACE] PKT4 reg=0x88d6 cnt=1
[TU_TRACE] PKT7 op=0x46 cnt=1
[TU_TRACE] PKT7 op=0x46 cnt=1
[TU_TRACE] PKT7 op=0x46 cnt=1
[TU_TRACE] PKT7 op=0x46 cnt=1
[TU_TRACE] PKT7 op=0x46 cnt=1
[TU_TRACE] PKT7 op=0x46 cnt=1
[TU_TRACE] PKT7 op=0x46 cnt=1
[TU_TRACE] PKT7 op=0x26 cnt=0
[TU_TRACE] PKT7 op=0x13 cnt=0
[TU_TRACE] PKT4 reg=0x88e5 cnt=1
[TU_TRACE] PKT7 op=0x17 cnt=1
[TU_TRACE] PKT7 op=0x17 cnt=1
[TU_TRACE] PKT4 reg=0x8812 cnt=1
[TU_TRACE] PKT4 reg=0x88e4 cnt=1
[TU_TRACE] PKT7 op=0x17 cnt=1
[TU_TRACE] PKT7 op=0x39 cnt=3
[TU_TRACE] PKT7 op=0x1d cnt=1
[TU_TRACE] PKT4 reg=0x8206 cnt=1
[TU_TRACE] PKT4 reg=0x88f5 cnt=1
[TU_TRACE] PKT4 reg=0x0c38 cnt=1
[TU_TRACE] PKT7 op=0x3e cnt=3
[TU_TRACE] PKT7 op=0x12 cnt=0
[TU_TRACE] PKT7 op=0x13 cnt=0
[TU_TRACE] PKT7 op=0x17 cnt=1
[TU_TRACE] PKT7 op=0x49 cnt=4
[TU_TRACE] PKT7 op=0x39 cnt=3
[TU_TRACE] PKT4 reg=0x8891 cnt=1
[TU_TRACE] PKT7 op=0x46 cnt=3
[TU_TRACE] PKT7 op=0x65 cnt=1
[TU_TRACE] PKT4 reg=0x8231 cnt=1
[TU_TRACE] PKT4 reg=0x8800 cnt=1
[TU_TRACE] PKT4 reg=0x88d3 cnt=1
[TU_TRACE] PKT4 reg=0xa007 cnt=1
[TU_TRACE] PKT4 reg=0x8235 cnt=2
[TU_TRACE] PKT4 reg=0x8507 cnt=2
[TU_TRACE] PKT7 op=0x64 cnt=1
[TU_TRACE] PKT7 op=0x63 cnt=1
[TU_TRACE] PKT4 reg=0x8206 cnt=1
[TU_TRACE] PKT4 reg=0x88f5 cnt=1
[TU_TRACE] PKT7 op=0x3f cnt=3
[TU_TRACE] PKT7 op=0x1d cnt=1
[TU_TRACE] PKT7 op=0x3f cnt=3
[TU_TRACE] PKT7 op=0x26 cnt=0
[TU_TRACE] PKT7 op=0x65 cnt=1
[TU_TRACE] PKT4 reg=0x8212 cnt=1
[TU_TRACE] PKT4 reg=0x810b cnt=1
[TU_TRACE] PKT7 op=0x46 cnt=1
[TU_TRACE] PKT7 op=0x46 cnt=4
[TU_TRACE] PKT7 op=0x46 cnt=1
[TU_TRACE] PKT4 reg=0x8891 cnt=1
[TU_TRACE] PKT7 op=0x46 cnt=3
[TU_TRACE] PKT7 op=0x43 cnt=3
[TU_TRACE] PKT7 op=0x46 cnt=1
[TU_TRACE] PKT7 op=0x46 cnt=1
[TU_TRACE] PKT7 op=0x46 cnt=4
[TU_TRACE] PKT7 op=0x17 cnt=1
[TU_TRACE] PKT7 op=0x46 cnt=1
[TU_TRACE] PKT7 op=0x46 cnt=1
[TU_TRACE] PKT7 op=0x46 cnt=1
[TU_TRACE] PKT7 op=0x46 cnt=1
[TU_TRACE] PKT7 op=0x26 cnt=0
[TU_TRACE] PKT4 reg=0xab1f cnt=1
[TU_TRACE] PKT7 op=0x26 cnt=0
[TU_TRACE] WRITE_REG reg=0x8228 val=0x00000000
[TU_TRACE] PKT4 reg=0x8228 cnt=1
[TU_TRACE] WRITE_REG reg=0x8229 val=0x00000000
[TU_TRACE] PKT4 reg=0x8229 cnt=1
[TU_TRACE] WRITE_REG reg=0x822a val=0x00000000
[TU_TRACE] PKT4 reg=0x822a cnt=1
[TU_TRACE] WRITE_REG reg=0x822b val=0x00000000
[TU_TRACE] PKT4 reg=0x822b cnt=1
[TU_TRACE] WRITE_REG reg=0x822c val=0x00000000
[TU_TRACE] PKT4 reg=0x822c cnt=1
[TU_TRACE] WRITE_REG reg=0x822d val=0x00000000
[TU_TRACE] PKT4 reg=0x822d cnt=1
[TU_TRACE] WRITE_REG reg=0x8818 val=0x00000000
[TU_TRACE] PKT4 reg=0x8818 cnt=1
[TU_TRACE] WRITE_REG reg=0x8819 val=0x00000000
[TU_TRACE] PKT4 reg=0x8819 cnt=1
[TU_TRACE] WRITE_REG reg=0x881a val=0x00000000
[TU_TRACE] PKT4 reg=0x881a cnt=1
[TU_TRACE] WRITE_REG reg=0x881b val=0x00000000
[TU_TRACE] PKT4 reg=0x881b cnt=1
[TU_TRACE] WRITE_REG reg=0x881c val=0x00000000
[TU_TRACE] PKT4 reg=0x881c cnt=1
[TU_TRACE] WRITE_REG reg=0x881d val=0x00000000
[TU_TRACE] PKT4 reg=0x881d cnt=1
[TU_TRACE] WRITE_REG reg=0x881e val=0x00000000
[TU_TRACE] PKT4 reg=0x881e cnt=1
[TU_TRACE] WRITE_REG reg=0x8899 val=0x00000000
[TU_TRACE] PKT4 reg=0x8899 cnt=1
[TU_TRACE] WRITE_REG reg=0x88f1 val=0x00000001
[TU_TRACE] PKT4 reg=0x88f1 cnt=1
[TU_TRACE] WRITE_REG reg=0xab01 val=0x00000000
[TU_TRACE] PKT4 reg=0xab01 cnt=1
[TU_TRACE] WRITE_REG reg=0xab02 val=0x00000000
[TU_TRACE] PKT4 reg=0xab02 cnt=1
[TU_TRACE] WRITE_REG reg=0xab23 val=0x00000000
[TU_TRACE] PKT4 reg=0xab23 cnt=1
[TU_TRACE] WRITE_REG reg=0xb182 val=0x00000004
[TU_TRACE] PKT4 reg=0xb182 cnt=1
[TU_TRACE] WRITE_REG reg=0xb183 val=0x00000000
[TU_TRACE] PKT4 reg=0xb183 cnt=1
[TU_TRACE] WRITE_REG reg=0x980b val=0x00800280
[TU_TRACE] PKT4 reg=0x980b cnt=1
[TU_TRACE] WRITE_REG reg=0x9b00 val=0x00003f00
[TU_TRACE] PKT4 reg=0x9b00 cnt=1
[TU_TRACE] PKT4 reg=0x8130 cnt=1
[TU_TRACE] PKT4 reg=0x8131 cnt=1
[TU_TRACE] WRITE_REG reg=0xae0f val=0x0000003f
[TU_TRACE] PKT4 reg=0xae0f cnt=1
[TU_TRACE] PKT4 reg=0xab09 cnt=1
[TU_TRACE] WRITE_REG reg=0xb182 val=0x00000000
[TU_TRACE] PKT4 reg=0xb182 cnt=1
[TU_TRACE] WRITE_REG reg=0xa9a8 val=0x00000000
[TU_TRACE] PKT4 reg=0xa9a8 cnt=1
[TU_TRACE] PKT4 reg=0xab00 cnt=1
[TU_TRACE] PKT4 reg=0xa009 cnt=1
[TU_TRACE] WRITE_REG reg=0x8811 val=0x00000010
[TU_TRACE] PKT4 reg=0x8811 cnt=1
[TU_TRACE] PKT4 reg=0x8213 cnt=1
[TU_TRACE] WRITE_REG reg=0x8818 val=0x00000000
[TU_TRACE] PKT4 reg=0x8818 cnt=1
[TU_TRACE] PKT4 reg=0x9310 cnt=1
[TU_TRACE] PKT4 reg=0x9312 cnt=1
[TU_TRACE] PKT4 reg=0x9305 cnt=1
[TU_TRACE] WRITE_REG reg=0xb183 val=0x00000000
[TU_TRACE] PKT4 reg=0xb183 cnt=1
[TU_TRACE] PKT4 reg=0x8234 cnt=1
[TU_TRACE] PKT4 reg=0xb309 cnt=1
[TU_TRACE] PKT4 reg=0xa9cb cnt=1
[TU_TRACE] WRITE_REG reg=0xa007 val=0x00000000
[TU_TRACE] PKT4 reg=0xa007 cnt=1
[TU_TRACE] PKT4 reg=0x8864 cnt=1
[TU_TRACE] PKT4 reg=0xaa0c cnt=1
[TU_TRACE] PKT4 reg=0xb302 cnt=2
[TU_TRACE] PKT4 reg=0xb180 cnt=2
[TU_TRACE] PKT4 reg=0x9814 cnt=1
[TU_TRACE] PKT4 reg=0x9815 cnt=1
[TU_TRACE] PKT4 reg=0xa980 cnt=1
[TU_TRACE] PKT4 reg=0xa827 cnt=1
[TU_TRACE] PKT4 reg=0x9313 cnt=1
[TU_TRACE] PKT4 reg=0x8c34 cnt=1
[TU_TRACE] PKT4 reg=0x88e5 cnt=1
[TU_TRACE] PKT7 op=0x43 cnt=3
[TU_TRACE] PKT7 op=0x1b cnt=2
[TU_TRACE] PKT7 op=0x17 cnt=1
[TU_TRACE] PKT7 op=0x55 cnt=3
[TU_TRACE] PKT7 op=0x17 cnt=1
[TU_TRACE] PKT7 op=0x55 cnt=3
[TU_TRACE] PKT7 op=0x17 cnt=1
[TU_TRACE] PKT7 op=0x39 cnt=3
[TU_TRACE] PKT7 op=0x55 cnt=3
[TU_TRACE] PKT7 op=0x55 cnt=3
[TU_TRACE] PKT7 op=0x17 cnt=1
[TU_TRACE] PKT4 reg=0x8212 cnt=1
[TU_TRACE] PKT4 reg=0x810b cnt=1
[TU_TRACE] PKT7 op=0x47 cnt=2
[TU_TRACE] PKT7 op=0x47 cnt=2
[TU_TRACE] PKT4 reg=0x88d1 cnt=2
[TU_TRACE] PKT4 reg=0x88df cnt=4
[TU_TRACE] PKT4 reg=0x88d5 cnt=1
[TU_TRACE] PKT4 reg=0x88d0 cnt=1
[TU_TRACE] PKT4 reg=0x88e3 cnt=1
[TU_TRACE] PKT4 reg=0x88d7 cnt=4
[TU_TRACE] PKT4 reg=0x88dc cnt=3
[TU_TRACE] PKT4 reg=0x88d6 cnt=1
[TU_TRACE] PKT7 op=0x46 cnt=1
[TU_TRACE] PKT7 op=0x46 cnt=1
[TU_TRACE] PKT4 reg=0x8872 cnt=6
[TU_TRACE] PKT4 reg=0x808d cnt=1
[TU_TRACE] PKT4 reg=0x8881 cnt=1
[TU_TRACE] PKT4 reg=0x808e cnt=2
[TU_TRACE] PKT4 reg=0x8092 cnt=1
[TU_TRACE] PKT4 reg=0x8090 cnt=2
[TU_TRACE] PKT7 op=0x46 cnt=1
[TU_TRACE] PKT7 op=0x43 cnt=6
[TU_TRACE] PKT4 reg=0xa010 cnt=3
[TU_TRACE] PKT4 reg=0x9b15 cnt=1
[TU_TRACE] PKT4 reg=0xa00e cnt=2
[TU_TRACE] PKT4 reg=0x9b01 cnt=1
[TU_TRACE] PKT4 reg=0x930f cnt=1
[TU_TRACE] PKT4 reg=0x9b12 cnt=1
[TU_TRACE] PKT4 reg=0x8212 cnt=1
[TU_TRACE] PKT4 reg=0x810b cnt=1
[TU_TRACE] PKT4 reg=0x8898 cnt=1
[TU_TRACE] PKT4 reg=0x8089 cnt=1
[TU_TRACE] PKT4 reg=0x8870 cnt=1
[TU_TRACE] PKT4 reg=0xab30 cnt=8
[TU_TRACE] PKT4 reg=0xab1f cnt=1
[TU_TRACE] PKT7 op=0x43 cnt=90
[TU_TRACE] PKT7 op=0x38 cnt=7
[TU_TRACE] PKT4 reg=0xab30 cnt=8
[TU_TRACE] PKT7 op=0x43 cnt=3
[TU_TRACE] PKT7 op=0x38 cnt=7
[TU_TRACE] PKT4 reg=0xab30 cnt=8
[TU_TRACE] PKT7 op=0x43 cnt=3
[TU_TRACE] PKT7 op=0x38 cnt=7
[TU_TRACE] PKT4 reg=0xab30 cnt=8
[TU_TRACE] PKT7 op=0x43 cnt=3
[TU_TRACE] PKT7 op=0x38 cnt=7
[TU_TRACE] PKT4 reg=0xab30 cnt=8
[TU_TRACE] PKT7 op=0x43 cnt=3
[TU_TRACE] PKT7 op=0x38 cnt=7
[TU_TRACE] PKT4 reg=0xab30 cnt=8
[TU_TRACE] PKT7 op=0x43 cnt=3
[TU_TRACE] PKT7 op=0x38 cnt=7
[TU_TRACE] PKT4 reg=0xab30 cnt=8
[TU_TRACE] PKT7 op=0x43 cnt=3
[TU_TRACE] PKT7 op=0x38 cnt=7
[TU_TRACE] PKT4 reg=0xab30 cnt=8
[TU_TRACE] PKT7 op=0x43 cnt=3
[TU_TRACE] PKT7 op=0x38 cnt=7
[TU_TRACE] PKT4 reg=0xab30 cnt=8
[TU_TRACE] PKT7 op=0x43 cnt=3
[TU_TRACE] PKT7 op=0x38 cnt=7
[TU_TRACE] PKT4 reg=0xab30 cnt=8
[TU_TRACE] PKT7 op=0x43 cnt=3
[TU_TRACE] PKT7 op=0x38 cnt=7
[TU_TRACE] PKT4 reg=0xab30 cnt=8
[TU_TRACE] PKT7 op=0x43 cnt=3
[TU_TRACE] PKT7 op=0x38 cnt=7
[TU_TRACE] PKT4 reg=0xab30 cnt=8
[TU_TRACE] PKT7 op=0x43 cnt=3
[TU_TRACE] PKT7 op=0x38 cnt=7
[TU_TRACE] PKT4 reg=0xab30 cnt=8
[TU_TRACE] PKT7 op=0x43 cnt=3
[TU_TRACE] PKT7 op=0x38 cnt=7
[TU_TRACE] PKT4 reg=0xab30 cnt=8
[TU_TRACE] PKT7 op=0x43 cnt=3
[TU_TRACE] PKT7 op=0x38 cnt=7
[TU_TRACE] PKT4 reg=0xab30 cnt=8
[TU_TRACE] PKT7 op=0x43 cnt=3
[TU_TRACE] PKT7 op=0x38 cnt=7
[TU_TRACE] PKT4 reg=0xab30 cnt=8
[TU_TRACE] PKT7 op=0x43 cnt=3
[TU_TRACE] PKT7 op=0x38 cnt=7
[TU_TRACE] PKT4 reg=0xab30 cnt=8
[TU_TRACE] PKT7 op=0x43 cnt=3
[TU_TRACE] PKT7 op=0x38 cnt=7
[TU_TRACE] PKT4 reg=0xab30 cnt=8
[TU_TRACE] PKT7 op=0x43 cnt=3
[TU_TRACE] PKT7 op=0x38 cnt=7
[TU_TRACE] PKT4 reg=0xab30 cnt=8
[TU_TRACE] PKT7 op=0x43 cnt=3
[TU_TRACE] PKT7 op=0x38 cnt=7
[TU_TRACE] PKT4 reg=0xab30 cnt=8
[TU_TRACE] PKT7 op=0x43 cnt=3
[TU_TRACE] PKT7 op=0x38 cnt=7
[TU_TRACE] PKT4 reg=0xa00e cnt=2
[TU_TRACE] PKT4 reg=0x9b01 cnt=1
[TU_TRACE] PKT4 reg=0x930f cnt=1
[TU_TRACE] PKT4 reg=0x9b12 cnt=1
[TU_TRACE] PKT4 reg=0x8212 cnt=1
[TU_TRACE] PKT4 reg=0x810b cnt=1
[TU_TRACE] PKT4 reg=0x8898 cnt=1
[TU_TRACE] PKT4 reg=0x8089 cnt=1
[TU_TRACE] PKT4 reg=0x8870 cnt=1
[TU_TRACE] PKT4 reg=0xab30 cnt=8
[TU_TRACE] PKT4 reg=0xab1f cnt=1
[TU_TRACE] PKT7 op=0x43 cnt=90
[TU_TRACE] PKT7 op=0x38 cnt=7
[TU_TRACE] PKT4 reg=0xab30 cnt=8
[TU_TRACE] PKT7 op=0x43 cnt=3
[TU_TRACE] PKT7 op=0x38 cnt=7
[TU_TRACE] PKT4 reg=0xab30 cnt=8
[TU_TRACE] PKT7 op=0x43 cnt=3
[TU_TRACE] PKT7 op=0x38 cnt=7
[TU_TRACE] PKT4 reg=0xab30 cnt=8
[TU_TRACE] PKT7 op=0x43 cnt=3
[TU_TRACE] PKT7 op=0x38 cnt=7
[TU_TRACE] PKT4 reg=0xab30 cnt=8
[TU_TRACE] PKT7 op=0x43 cnt=3
[TU_TRACE] PKT7 op=0x38 cnt=7
[TU_TRACE] PKT4 reg=0xab30 cnt=8
[TU_TRACE] PKT7 op=0x43 cnt=3
[TU_TRACE] PKT7 op=0x38 cnt=7
[TU_TRACE] PKT4 reg=0xab30 cnt=8
[TU_TRACE] PKT7 op=0x43 cnt=3
[TU_TRACE] PKT7 op=0x38 cnt=7
[TU_TRACE] PKT4 reg=0xab30 cnt=8
[TU_TRACE] PKT7 op=0x43 cnt=3
[TU_TRACE] PKT7 op=0x38 cnt=7
[TU_TRACE] PKT4 reg=0xab30 cnt=8
[TU_TRACE] PKT7 op=0x43 cnt=3
[TU_TRACE] PKT7 op=0x38 cnt=7
[TU_TRACE] PKT4 reg=0xab30 cnt=8
[TU_TRACE] PKT7 op=0x43 cnt=3
[TU_TRACE] PKT7 op=0x38 cnt=7
[TU_TRACE] PKT4 reg=0xab30 cnt=8
[TU_TRACE] PKT7 op=0x43 cnt=3
[TU_TRACE] PKT7 op=0x38 cnt=7
[TU_TRACE] PKT4 reg=0xab30 cnt=8
[TU_TRACE] PKT7 op=0x43 cnt=3
[TU_TRACE] PKT7 op=0x38 cnt=7
[TU_TRACE] PKT4 reg=0xab30 cnt=8
[TU_TRACE] PKT7 op=0x43 cnt=3
[TU_TRACE] PKT7 op=0x38 cnt=7
[TU_TRACE] PKT4 reg=0xab30 cnt=8
[TU_TRACE] PKT7 op=0x43 cnt=3
[TU_TRACE] PKT7 op=0x38 cnt=7
[TU_TRACE] PKT4 reg=0xab30 cnt=8
[TU_TRACE] PKT7 op=0x43 cnt=3
[TU_TRACE] PKT7 op=0x38 cnt=7
[TU_TRACE] PKT4 reg=0xab30 cnt=8
[TU_TRACE] PKT7 op=0x43 cnt=3
[TU_TRACE] PKT7 op=0x38 cnt=7
[TU_TRACE] PKT4 reg=0xab30 cnt=8
[TU_TRACE] PKT7 op=0x43 cnt=3
[TU_TRACE] PKT7 op=0x38 cnt=7
[TU_TRACE] PKT4 reg=0xab30 cnt=8
[TU_TRACE] PKT7 op=0x43 cnt=3
[TU_TRACE] PKT7 op=0x38 cnt=7
[TU_TRACE] PKT4 reg=0xab30 cnt=8
[TU_TRACE] PKT7 op=0x43 cnt=3
[TU_TRACE] PKT7 op=0x38 cnt=7
[TU_TRACE] PKT4 reg=0xab30 cnt=8
[TU_TRACE] PKT7 op=0x43 cnt=3
[TU_TRACE] PKT7 op=0x38 cnt=7
[TU_TRACE] PKT4 reg=0xa00e cnt=2
[TU_TRACE] PKT4 reg=0x9b01 cnt=1
[TU_TRACE] PKT4 reg=0x930f cnt=1
[TU_TRACE] PKT4 reg=0x9b12 cnt=1
[TU_TRACE] PKT4 reg=0x8212 cnt=1
[TU_TRACE] PKT4 reg=0x810b cnt=1
[TU_TRACE] PKT4 reg=0x8898 cnt=1
[TU_TRACE] PKT4 reg=0x8089 cnt=1
[TU_TRACE] PKT4 reg=0x8870 cnt=1
[TU_TRACE] PKT4 reg=0xab30 cnt=8
[TU_TRACE] PKT4 reg=0xab1f cnt=1
[TU_TRACE] PKT7 op=0x43 cnt=90
[TU_TRACE] PKT7 op=0x38 cnt=7
[TU_TRACE] PKT4 reg=0xab30 cnt=8
[TU_TRACE] PKT7 op=0x43 cnt=3
[TU_TRACE] PKT7 op=0x38 cnt=7
[TU_TRACE] PKT4 reg=0xab30 cnt=8
[TU_TRACE] PKT7 op=0x43 cnt=3
[TU_TRACE] PKT7 op=0x38 cnt=7
[TU_TRACE] PKT4 reg=0xab30 cnt=8
[TU_TRACE] PKT7 op=0x43 cnt=3
[TU_TRACE] PKT7 op=0x38 cnt=7
[TU_TRACE] PKT4 reg=0xab30 cnt=8
[TU_TRACE] PKT7 op=0x43 cnt=3
[TU_TRACE] PKT7 op=0x38 cnt=7
[TU_TRACE] PKT4 reg=0xab30 cnt=8
[TU_TRACE] PKT7 op=0x43 cnt=3
[TU_TRACE] PKT7 op=0x38 cnt=7
[TU_TRACE] PKT4 reg=0xab30 cnt=8
[TU_TRACE] PKT7 op=0x43 cnt=3
[TU_TRACE] PKT7 op=0x38 cnt=7
[TU_TRACE] PKT4 reg=0xab30 cnt=8
[TU_TRACE] PKT7 op=0x43 cnt=3
[TU_TRACE] PKT7 op=0x38 cnt=7
[TU_TRACE] PKT4 reg=0xab30 cnt=8
[TU_TRACE] PKT7 op=0x43 cnt=3
[TU_TRACE] PKT7 op=0x38 cnt=7
[TU_TRACE] PKT4 reg=0xab30 cnt=8
[TU_TRACE] PKT7 op=0x43 cnt=3
[TU_TRACE] PKT7 op=0x38 cnt=7
[TU_TRACE] PKT4 reg=0xab30 cnt=8
[TU_TRACE] PKT7 op=0x43 cnt=3
[TU_TRACE] PKT7 op=0x38 cnt=7
[TU_TRACE] PKT4 reg=0xab30 cnt=8
[TU_TRACE] PKT7 op=0x43 cnt=3
[TU_TRACE] PKT7 op=0x38 cnt=7
[TU_TRACE] PKT4 reg=0xab30 cnt=8
[TU_TRACE] PKT7 op=0x43 cnt=3
[TU_TRACE] PKT7 op=0x38 cnt=7
[TU_TRACE] PKT4 reg=0xab30 cnt=8
[TU_TRACE] PKT7 op=0x43 cnt=3
[TU_TRACE] PKT7 op=0x38 cnt=7
[TU_TRACE] PKT4 reg=0xab30 cnt=8
[TU_TRACE] PKT7 op=0x43 cnt=3
[TU_TRACE] PKT7 op=0x38 cnt=7
[TU_TRACE] PKT4 reg=0xab30 cnt=8
[TU_TRACE] PKT7 op=0x43 cnt=3
[TU_TRACE] PKT7 op=0x38 cnt=7
[TU_TRACE] PKT4 reg=0xab30 cnt=8
[TU_TRACE] PKT7 op=0x43 cnt=3
[TU_TRACE] PKT7 op=0x38 cnt=7
[TU_TRACE] PKT4 reg=0xab30 cnt=8
[TU_TRACE] PKT7 op=0x43 cnt=3
[TU_TRACE] PKT7 op=0x38 cnt=7
[TU_TRACE] PKT4 reg=0xab30 cnt=8
[TU_TRACE] PKT7 op=0x43 cnt=3
[TU_TRACE] PKT7 op=0x38 cnt=7
[TU_TRACE] PKT4 reg=0xab30 cnt=8
[TU_TRACE] PKT7 op=0x43 cnt=3
[TU_TRACE] PKT7 op=0x38 cnt=7
[TU_TRACE] PKT4 reg=0xa00e cnt=2
[TU_TRACE] PKT4 reg=0x9b01 cnt=1
[TU_TRACE] PKT4 reg=0x930f cnt=1
[TU_TRACE] PKT4 reg=0x9b12 cnt=1
[TU_TRACE] PKT4 reg=0x8212 cnt=1
[TU_TRACE] PKT4 reg=0x810b cnt=1
[TU_TRACE] PKT4 reg=0x8898 cnt=1
[TU_TRACE] PKT4 reg=0x8089 cnt=1
[TU_TRACE] PKT4 reg=0x8870 cnt=1
[TU_TRACE] PKT4 reg=0xab30 cnt=8
[TU_TRACE] PKT4 reg=0xab1f cnt=1
[TU_TRACE] PKT7 op=0x43 cnt=90
[TU_TRACE] PKT7 op=0x38 cnt=7
[TU_TRACE] PKT4 reg=0xab30 cnt=8
[TU_TRACE] PKT7 op=0x43 cnt=3
[TU_TRACE] PKT7 op=0x38 cnt=7
[TU_TRACE] PKT4 reg=0xab30 cnt=8
[TU_TRACE] PKT7 op=0x43 cnt=3
[TU_TRACE] PKT7 op=0x38 cnt=7
[TU_TRACE] PKT4 reg=0xab30 cnt=8
[TU_TRACE] PKT7 op=0x43 cnt=3
[TU_TRACE] PKT7 op=0x38 cnt=7
[TU_TRACE] PKT4 reg=0xab30 cnt=8
[TU_TRACE] PKT7 op=0x43 cnt=3
[TU_TRACE] PKT7 op=0x38 cnt=7
[TU_TRACE] PKT4 reg=0xab30 cnt=8
[TU_TRACE] PKT7 op=0x43 cnt=3
[TU_TRACE] PKT7 op=0x38 cnt=7
[TU_TRACE] PKT4 reg=0xab30 cnt=8
[TU_TRACE] PKT7 op=0x43 cnt=3
[TU_TRACE] PKT7 op=0x38 cnt=7
[TU_TRACE] PKT4 reg=0xab30 cnt=8
[TU_TRACE] PKT7 op=0x43 cnt=3
[TU_TRACE] PKT7 op=0x38 cnt=7
[TU_TRACE] PKT4 reg=0xab30 cnt=8
[TU_TRACE] PKT7 op=0x43 cnt=3
[TU_TRACE] PKT7 op=0x38 cnt=7
[TU_TRACE] PKT4 reg=0xab30 cnt=8
[TU_TRACE] PKT7 op=0x43 cnt=3
[TU_TRACE] PKT7 op=0x38 cnt=7
[TU_TRACE] PKT4 reg=0xab30 cnt=8
[TU_TRACE] PKT7 op=0x43 cnt=3
[TU_TRACE] PKT7 op=0x38 cnt=7
[TU_TRACE] PKT4 reg=0xab30 cnt=8
[TU_TRACE] PKT7 op=0x43 cnt=3
[TU_TRACE] PKT7 op=0x38 cnt=7
[TU_TRACE] PKT4 reg=0xab30 cnt=8
[TU_TRACE] PKT7 op=0x43 cnt=3
[TU_TRACE] PKT7 op=0x38 cnt=7
[TU_TRACE] PKT4 reg=0xab30 cnt=8
[TU_TRACE] PKT7 op=0x43 cnt=3
[TU_TRACE] PKT7 op=0x38 cnt=7
[TU_TRACE] PKT4 reg=0xab30 cnt=8
[TU_TRACE] PKT7 op=0x43 cnt=3
[TU_TRACE] PKT7 op=0x38 cnt=7
[TU_TRACE] PKT4 reg=0xab30 cnt=8
[TU_TRACE] PKT7 op=0x43 cnt=3
[TU_TRACE] PKT7 op=0x38 cnt=7
[TU_TRACE] PKT4 reg=0xab30 cnt=8
[TU_TRACE] PKT7 op=0x43 cnt=3
[TU_TRACE] PKT7 op=0x38 cnt=7
[TU_TRACE] PKT4 reg=0xab30 cnt=8
[TU_TRACE] PKT7 op=0x43 cnt=3
[TU_TRACE] PKT7 op=0x38 cnt=7
[TU_TRACE] PKT4 reg=0xab30 cnt=8
[TU_TRACE] PKT7 op=0x43 cnt=3
[TU_TRACE] PKT7 op=0x38 cnt=7
[TU_TRACE] PKT4 reg=0xab30 cnt=8
[TU_TRACE] PKT7 op=0x43 cnt=3
[TU_TRACE] PKT7 op=0x38 cnt=7
[TU_TRACE] PKT4 reg=0xa00e cnt=2
[TU_TRACE] PKT4 reg=0x9b01 cnt=1
[TU_TRACE] PKT4 reg=0x930f cnt=1
[TU_TRACE] PKT4 reg=0x9b12 cnt=1
[TU_TRACE] PKT4 reg=0x8212 cnt=1
[TU_TRACE] PKT4 reg=0x810b cnt=1
[TU_TRACE] PKT4 reg=0x8898 cnt=1
[TU_TRACE] PKT4 reg=0x8089 cnt=1
[TU_TRACE] PKT4 reg=0x8870 cnt=1
[TU_TRACE] PKT4 reg=0xab30 cnt=8
[TU_TRACE] PKT4 reg=0xab1f cnt=1
[TU_TRACE] PKT7 op=0x43 cnt=90
[TU_TRACE] PKT7 op=0x38 cnt=7
[TU_TRACE] PKT4 reg=0xab30 cnt=8
[TU_TRACE] PKT7 op=0x43 cnt=3
[TU_TRACE] PKT7 op=0x38 cnt=7
[TU_TRACE] PKT4 reg=0xab30 cnt=8
[TU_TRACE] PKT7 op=0x43 cnt=3
[TU_TRACE] PKT7 op=0x38 cnt=7
[TU_TRACE] PKT4 reg=0xab30 cnt=8
[TU_TRACE] PKT7 op=0x43 cnt=3
[TU_TRACE] PKT7 op=0x38 cnt=7
[TU_TRACE] PKT4 reg=0xab30 cnt=8
[TU_TRACE] PKT7 op=0x43 cnt=3
[TU_TRACE] PKT7 op=0x38 cnt=7
[TU_TRACE] PKT4 reg=0xab30 cnt=8
[TU_TRACE] PKT7 op=0x43 cnt=3
[TU_TRACE] PKT7 op=0x38 cnt=7
[TU_TRACE] PKT4 reg=0xab30 cnt=8
[TU_TRACE] PKT7 op=0x43 cnt=3
[TU_TRACE] PKT7 op=0x38 cnt=7
[TU_TRACE] PKT4 reg=0xab30 cnt=8
[TU_TRACE] PKT7 op=0x43 cnt=3
[TU_TRACE] PKT7 op=0x38 cnt=7
[TU_TRACE] PKT4 reg=0xab30 cnt=8
[TU_TRACE] PKT7 op=0x43 cnt=3
[TU_TRACE] PKT7 op=0x38 cnt=7
[TU_TRACE] PKT4 reg=0xab30 cnt=8
[TU_TRACE] PKT7 op=0x43 cnt=3
[TU_TRACE] PKT7 op=0x38 cnt=7
[TU_TRACE] PKT4 reg=0xab30 cnt=8
[TU_TRACE] PKT7 op=0x43 cnt=3
[TU_TRACE] PKT7 op=0x38 cnt=7
[TU_TRACE] PKT4 reg=0xab30 cnt=8
[TU_TRACE] PKT7 op=0x43 cnt=3
[TU_TRACE] PKT7 op=0x38 cnt=7
[TU_TRACE] PKT4 reg=0xab30 cnt=8
[TU_TRACE] PKT7 op=0x43 cnt=3
[TU_TRACE] PKT7 op=0x38 cnt=7
[TU_TRACE] PKT4 reg=0xab30 cnt=8
[TU_TRACE] PKT7 op=0x43 cnt=3
[TU_TRACE] PKT7 op=0x38 cnt=7
[TU_TRACE] PKT4 reg=0xab30 cnt=8
[TU_TRACE] PKT7 op=0x43 cnt=3
[TU_TRACE] PKT7 op=0x38 cnt=7
[TU_TRACE] PKT4 reg=0xab30 cnt=8
[TU_TRACE] PKT7 op=0x43 cnt=3
[TU_TRACE] PKT7 op=0x38 cnt=7
[TU_TRACE] PKT4 reg=0xab30 cnt=8
[TU_TRACE] PKT7 op=0x43 cnt=3
[TU_TRACE] PKT7 op=0x38 cnt=7
[TU_TRACE] PKT4 reg=0xab30 cnt=8
[TU_TRACE] PKT7 op=0x43 cnt=3
[TU_TRACE] PKT7 op=0x38 cnt=7
[TU_TRACE] PKT4 reg=0xab30 cnt=8
[TU_TRACE] PKT7 op=0x43 cnt=3
[TU_TRACE] PKT7 op=0x38 cnt=7
[TU_TRACE] PKT4 reg=0xab30 cnt=8
[TU_TRACE] PKT7 op=0x43 cnt=3
[TU_TRACE] PKT7 op=0x38 cnt=7
[TU_TRACE] PKT7 op=0x65 cnt=1
[TU_TRACE] PKT4 reg=0x88d1 cnt=2
[TU_TRACE] PKT4 reg=0x88df cnt=4
[TU_TRACE] PKT4 reg=0x88d5 cnt=1
[TU_TRACE] PKT4 reg=0x88d0 cnt=1
[TU_TRACE] PKT4 reg=0x88e3 cnt=1
[TU_TRACE] PKT4 reg=0x88d7 cnt=4
[TU_TRACE] PKT4 reg=0x88dc cnt=3
[TU_TRACE] PKT4 reg=0x88d6 cnt=1
[TU_TRACE] PKT7 op=0x46 cnt=1
[TU_TRACE] PKT7 op=0x46 cnt=1
[TU_TRACE] PKT7 op=0x46 cnt=1
[TU_TRACE] PKT7 op=0x46 cnt=1
[TU_TRACE] PKT7 op=0x46 cnt=1
[TU_TRACE] PKT7 op=0x46 cnt=1
[TU_TRACE] PKT7 op=0x46 cnt=1
[TU_TRACE] PKT7 op=0x26 cnt=0
[TU_TRACE] PKT7 op=0x13 cnt=0
[TU_TRACE] PKT4 reg=0x88e5 cnt=1
[TU_TRACE] PKT7 op=0x17 cnt=1
[TU_TRACE] PKT7 op=0x17 cnt=1
[TU_TRACE] PKT4 reg=0x8812 cnt=1
[TU_TRACE] PKT4 reg=0x88e4 cnt=1
[TU_TRACE] PKT7 op=0x17 cnt=1
[TU_TRACE] PKT7 op=0x39 cnt=3
[TU_TRACE] PKT7 op=0x1d cnt=1
[TU_TRACE] PKT4 reg=0x8206 cnt=1
[TU_TRACE] PKT4 reg=0x88f5 cnt=1
[TU_TRACE] PKT4 reg=0x0c38 cnt=1
[TU_TRACE] PKT7 op=0x3e cnt=3
[TU_TRACE] PKT7 op=0x12 cnt=0
[TU_TRACE] PKT7 op=0x13 cnt=0
[TU_TRACE] PKT7 op=0x17 cnt=1
[TU_TRACE] PKT7 op=0x49 cnt=4
[TU_TRACE] PKT7 op=0x39 cnt=3
[TU_TRACE] PKT4 reg=0x8891 cnt=1
[TU_TRACE] PKT7 op=0x46 cnt=3
[TU_TRACE] PKT7 op=0x65 cnt=1
[TU_TRACE] PKT4 reg=0x8231 cnt=1
[TU_TRACE] PKT4 reg=0x8800 cnt=1
[TU_TRACE] PKT4 reg=0x88d3 cnt=1
[TU_TRACE] PKT4 reg=0xa007 cnt=1
[TU_TRACE] PKT4 reg=0x8235 cnt=2
[TU_TRACE] PKT4 reg=0x8507 cnt=2
[TU_TRACE] PKT7 op=0x64 cnt=1
[TU_TRACE] PKT7 op=0x63 cnt=1
[TU_TRACE] PKT4 reg=0x8206 cnt=1
[TU_TRACE] PKT4 reg=0x88f5 cnt=1
[TU_TRACE] PKT7 op=0x3f cnt=3
[TU_TRACE] PKT7 op=0x1d cnt=1
[TU_TRACE] PKT7 op=0x3f cnt=3
[TU_TRACE] PKT7 op=0x26 cnt=0
[TU_TRACE] PKT7 op=0x65 cnt=1
[TU_TRACE] PKT4 reg=0x8212 cnt=1
[TU_TRACE] PKT4 reg=0x810b cnt=1
[TU_TRACE] PKT7 op=0x46 cnt=1
[TU_TRACE] PKT7 op=0x46 cnt=4
[TU_TRACE] PKT7 op=0x46 cnt=1
[TU_TRACE] PKT4 reg=0x8891 cnt=1
[TU_TRACE] PKT7 op=0x46 cnt=3
[TU_TRACE] PKT7 op=0x43 cnt=3
[TU_TRACE] PKT7 op=0x46 cnt=1
[TU_TRACE] PKT7 op=0x46 cnt=1
[TU_TRACE] PKT7 op=0x46 cnt=4
[TU_TRACE] PKT7 op=0x17 cnt=1
[TU_TRACE] PKT7 op=0x46 cnt=1
[TU_TRACE] PKT7 op=0x46 cnt=1
[TU_TRACE] PKT7 op=0x46 cnt=1
[TU_TRACE] PKT7 op=0x46 cnt=1
[TU_TRACE] PKT7 op=0x26 cnt=0
[TU_TRACE] PKT4 reg=0xab1f cnt=1
[TU_TRACE] PKT7 op=0x26 cnt=0
[TU_TRACE] WRITE_REG reg=0x8228 val=0x00000000
[TU_TRACE] PKT4 reg=0x8228 cnt=1
[TU_TRACE] WRITE_REG reg=0x8229 val=0x00000000
[TU_TRACE] PKT4 reg=0x8229 cnt=1
[TU_TRACE] WRITE_REG reg=0x822a val=0x00000000
[TU_TRACE] PKT4 reg=0x822a cnt=1
[TU_TRACE] WRITE_REG reg=0x822b val=0x00000000
[TU_TRACE] PKT4 reg=0x822b cnt=1
[TU_TRACE] WRITE_REG reg=0x822c val=0x00000000
[TU_TRACE] PKT4 reg=0x822c cnt=1
[TU_TRACE] WRITE_REG reg=0x822d val=0x00000000
[TU_TRACE] PKT4 reg=0x822d cnt=1
[TU_TRACE] WRITE_REG reg=0x8818 val=0x00000000
[TU_TRACE] PKT4 reg=0x8818 cnt=1
[TU_TRACE] WRITE_REG reg=0x8819 val=0x00000000
[TU_TRACE] PKT4 reg=0x8819 cnt=1
[TU_TRACE] WRITE_REG reg=0x881a val=0x00000000
[TU_TRACE] PKT4 reg=0x881a cnt=1
[TU_TRACE] WRITE_REG reg=0x881b val=0x00000000
[TU_TRACE] PKT4 reg=0x881b cnt=1
[TU_TRACE] WRITE_REG reg=0x881c val=0x00000000
[TU_TRACE] PKT4 reg=0x881c cnt=1
[TU_TRACE] WRITE_REG reg=0x881d val=0x00000000
[TU_TRACE] PKT4 reg=0x881d cnt=1
[TU_TRACE] WRITE_REG reg=0x881e val=0x00000000
[TU_TRACE] PKT4 reg=0x881e cnt=1
[TU_TRACE] WRITE_REG reg=0x8899 val=0x00000000
[TU_TRACE] PKT4 reg=0x8899 cnt=1
[TU_TRACE] WRITE_REG reg=0x88f1 val=0x00000001
[TU_TRACE] PKT4 reg=0x88f1 cnt=1
[TU_TRACE] WRITE_REG reg=0xab01 val=0x00000000
[TU_TRACE] PKT4 reg=0xab01 cnt=1
[TU_TRACE] WRITE_REG reg=0xab02 val=0x00000000
[TU_TRACE] PKT4 reg=0xab02 cnt=1
[TU_TRACE] WRITE_REG reg=0xab23 val=0x00000000
[TU_TRACE] PKT4 reg=0xab23 cnt=1
[TU_TRACE] WRITE_REG reg=0xb182 val=0x00000004
[TU_TRACE] PKT4 reg=0xb182 cnt=1
[TU_TRACE] WRITE_REG reg=0xb183 val=0x00000000
[TU_TRACE] PKT4 reg=0xb183 cnt=1
[TU_TRACE] WRITE_REG reg=0x980b val=0x00800280
[TU_TRACE] PKT4 reg=0x980b cnt=1
[TU_TRACE] WRITE_REG reg=0x9b00 val=0x00003f00
[TU_TRACE] PKT4 reg=0x9b00 cnt=1
[TU_TRACE] PKT4 reg=0x8130 cnt=1
[TU_TRACE] PKT4 reg=0x8131 cnt=1
[TU_TRACE] WRITE_REG reg=0xae0f val=0x0000003f
[TU_TRACE] PKT4 reg=0xae0f cnt=1
[TU_TRACE] PKT4 reg=0xab09 cnt=1
[TU_TRACE] WRITE_REG reg=0xb182 val=0x00000000
[TU_TRACE] PKT4 reg=0xb182 cnt=1
[TU_TRACE] WRITE_REG reg=0xa9a8 val=0x00000000
[TU_TRACE] PKT4 reg=0xa9a8 cnt=1
[TU_TRACE] PKT4 reg=0xab00 cnt=1
[TU_TRACE] PKT4 reg=0xa009 cnt=1
[TU_TRACE] WRITE_REG reg=0x8811 val=0x00000010
[TU_TRACE] PKT4 reg=0x8811 cnt=1
[TU_TRACE] PKT4 reg=0x8213 cnt=1
[TU_TRACE] WRITE_REG reg=0x8818 val=0x00000000
[TU_TRACE] PKT4 reg=0x8818 cnt=1
[TU_TRACE] PKT4 reg=0x9310 cnt=1
[TU_TRACE] PKT4 reg=0x9312 cnt=1
[TU_TRACE] PKT4 reg=0x9305 cnt=1
[TU_TRACE] WRITE_REG reg=0xb183 val=0x00000000
[TU_TRACE] PKT4 reg=0xb183 cnt=1
[TU_TRACE] PKT4 reg=0x8234 cnt=1
[TU_TRACE] PKT4 reg=0xb309 cnt=1
[TU_TRACE] PKT4 reg=0xa9cb cnt=1
[TU_TRACE] WRITE_REG reg=0xa007 val=0x00000000
[TU_TRACE] PKT4 reg=0xa007 cnt=1
[TU_TRACE] PKT4 reg=0x8864 cnt=1
[TU_TRACE] PKT4 reg=0xaa0c cnt=1
[TU_TRACE] PKT4 reg=0xb302 cnt=2
[TU_TRACE] PKT4 reg=0xb180 cnt=2
[TU_TRACE] PKT4 reg=0x9814 cnt=1
[TU_TRACE] PKT4 reg=0x9815 cnt=1
[TU_TRACE] PKT4 reg=0xa980 cnt=1
[TU_TRACE] PKT4 reg=0xa827 cnt=1
[TU_TRACE] PKT4 reg=0x9313 cnt=1
[TU_TRACE] PKT4 reg=0x8c34 cnt=1
[TU_TRACE] PKT4 reg=0x88e5 cnt=1
[TU_TRACE] PKT7 op=0x43 cnt=3
[TU_TRACE] PKT7 op=0x1b cnt=2
[TU_TRACE] PKT7 op=0x17 cnt=1
[TU_TRACE] PKT7 op=0x55 cnt=3
[TU_TRACE] PKT7 op=0x17 cnt=1
[TU_TRACE] PKT7 op=0x55 cnt=3
[TU_TRACE] PKT7 op=0x17 cnt=1
[TU_TRACE] PKT7 op=0x39 cnt=3
[TU_TRACE] PKT7 op=0x55 cnt=3
[TU_TRACE] PKT7 op=0x55 cnt=3
[TU_TRACE] PKT7 op=0x17 cnt=1
[TU_TRACE] PKT4 reg=0x8212 cnt=1
[TU_TRACE] PKT4 reg=0x810b cnt=1
[TU_TRACE] PKT7 op=0x47 cnt=2
[TU_TRACE] PKT7 op=0x47 cnt=2
[TU_TRACE] PKT4 reg=0x88d1 cnt=2
[TU_TRACE] PKT4 reg=0x88df cnt=4
[TU_TRACE] PKT4 reg=0x88d5 cnt=1
[TU_TRACE] PKT4 reg=0x88d0 cnt=1
[TU_TRACE] PKT4 reg=0x88e3 cnt=1
[TU_TRACE] PKT4 reg=0x88d7 cnt=4
[TU_TRACE] PKT4 reg=0x88dc cnt=3
[TU_TRACE] PKT4 reg=0x88d6 cnt=1
[TU_TRACE] PKT7 op=0x46 cnt=1
[TU_TRACE] PKT7 op=0x46 cnt=1
[TU_TRACE] PKT4 reg=0x8872 cnt=6
[TU_TRACE] PKT4 reg=0x808d cnt=1
[TU_TRACE] PKT4 reg=0x8881 cnt=1
[TU_TRACE] PKT4 reg=0x808e cnt=2
[TU_TRACE] PKT4 reg=0x8092 cnt=1
[TU_TRACE] PKT4 reg=0x8090 cnt=2
[TU_TRACE] PKT7 op=0x46 cnt=1
[TU_TRACE] PKT7 op=0x43 cnt=6
[TU_TRACE] PKT4 reg=0xa010 cnt=3
[TU_TRACE] PKT4 reg=0x9b15 cnt=1
[TU_TRACE] PKT4 reg=0xa00e cnt=2
[TU_TRACE] PKT4 reg=0x9b01 cnt=1
[TU_TRACE] PKT4 reg=0x930f cnt=1
[TU_TRACE] PKT4 reg=0x9b12 cnt=1
[TU_TRACE] PKT4 reg=0x8212 cnt=1
[TU_TRACE] PKT4 reg=0x810b cnt=1
[TU_TRACE] PKT4 reg=0x8898 cnt=1
[TU_TRACE] PKT4 reg=0x8089 cnt=1
[TU_TRACE] PKT4 reg=0x8870 cnt=1
[TU_TRACE] PKT4 reg=0xab30 cnt=8
[TU_TRACE] PKT4 reg=0xab1f cnt=1
[TU_TRACE] PKT7 op=0x43 cnt=90
[TU_TRACE] PKT7 op=0x38 cnt=7
[TU_TRACE] PKT4 reg=0xab30 cnt=8
[TU_TRACE] PKT7 op=0x43 cnt=3
[TU_TRACE] PKT7 op=0x38 cnt=7
[TU_TRACE] PKT4 reg=0xab30 cnt=8
[TU_TRACE] PKT7 op=0x43 cnt=3
[TU_TRACE] PKT7 op=0x38 cnt=7
[TU_TRACE] PKT4 reg=0xab30 cnt=8
[TU_TRACE] PKT7 op=0x43 cnt=3
[TU_TRACE] PKT7 op=0x38 cnt=7
[TU_TRACE] PKT4 reg=0xab30 cnt=8
[TU_TRACE] PKT7 op=0x43 cnt=3
[TU_TRACE] PKT7 op=0x38 cnt=7
[TU_TRACE] PKT4 reg=0xab30 cnt=8
[TU_TRACE] PKT7 op=0x43 cnt=3
[TU_TRACE] PKT7 op=0x38 cnt=7
[TU_TRACE] PKT4 reg=0xab30 cnt=8
[TU_TRACE] PKT7 op=0x43 cnt=3
[TU_TRACE] PKT7 op=0x38 cnt=7
[TU_TRACE] PKT4 reg=0xab30 cnt=8
[TU_TRACE] PKT7 op=0x43 cnt=3
[TU_TRACE] PKT7 op=0x38 cnt=7
[TU_TRACE] PKT4 reg=0xab30 cnt=8
[TU_TRACE] PKT7 op=0x43 cnt=3
[TU_TRACE] PKT7 op=0x38 cnt=7
[TU_TRACE] PKT4 reg=0xab30 cnt=8
[TU_TRACE] PKT7 op=0x43 cnt=3
[TU_TRACE] PKT7 op=0x38 cnt=7
[TU_TRACE] PKT4 reg=0xab30 cnt=8
[TU_TRACE] PKT7 op=0x43 cnt=3
[TU_TRACE] PKT7 op=0x38 cnt=7
[TU_TRACE] PKT4 reg=0xab30 cnt=8
[TU_TRACE] PKT7 op=0x43 cnt=3
[TU_TRACE] PKT7 op=0x38 cnt=7
[TU_TRACE] PKT4 reg=0xab30 cnt=8
[TU_TRACE] PKT7 op=0x43 cnt=3
[TU_TRACE] PKT7 op=0x38 cnt=7
[TU_TRACE] PKT4 reg=0xab30 cnt=8
[TU_TRACE] PKT7 op=0x43 cnt=3
[TU_TRACE] PKT7 op=0x38 cnt=7
[TU_TRACE] PKT4 reg=0xab30 cnt=8
[TU_TRACE] PKT7 op=0x43 cnt=3
[TU_TRACE] PKT7 op=0x38 cnt=7
[TU_TRACE] PKT4 reg=0xab30 cnt=8
[TU_TRACE] PKT7 op=0x43 cnt=3
[TU_TRACE] PKT7 op=0x38 cnt=7
[TU_TRACE] PKT4 reg=0xab30 cnt=8
[TU_TRACE] PKT7 op=0x43 cnt=3
[TU_TRACE] PKT7 op=0x38 cnt=7
[TU_TRACE] PKT4 reg=0xab30 cnt=8
[TU_TRACE] PKT7 op=0x43 cnt=3
[TU_TRACE] PKT7 op=0x38 cnt=7
[TU_TRACE] PKT4 reg=0xab30 cnt=8
[TU_TRACE] PKT7 op=0x43 cnt=3
[TU_TRACE] PKT7 op=0x38 cnt=7
[TU_TRACE] PKT4 reg=0xab30 cnt=8
[TU_TRACE] PKT7 op=0x43 cnt=3
[TU_TRACE] PKT7 op=0x38 cnt=7
[TU_TRACE] PKT4 reg=0xa00e cnt=2
[TU_TRACE] PKT4 reg=0x9b01 cnt=1
[TU_TRACE] PKT4 reg=0x930f cnt=1
[TU_TRACE] PKT4 reg=0x9b12 cnt=1
[TU_TRACE] PKT4 reg=0x8212 cnt=1
[TU_TRACE] PKT4 reg=0x810b cnt=1
[TU_TRACE] PKT4 reg=0x8898 cnt=1
[TU_TRACE] PKT4 reg=0x8089 cnt=1
[TU_TRACE] PKT4 reg=0x8870 cnt=1
[TU_TRACE] PKT4 reg=0xab30 cnt=8
[TU_TRACE] PKT4 reg=0xab1f cnt=1
[TU_TRACE] PKT7 op=0x43 cnt=90
[TU_TRACE] PKT7 op=0x38 cnt=7
[TU_TRACE] PKT4 reg=0xab30 cnt=8
[TU_TRACE] PKT7 op=0x43 cnt=3
[TU_TRACE] PKT7 op=0x38 cnt=7
[TU_TRACE] PKT4 reg=0xab30 cnt=8
[TU_TRACE] PKT7 op=0x43 cnt=3
[TU_TRACE] PKT7 op=0x38 cnt=7
[TU_TRACE] PKT4 reg=0xab30 cnt=8
[TU_TRACE] PKT7 op=0x43 cnt=3
[TU_TRACE] PKT7 op=0x38 cnt=7
[TU_TRACE] PKT4 reg=0xab30 cnt=8
[TU_TRACE] PKT7 op=0x43 cnt=3
[TU_TRACE] PKT7 op=0x38 cnt=7
[TU_TRACE] PKT4 reg=0xab30 cnt=8
[TU_TRACE] PKT7 op=0x43 cnt=3
[TU_TRACE] PKT7 op=0x38 cnt=7
[TU_TRACE] PKT4 reg=0xab30 cnt=8
[TU_TRACE] PKT7 op=0x43 cnt=3
[TU_TRACE] PKT7 op=0x38 cnt=7
[TU_TRACE] PKT4 reg=0xab30 cnt=8
[TU_TRACE] PKT7 op=0x43 cnt=3
[TU_TRACE] PKT7 op=0x38 cnt=7
[TU_TRACE] PKT4 reg=0xab30 cnt=8
[TU_TRACE] PKT7 op=0x43 cnt=3
[TU_TRACE] PKT7 op=0x38 cnt=7
[TU_TRACE] PKT4 reg=0xab30 cnt=8
[TU_TRACE] PKT7 op=0x43 cnt=3
[TU_TRACE] PKT7 op=0x38 cnt=7
[TU_TRACE] PKT4 reg=0xab30 cnt=8
[TU_TRACE] PKT7 op=0x43 cnt=3
[TU_TRACE] PKT7 op=0x38 cnt=7
[TU_TRACE] PKT4 reg=0xab30 cnt=8
[TU_TRACE] PKT7 op=0x43 cnt=3
[TU_TRACE] PKT7 op=0x38 cnt=7
[TU_TRACE] PKT4 reg=0xab30 cnt=8
[TU_TRACE] PKT7 op=0x43 cnt=3
[TU_TRACE] PKT7 op=0x38 cnt=7
[TU_TRACE] PKT4 reg=0xab30 cnt=8
[TU_TRACE] PKT7 op=0x43 cnt=3
[TU_TRACE] PKT7 op=0x38 cnt=7
[TU_TRACE] PKT4 reg=0xab30 cnt=8
[TU_TRACE] PKT7 op=0x43 cnt=3
[TU_TRACE] PKT7 op=0x38 cnt=7
[TU_TRACE] PKT4 reg=0xab30 cnt=8
[TU_TRACE] PKT7 op=0x43 cnt=3
[TU_TRACE] PKT7 op=0x38 cnt=7
[TU_TRACE] PKT4 reg=0xab30 cnt=8
[TU_TRACE] PKT7 op=0x43 cnt=3
[TU_TRACE] PKT7 op=0x38 cnt=7
[TU_TRACE] PKT4 reg=0xab30 cnt=8
[TU_TRACE] PKT7 op=0x43 cnt=3
[TU_TRACE] PKT7 op=0x38 cnt=7
[TU_TRACE] PKT4 reg=0xab30 cnt=8
[TU_TRACE] PKT7 op=0x43 cnt=3
[TU_TRACE] PKT7 op=0x38 cnt=7
[TU_TRACE] PKT4 reg=0xab30 cnt=8
[TU_TRACE] PKT7 op=0x43 cnt=3
[TU_TRACE] PKT7 op=0x38 cnt=7
[TU_TRACE] PKT4 reg=0xa00e cnt=2
[TU_TRACE] PKT4 reg=0x9b01 cnt=1
[TU_TRACE] PKT4 reg=0x930f cnt=1
[TU_TRACE] PKT4 reg=0x9b12 cnt=1
[TU_TRACE] PKT4 reg=0x8212 cnt=1
[TU_TRACE] PKT4 reg=0x810b cnt=1
[TU_TRACE] PKT4 reg=0x8898 cnt=1
[TU_TRACE] PKT4 reg=0x8089 cnt=1
[TU_TRACE] PKT4 reg=0x8870 cnt=1
[TU_TRACE] PKT4 reg=0xab30 cnt=8
[TU_TRACE] PKT4 reg=0xab1f cnt=1
[TU_TRACE] PKT7 op=0x43 cnt=90
[TU_TRACE] PKT7 op=0x38 cnt=7
[TU_TRACE] PKT4 reg=0xab30 cnt=8
[TU_TRACE] PKT7 op=0x43 cnt=3
[TU_TRACE] PKT7 op=0x38 cnt=7
[TU_TRACE] PKT4 reg=0xab30 cnt=8
[TU_TRACE] PKT7 op=0x43 cnt=3
[TU_TRACE] PKT7 op=0x38 cnt=7
[TU_TRACE] PKT4 reg=0xab30 cnt=8
[TU_TRACE] PKT7 op=0x43 cnt=3
[TU_TRACE] PKT7 op=0x38 cnt=7
[TU_TRACE] PKT4 reg=0xab30 cnt=8
[TU_TRACE] PKT7 op=0x43 cnt=3
[TU_TRACE] PKT7 op=0x38 cnt=7
[TU_TRACE] PKT4 reg=0xab30 cnt=8
[TU_TRACE] PKT7 op=0x43 cnt=3
[TU_TRACE] PKT7 op=0x38 cnt=7
[TU_TRACE] PKT4 reg=0xab30 cnt=8
[TU_TRACE] PKT7 op=0x43 cnt=3
[TU_TRACE] PKT7 op=0x38 cnt=7
[TU_TRACE] PKT4 reg=0xab30 cnt=8
[TU_TRACE] PKT7 op=0x43 cnt=3
[TU_TRACE] PKT7 op=0x38 cnt=7
[TU_TRACE] PKT4 reg=0xab30 cnt=8
[TU_TRACE] PKT7 op=0x43 cnt=3
[TU_TRACE] PKT7 op=0x38 cnt=7
[TU_TRACE] PKT4 reg=0xab30 cnt=8
[TU_TRACE] PKT7 op=0x43 cnt=3
[TU_TRACE] PKT7 op=0x38 cnt=7
[TU_TRACE] PKT4 reg=0xab30 cnt=8
[TU_TRACE] PKT7 op=0x43 cnt=3
[TU_TRACE] PKT7 op=0x38 cnt=7
[TU_TRACE] PKT4 reg=0xab30 cnt=8
[TU_TRACE] PKT7 op=0x43 cnt=3
[TU_TRACE] PKT7 op=0x38 cnt=7
[TU_TRACE] PKT4 reg=0xab30 cnt=8
[TU_TRACE] PKT7 op=0x43 cnt=3
[TU_TRACE] PKT7 op=0x38 cnt=7
[TU_TRACE] PKT4 reg=0xab30 cnt=8
[TU_TRACE] PKT7 op=0x43 cnt=3
[TU_TRACE] PKT7 op=0x38 cnt=7
[TU_TRACE] PKT4 reg=0xab30 cnt=8
[TU_TRACE] PKT7 op=0x43 cnt=3
[TU_TRACE] PKT7 op=0x38 cnt=7
[TU_TRACE] PKT4 reg=0xab30 cnt=8
[TU_TRACE] PKT7 op=0x43 cnt=3
[TU_TRACE] PKT7 op=0x38 cnt=7
[TU_TRACE] PKT4 reg=0xab30 cnt=8
[TU_TRACE] PKT7 op=0x43 cnt=3
[TU_TRACE] PKT7 op=0x38 cnt=7
[TU_TRACE] PKT4 reg=0xab30 cnt=8
[TU_TRACE] PKT7 op=0x43 cnt=3
[TU_TRACE] PKT7 op=0x38 cnt=7
[TU_TRACE] PKT4 reg=0xab30 cnt=8
[TU_TRACE] PKT7 op=0x43 cnt=3
[TU_TRACE] PKT7 op=0x38 cnt=7
[TU_TRACE] PKT4 reg=0xab30 cnt=8
[TU_TRACE] PKT7 op=0x43 cnt=3
[TU_TRACE] PKT7 op=0x38 cnt=7
[TU_TRACE] PKT4 reg=0xa00e cnt=2
[TU_TRACE] PKT4 reg=0x9b01 cnt=1
[TU_TRACE] PKT4 reg=0x930f cnt=1
[TU_TRACE] PKT4 reg=0x9b12 cnt=1
[TU_TRACE] PKT4 reg=0x8212 cnt=1
[TU_TRACE] PKT4 reg=0x810b cnt=1
[TU_TRACE] PKT4 reg=0x8898 cnt=1
[TU_TRACE] PKT4 reg=0x8089 cnt=1
[TU_TRACE] PKT4 reg=0x8870 cnt=1
[TU_TRACE] PKT4 reg=0xab30 cnt=8
[TU_TRACE] PKT4 reg=0xab1f cnt=1
[TU_TRACE] PKT7 op=0x43 cnt=90
[TU_TRACE] PKT7 op=0x38 cnt=7
[TU_TRACE] PKT4 reg=0xab30 cnt=8
[TU_TRACE] PKT7 op=0x43 cnt=3
[TU_TRACE] PKT7 op=0x38 cnt=7
[TU_TRACE] PKT4 reg=0xab30 cnt=8
[TU_TRACE] PKT7 op=0x43 cnt=3
[TU_TRACE] PKT7 op=0x38 cnt=7
[TU_TRACE] PKT4 reg=0xab30 cnt=8
[TU_TRACE] PKT7 op=0x43 cnt=3
[TU_TRACE] PKT7 op=0x38 cnt=7
[TU_TRACE] PKT4 reg=0xab30 cnt=8
[TU_TRACE] PKT7 op=0x43 cnt=3
[TU_TRACE] PKT7 op=0x38 cnt=7
[TU_TRACE] PKT4 reg=0xab30 cnt=8
[TU_TRACE] PKT7 op=0x43 cnt=3
[TU_TRACE] PKT7 op=0x38 cnt=7
[TU_TRACE] PKT4 reg=0xab30 cnt=8
[TU_TRACE] PKT7 op=0x43 cnt=3
[TU_TRACE] PKT7 op=0x38 cnt=7
[TU_TRACE] PKT4 reg=0xab30 cnt=8
[TU_TRACE] PKT7 op=0x43 cnt=3
[TU_TRACE] PKT7 op=0x38 cnt=7
[TU_TRACE] PKT4 reg=0xab30 cnt=8
[TU_TRACE] PKT7 op=0x43 cnt=3
[TU_TRACE] PKT7 op=0x38 cnt=7
[TU_TRACE] PKT4 reg=0xab30 cnt=8
[TU_TRACE] PKT7 op=0x43 cnt=3
[TU_TRACE] PKT7 op=0x38 cnt=7
[TU_TRACE] PKT4 reg=0xab30 cnt=8
[TU_TRACE] PKT7 op=0x43 cnt=3
[TU_TRACE] PKT7 op=0x38 cnt=7
[TU_TRACE] PKT4 reg=0xab30 cnt=8
[TU_TRACE] PKT7 op=0x43 cnt=3
[TU_TRACE] PKT7 op=0x38 cnt=7
[TU_TRACE] PKT4 reg=0xab30 cnt=8
[TU_TRACE] PKT7 op=0x43 cnt=3
[TU_TRACE] PKT7 op=0x38 cnt=7
[TU_TRACE] PKT4 reg=0xab30 cnt=8
[TU_TRACE] PKT7 op=0x43 cnt=3
[TU_TRACE] PKT7 op=0x38 cnt=7
[TU_TRACE] PKT4 reg=0xab30 cnt=8
[TU_TRACE] PKT7 op=0x43 cnt=3
[TU_TRACE] PKT7 op=0x38 cnt=7
[TU_TRACE] PKT4 reg=0xab30 cnt=8
[TU_TRACE] PKT7 op=0x43 cnt=3
[TU_TRACE] PKT7 op=0x38 cnt=7
[TU_TRACE] PKT4 reg=0xab30 cnt=8
[TU_TRACE] PKT7 op=0x43 cnt=3
[TU_TRACE] PKT7 op=0x38 cnt=7
[TU_TRACE] PKT4 reg=0xab30 cnt=8
[TU_TRACE] PKT7 op=0x43 cnt=3
[TU_TRACE] PKT7 op=0x38 cnt=7
[TU_TRACE] PKT4 reg=0xab30 cnt=8
[TU_TRACE] PKT7 op=0x43 cnt=3
[TU_TRACE] PKT7 op=0x38 cnt=7
[TU_TRACE] PKT4 reg=0xab30 cnt=8
[TU_TRACE] PKT7 op=0x43 cnt=3
[TU_TRACE] PKT7 op=0x38 cnt=7
[TU_TRACE] PKT4 reg=0xa00e cnt=2
[TU_TRACE] PKT4 reg=0x9b01 cnt=1
[TU_TRACE] PKT4 reg=0x930f cnt=1
[TU_TRACE] PKT4 reg=0x9b12 cnt=1
[TU_TRACE] PKT4 reg=0x8212 cnt=1
[TU_TRACE] PKT4 reg=0x810b cnt=1
[TU_TRACE] PKT4 reg=0x8898 cnt=1
[TU_TRACE] PKT4 reg=0x8089 cnt=1
[TU_TRACE] PKT4 reg=0x8870 cnt=1
[TU_TRACE] PKT4 reg=0xab30 cnt=8
[TU_TRACE] PKT4 reg=0xab1f cnt=1
[TU_TRACE] PKT7 op=0x43 cnt=90
[TU_TRACE] PKT7 op=0x38 cnt=7
[TU_TRACE] PKT4 reg=0xab30 cnt=8
[TU_TRACE] PKT7 op=0x43 cnt=3
[TU_TRACE] PKT7 op=0x38 cnt=7
[TU_TRACE] PKT4 reg=0xab30 cnt=8
[TU_TRACE] PKT7 op=0x43 cnt=3
[TU_TRACE] PKT7 op=0x38 cnt=7
[TU_TRACE] PKT4 reg=0xab30 cnt=8
[TU_TRACE] PKT7 op=0x43 cnt=3
[TU_TRACE] PKT7 op=0x38 cnt=7
[TU_TRACE] PKT4 reg=0xab30 cnt=8
[TU_TRACE] PKT7 op=0x43 cnt=3
[TU_TRACE] PKT7 op=0x38 cnt=7
[TU_TRACE] PKT4 reg=0xab30 cnt=8
[TU_TRACE] PKT7 op=0x43 cnt=3
[TU_TRACE] PKT7 op=0x38 cnt=7
[TU_TRACE] PKT4 reg=0xab30 cnt=8
[TU_TRACE] PKT7 op=0x43 cnt=3
[TU_TRACE] PKT7 op=0x38 cnt=7
[TU_TRACE] PKT4 reg=0xab30 cnt=8
[TU_TRACE] PKT7 op=0x43 cnt=3
[TU_TRACE] PKT7 op=0x38 cnt=7
[TU_TRACE] PKT4 reg=0xab30 cnt=8
[TU_TRACE] PKT7 op=0x43 cnt=3
[TU_TRACE] PKT7 op=0x38 cnt=7
[TU_TRACE] PKT4 reg=0xab30 cnt=8
[TU_TRACE] PKT7 op=0x43 cnt=3
[TU_TRACE] PKT7 op=0x38 cnt=7
[TU_TRACE] PKT4 reg=0xab30 cnt=8
[TU_TRACE] PKT7 op=0x43 cnt=3
[TU_TRACE] PKT7 op=0x38 cnt=7
[TU_TRACE] PKT4 reg=0xab30 cnt=8
[TU_TRACE] PKT7 op=0x43 cnt=3
[TU_TRACE] PKT7 op=0x38 cnt=7
[TU_TRACE] PKT4 reg=0xab30 cnt=8
[TU_TRACE] PKT7 op=0x43 cnt=3
[TU_TRACE] PKT7 op=0x38 cnt=7
[TU_TRACE] PKT4 reg=0xab30 cnt=8
[TU_TRACE] PKT7 op=0x43 cnt=3
[TU_TRACE] PKT7 op=0x38 cnt=7
[TU_TRACE] PKT4 reg=0xab30 cnt=8
[TU_TRACE] PKT7 op=0x43 cnt=3
[TU_TRACE] PKT7 op=0x38 cnt=7
[TU_TRACE] PKT4 reg=0xab30 cnt=8
[TU_TRACE] PKT7 op=0x43 cnt=3
[TU_TRACE] PKT7 op=0x38 cnt=7
[TU_TRACE] PKT4 reg=0xab30 cnt=8
[TU_TRACE] PKT7 op=0x43 cnt=3
[TU_TRACE] PKT7 op=0x38 cnt=7
[TU_TRACE] PKT4 reg=0xab30 cnt=8
[TU_TRACE] PKT7 op=0x43 cnt=3
[TU_TRACE] PKT7 op=0x38 cnt=7
[TU_TRACE] PKT4 reg=0xab30 cnt=8
[TU_TRACE] PKT7 op=0x43 cnt=3
[TU_TRACE] PKT7 op=0x38 cnt=7
[TU_TRACE] PKT4 reg=0xab30 cnt=8
[TU_TRACE] PKT7 op=0x43 cnt=3
[TU_TRACE] PKT7 op=0x38 cnt=7
[TU_TRACE] PKT7 op=0x65 cnt=1
[TU_TRACE] PKT4 reg=0x88d1 cnt=2
[TU_TRACE] PKT4 reg=0x88df cnt=4
[TU_TRACE] PKT4 reg=0x88d5 cnt=1
[TU_TRACE] PKT4 reg=0x88d0 cnt=1
[TU_TRACE] PKT4 reg=0x88e3 cnt=1
[TU_TRACE] PKT4 reg=0x88d7 cnt=4
[TU_TRACE] PKT4 reg=0x88dc cnt=3
[TU_TRACE] PKT4 reg=0x88d6 cnt=1
[TU_TRACE] PKT7 op=0x46 cnt=1
[TU_TRACE] PKT7 op=0x46 cnt=1
[TU_TRACE] PKT7 op=0x46 cnt=1
[TU_TRACE] PKT7 op=0x46 cnt=1
[TU_TRACE] PKT7 op=0x46 cnt=1
[TU_TRACE] PKT7 op=0x46 cnt=1
[TU_TRACE] PKT7 op=0x46 cnt=1
[TU_TRACE] PKT7 op=0x26 cnt=0
[TU_TRACE] PKT7 op=0x13 cnt=0
[TU_TRACE] PKT4 reg=0x88e5 cnt=1
[TU_TRACE] PKT7 op=0x17 cnt=1
[TU_TRACE] PKT7 op=0x17 cnt=1
[TU_TRACE] PKT4 reg=0x8812 cnt=1
[TU_TRACE] PKT4 reg=0x88e4 cnt=1
[TU_TRACE] PKT7 op=0x17 cnt=1
[TU_TRACE] PKT7 op=0x39 cnt=3
[TU_TRACE] PKT7 op=0x1d cnt=1
[TU_TRACE] PKT4 reg=0x8206 cnt=1
[TU_TRACE] PKT4 reg=0x88f5 cnt=1
[TU_TRACE] PKT4 reg=0x0c38 cnt=1
[TU_TRACE] PKT7 op=0x3e cnt=3
[TU_TRACE] PKT7 op=0x12 cnt=0
[TU_TRACE] PKT7 op=0x13 cnt=0
[TU_TRACE] PKT7 op=0x17 cnt=1
[TU_TRACE] PKT7 op=0x49 cnt=4
[TU_TRACE] PKT7 op=0x39 cnt=3
[TU_TRACE] PKT4 reg=0x8891 cnt=1
[TU_TRACE] PKT7 op=0x46 cnt=3
[TU_TRACE] PKT7 op=0x65 cnt=1
[TU_TRACE] PKT4 reg=0x8231 cnt=1
[TU_TRACE] PKT4 reg=0x8800 cnt=1
[TU_TRACE] PKT4 reg=0x88d3 cnt=1
[TU_TRACE] PKT4 reg=0xa007 cnt=1
[TU_TRACE] PKT4 reg=0x8235 cnt=2
[TU_TRACE] PKT4 reg=0x8507 cnt=2
[TU_TRACE] PKT7 op=0x64 cnt=1
[TU_TRACE] PKT7 op=0x63 cnt=1
[TU_TRACE] PKT4 reg=0x8206 cnt=1
[TU_TRACE] PKT4 reg=0x88f5 cnt=1
[TU_TRACE] PKT7 op=0x3f cnt=3
[TU_TRACE] PKT7 op=0x1d cnt=1
[TU_TRACE] PKT7 op=0x3f cnt=3
[TU_TRACE] PKT7 op=0x26 cnt=0
[TU_TRACE] PKT7 op=0x65 cnt=1
[TU_TRACE] PKT4 reg=0x8212 cnt=1
[TU_TRACE] PKT4 reg=0x810b cnt=1
[TU_TRACE] PKT7 op=0x46 cnt=1
[TU_TRACE] PKT7 op=0x46 cnt=4
[TU_TRACE] PKT7 op=0x46 cnt=1
[TU_TRACE] PKT4 reg=0x8891 cnt=1
[TU_TRACE] PKT7 op=0x46 cnt=3
[TU_TRACE] PKT7 op=0x43 cnt=3
[TU_TRACE] PKT7 op=0x46 cnt=1
[TU_TRACE] PKT7 op=0x46 cnt=1
[TU_TRACE] PKT7 op=0x46 cnt=4
[TU_TRACE] PKT7 op=0x17 cnt=1
[TU_TRACE] PKT7 op=0x46 cnt=1
[TU_TRACE] PKT7 op=0x46 cnt=1
[TU_TRACE] PKT7 op=0x46 cnt=1
[TU_TRACE] PKT7 op=0x46 cnt=1
[TU_TRACE] PKT7 op=0x26 cnt=0
[TU_TRACE] PKT4 reg=0xab1f cnt=1
[TU_TRACE] PKT7 op=0x26 cnt=0
[TU_TRACE] WRITE_REG reg=0x8228 val=0x00000000
[TU_TRACE] PKT4 reg=0x8228 cnt=1
[TU_TRACE] WRITE_REG reg=0x8229 val=0x00000000
[TU_TRACE] PKT4 reg=0x8229 cnt=1
[TU_TRACE] WRITE_REG reg=0x822a val=0x00000000
[TU_TRACE] PKT4 reg=0x822a cnt=1
[TU_TRACE] WRITE_REG reg=0x822b val=0x00000000
[TU_TRACE] PKT4 reg=0x822b cnt=1
[TU_TRACE] WRITE_REG reg=0x822c val=0x00000000
[TU_TRACE] PKT4 reg=0x822c cnt=1
[TU_TRACE] WRITE_REG reg=0x822d val=0x00000000
[TU_TRACE] PKT4 reg=0x822d cnt=1
[TU_TRACE] WRITE_REG reg=0x8818 val=0x00000000
[TU_TRACE] PKT4 reg=0x8818 cnt=1
[TU_TRACE] WRITE_REG reg=0x8819 val=0x00000000
[TU_TRACE] PKT4 reg=0x8819 cnt=1
[TU_TRACE] WRITE_REG reg=0x881a val=0x00000000
[TU_TRACE] PKT4 reg=0x881a cnt=1
[TU_TRACE] WRITE_REG reg=0x881b val=0x00000000
[TU_TRACE] PKT4 reg=0x881b cnt=1
[TU_TRACE] WRITE_REG reg=0x881c val=0x00000000
[TU_TRACE] PKT4 reg=0x881c cnt=1
[TU_TRACE] WRITE_REG reg=0x881d val=0x00000000
[TU_TRACE] PKT4 reg=0x881d cnt=1
[TU_TRACE] WRITE_REG reg=0x881e val=0x00000000
[TU_TRACE] PKT4 reg=0x881e cnt=1
[TU_TRACE] WRITE_REG reg=0x8899 val=0x00000000
[TU_TRACE] PKT4 reg=0x8899 cnt=1
[TU_TRACE] WRITE_REG reg=0x88f1 val=0x00000001
[TU_TRACE] PKT4 reg=0x88f1 cnt=1
[TU_TRACE] WRITE_REG reg=0xab01 val=0x00000000
[TU_TRACE] PKT4 reg=0xab01 cnt=1
[TU_TRACE] WRITE_REG reg=0xab02 val=0x00000000
[TU_TRACE] PKT4 reg=0xab02 cnt=1
[TU_TRACE] WRITE_REG reg=0xab23 val=0x00000000
[TU_TRACE] PKT4 reg=0xab23 cnt=1
[TU_TRACE] WRITE_REG reg=0xb182 val=0x00000004
[TU_TRACE] PKT4 reg=0xb182 cnt=1
[TU_TRACE] WRITE_REG reg=0xb183 val=0x00000000
[TU_TRACE] PKT4 reg=0xb183 cnt=1
[TU_TRACE] WRITE_REG reg=0x980b val=0x00800280
[TU_TRACE] PKT4 reg=0x980b cnt=1
[TU_TRACE] WRITE_REG reg=0x9b00 val=0x00003f00
[TU_TRACE] PKT4 reg=0x9b00 cnt=1
[TU_TRACE] PKT4 reg=0x8130 cnt=1
[TU_TRACE] PKT4 reg=0x8131 cnt=1
[TU_TRACE] WRITE_REG reg=0xae0f val=0x0000003f
[TU_TRACE] PKT4 reg=0xae0f cnt=1
[TU_TRACE] PKT4 reg=0xab09 cnt=1
[TU_TRACE] WRITE_REG reg=0xb182 val=0x00000000
[TU_TRACE] PKT4 reg=0xb182 cnt=1
[TU_TRACE] WRITE_REG reg=0xa9a8 val=0x00000000
[TU_TRACE] PKT4 reg=0xa9a8 cnt=1
[TU_TRACE] PKT4 reg=0xab00 cnt=1
[TU_TRACE] PKT4 reg=0xa009 cnt=1
[TU_TRACE] WRITE_REG reg=0x8811 val=0x00000010
[TU_TRACE] PKT4 reg=0x8811 cnt=1
[TU_TRACE] PKT4 reg=0x8213 cnt=1
[TU_TRACE] WRITE_REG reg=0x8818 val=0x00000000
[TU_TRACE] PKT4 reg=0x8818 cnt=1
[TU_TRACE] PKT4 reg=0x9310 cnt=1
[TU_TRACE] PKT4 reg=0x9312 cnt=1
[TU_TRACE] PKT4 reg=0x9305 cnt=1
[TU_TRACE] WRITE_REG reg=0xb183 val=0x00000000
[TU_TRACE] PKT4 reg=0xb183 cnt=1
[TU_TRACE] PKT4 reg=0x8234 cnt=1
[TU_TRACE] PKT4 reg=0xb309 cnt=1
[TU_TRACE] PKT4 reg=0xa9cb cnt=1
[TU_TRACE] WRITE_REG reg=0xa007 val=0x00000000
[TU_TRACE] PKT4 reg=0xa007 cnt=1
[TU_TRACE] PKT4 reg=0x8864 cnt=1
[TU_TRACE] PKT4 reg=0xaa0c cnt=1
[TU_TRACE] PKT4 reg=0xb302 cnt=2
[TU_TRACE] PKT4 reg=0xb180 cnt=2
[TU_TRACE] PKT4 reg=0x9814 cnt=1
[TU_TRACE] PKT4 reg=0x9815 cnt=1
[TU_TRACE] PKT4 reg=0xa980 cnt=1
[TU_TRACE] PKT4 reg=0xa827 cnt=1
[TU_TRACE] PKT4 reg=0x9313 cnt=1
[TU_TRACE] PKT4 reg=0x8c34 cnt=1
[TU_TRACE] PKT4 reg=0x88e5 cnt=1
[TU_TRACE] PKT7 op=0x43 cnt=3
[TU_TRACE] PKT7 op=0x1b cnt=2
[TU_TRACE] PKT7 op=0x17 cnt=1
[TU_TRACE] PKT7 op=0x55 cnt=3
[TU_TRACE] PKT7 op=0x17 cnt=1
[TU_TRACE] PKT7 op=0x55 cnt=3
[TU_TRACE] PKT7 op=0x17 cnt=1
[TU_TRACE] PKT7 op=0x39 cnt=3
[TU_TRACE] PKT7 op=0x55 cnt=3
[TU_TRACE] PKT7 op=0x55 cnt=3
[TU_TRACE] PKT7 op=0x17 cnt=1
[TU_TRACE] PKT4 reg=0x8212 cnt=1
[TU_TRACE] PKT4 reg=0x810b cnt=1
[TU_TRACE] PKT7 op=0x47 cnt=2
[TU_TRACE] PKT7 op=0x47 cnt=2
[TU_TRACE] PKT4 reg=0x88d1 cnt=2
[TU_TRACE] PKT4 reg=0x88df cnt=4
[TU_TRACE] PKT4 reg=0x88d5 cnt=1
[TU_TRACE] PKT4 reg=0x88d0 cnt=1
[TU_TRACE] PKT4 reg=0x88e3 cnt=1
[TU_TRACE] PKT4 reg=0x88d7 cnt=4
[TU_TRACE] PKT4 reg=0x88dc cnt=3
[TU_TRACE] PKT4 reg=0x88d6 cnt=1
[TU_TRACE] PKT7 op=0x46 cnt=1
[TU_TRACE] PKT7 op=0x46 cnt=1
[TU_TRACE] PKT4 reg=0x8872 cnt=6
[TU_TRACE] PKT4 reg=0x808d cnt=1
[TU_TRACE] PKT4 reg=0x8881 cnt=1
[TU_TRACE] PKT4 reg=0x808e cnt=2
[TU_TRACE] PKT4 reg=0x8092 cnt=1
[TU_TRACE] PKT4 reg=0x8090 cnt=2
[TU_TRACE] PKT7 op=0x46 cnt=1
[TU_TRACE] PKT7 op=0x43 cnt=6
[TU_TRACE] PKT4 reg=0xa010 cnt=3
[TU_TRACE] PKT4 reg=0x9b15 cnt=1
[TU_TRACE] PKT4 reg=0xa00e cnt=2
[TU_TRACE] PKT4 reg=0x9b01 cnt=1
[TU_TRACE] PKT4 reg=0x930f cnt=1
[TU_TRACE] PKT4 reg=0x9b12 cnt=1
[TU_TRACE] PKT4 reg=0x8212 cnt=1
[TU_TRACE] PKT4 reg=0x810b cnt=1
[TU_TRACE] PKT4 reg=0x8898 cnt=1
[TU_TRACE] PKT4 reg=0x8089 cnt=1
[TU_TRACE] PKT4 reg=0x8870 cnt=1
[TU_TRACE] PKT4 reg=0xab30 cnt=8
[TU_TRACE] PKT4 reg=0xab1f cnt=1
[TU_TRACE] PKT7 op=0x43 cnt=90
[TU_TRACE] PKT7 op=0x38 cnt=7
[TU_TRACE] PKT4 reg=0xab30 cnt=8
[TU_TRACE] PKT7 op=0x43 cnt=3
[TU_TRACE] PKT7 op=0x38 cnt=7
[TU_TRACE] PKT4 reg=0xab30 cnt=8
[TU_TRACE] PKT7 op=0x43 cnt=3
[TU_TRACE] PKT7 op=0x38 cnt=7
[TU_TRACE] PKT4 reg=0xab30 cnt=8
[TU_TRACE] PKT7 op=0x43 cnt=3
[TU_TRACE] PKT7 op=0x38 cnt=7
[TU_TRACE] PKT4 reg=0xab30 cnt=8
[TU_TRACE] PKT7 op=0x43 cnt=3
[TU_TRACE] PKT7 op=0x38 cnt=7
[TU_TRACE] PKT4 reg=0xab30 cnt=8
[TU_TRACE] PKT7 op=0x43 cnt=3
[TU_TRACE] PKT7 op=0x38 cnt=7
[TU_TRACE] PKT4 reg=0xab30 cnt=8
[TU_TRACE] PKT7 op=0x43 cnt=3
[TU_TRACE] PKT7 op=0x38 cnt=7
[TU_TRACE] PKT4 reg=0xab30 cnt=8
[TU_TRACE] PKT7 op=0x43 cnt=3
[TU_TRACE] PKT7 op=0x38 cnt=7
[TU_TRACE] PKT4 reg=0xab30 cnt=8
[TU_TRACE] PKT7 op=0x43 cnt=3
[TU_TRACE] PKT7 op=0x38 cnt=7
[TU_TRACE] PKT4 reg=0xab30 cnt=8
[TU_TRACE] PKT7 op=0x43 cnt=3
[TU_TRACE] PKT7 op=0x38 cnt=7
[TU_TRACE] PKT4 reg=0xab30 cnt=8
[TU_TRACE] PKT7 op=0x43 cnt=3
[TU_TRACE] PKT7 op=0x38 cnt=7
[TU_TRACE] PKT4 reg=0xab30 cnt=8
[TU_TRACE] PKT7 op=0x43 cnt=3
[TU_TRACE] PKT7 op=0x38 cnt=7
[TU_TRACE] PKT4 reg=0xab30 cnt=8
[TU_TRACE] PKT7 op=0x43 cnt=3
[TU_TRACE] PKT7 op=0x38 cnt=7
[TU_TRACE] PKT4 reg=0xab30 cnt=8
[TU_TRACE] PKT7 op=0x43 cnt=3
[TU_TRACE] PKT7 op=0x38 cnt=7
[TU_TRACE] PKT4 reg=0xab30 cnt=8
[TU_TRACE] PKT7 op=0x43 cnt=3
[TU_TRACE] PKT7 op=0x38 cnt=7
[TU_TRACE] PKT4 reg=0xab30 cnt=8
[TU_TRACE] PKT7 op=0x43 cnt=3
[TU_TRACE] PKT7 op=0x38 cnt=7
[TU_TRACE] PKT4 reg=0xab30 cnt=8
[TU_TRACE] PKT7 op=0x43 cnt=3
[TU_TRACE] PKT7 op=0x38 cnt=7
[TU_TRACE] PKT4 reg=0xab30 cnt=8
[TU_TRACE] PKT7 op=0x43 cnt=3
[TU_TRACE] PKT7 op=0x38 cnt=7
[TU_TRACE] PKT4 reg=0xab30 cnt=8
[TU_TRACE] PKT7 op=0x43 cnt=3
[TU_TRACE] PKT7 op=0x38 cnt=7
[TU_TRACE] PKT4 reg=0xab30 cnt=8
[TU_TRACE] PKT7 op=0x43 cnt=3
[TU_TRACE] PKT7 op=0x38 cnt=7
[TU_TRACE] PKT4 reg=0xa00e cnt=2
[TU_TRACE] PKT4 reg=0x9b01 cnt=1
[TU_TRACE] PKT4 reg=0x930f cnt=1
[TU_TRACE] PKT4 reg=0x9b12 cnt=1
[TU_TRACE] PKT4 reg=0x8212 cnt=1
[TU_TRACE] PKT4 reg=0x810b cnt=1
[TU_TRACE] PKT4 reg=0x8898 cnt=1
[TU_TRACE] PKT4 reg=0x8089 cnt=1
[TU_TRACE] PKT4 reg=0x8870 cnt=1
[TU_TRACE] PKT4 reg=0xab30 cnt=8
[TU_TRACE] PKT4 reg=0xab1f cnt=1
[TU_TRACE] PKT7 op=0x43 cnt=90
[TU_TRACE] PKT7 op=0x38 cnt=7
[TU_TRACE] PKT4 reg=0xab30 cnt=8
[TU_TRACE] PKT7 op=0x43 cnt=3
[TU_TRACE] PKT7 op=0x38 cnt=7
[TU_TRACE] PKT4 reg=0xab30 cnt=8
[TU_TRACE] PKT7 op=0x43 cnt=3
[TU_TRACE] PKT7 op=0x38 cnt=7
[TU_TRACE] PKT4 reg=0xab30 cnt=8
[TU_TRACE] PKT7 op=0x43 cnt=3
[TU_TRACE] PKT7 op=0x38 cnt=7
[TU_TRACE] PKT4 reg=0xab30 cnt=8
[TU_TRACE] PKT7 op=0x43 cnt=3
[TU_TRACE] PKT7 op=0x38 cnt=7
[TU_TRACE] PKT4 reg=0xab30 cnt=8
[TU_TRACE] PKT7 op=0x43 cnt=3
[TU_TRACE] PKT7 op=0x38 cnt=7
[TU_TRACE] PKT4 reg=0xab30 cnt=8
[TU_TRACE] PKT7 op=0x43 cnt=3
[TU_TRACE] PKT7 op=0x38 cnt=7
[TU_TRACE] PKT4 reg=0xab30 cnt=8
[TU_TRACE] PKT7 op=0x43 cnt=3
[TU_TRACE] PKT7 op=0x38 cnt=7
[TU_TRACE] PKT4 reg=0xab30 cnt=8
[TU_TRACE] PKT7 op=0x43 cnt=3
[TU_TRACE] PKT7 op=0x38 cnt=7
[TU_TRACE] PKT4 reg=0xab30 cnt=8
[TU_TRACE] PKT7 op=0x43 cnt=3
[TU_TRACE] PKT7 op=0x38 cnt=7
[TU_TRACE] PKT4 reg=0xab30 cnt=8
[TU_TRACE] PKT7 op=0x43 cnt=3
[TU_TRACE] PKT7 op=0x38 cnt=7
[TU_TRACE] PKT4 reg=0xab30 cnt=8
[TU_TRACE] PKT7 op=0x43 cnt=3
[TU_TRACE] PKT7 op=0x38 cnt=7
[TU_TRACE] PKT4 reg=0xab30 cnt=8
[TU_TRACE] PKT7 op=0x43 cnt=3
[TU_TRACE] PKT7 op=0x38 cnt=7
[TU_TRACE] PKT4 reg=0xab30 cnt=8
[TU_TRACE] PKT7 op=0x43 cnt=3
[TU_TRACE] PKT7 op=0x38 cnt=7
[TU_TRACE] PKT4 reg=0xab30 cnt=8
[TU_TRACE] PKT7 op=0x43 cnt=3
[TU_TRACE] PKT7 op=0x38 cnt=7
[TU_TRACE] PKT4 reg=0xab30 cnt=8
[TU_TRACE] PKT7 op=0x43 cnt=3
[TU_TRACE] PKT7 op=0x38 cnt=7
[TU_TRACE] PKT4 reg=0xab30 cnt=8
[TU_TRACE] PKT7 op=0x43 cnt=3
[TU_TRACE] PKT7 op=0x38 cnt=7
[TU_TRACE] PKT4 reg=0xab30 cnt=8
[TU_TRACE] PKT7 op=0x43 cnt=3
[TU_TRACE] PKT7 op=0x38 cnt=7
[TU_TRACE] PKT4 reg=0xab30 cnt=8
[TU_TRACE] PKT7 op=0x43 cnt=3
[TU_TRACE] PKT7 op=0x38 cnt=7
[TU_TRACE] PKT4 reg=0xab30 cnt=8
[TU_TRACE] PKT7 op=0x43 cnt=3
[TU_TRACE] PKT7 op=0x38 cnt=7
[TU_TRACE] PKT4 reg=0xa00e cnt=2
[TU_TRACE] PKT4 reg=0x9b01 cnt=1
[TU_TRACE] PKT4 reg=0x930f cnt=1
[TU_TRACE] PKT4 reg=0x9b12 cnt=1
[TU_TRACE] PKT4 reg=0x8212 cnt=1
[TU_TRACE] PKT4 reg=0x810b cnt=1
[TU_TRACE] PKT4 reg=0x8898 cnt=1
[TU_TRACE] PKT4 reg=0x8089 cnt=1
[TU_TRACE] PKT4 reg=0x8870 cnt=1
[TU_TRACE] PKT4 reg=0xab30 cnt=8
[TU_TRACE] PKT4 reg=0xab1f cnt=1
[TU_TRACE] PKT7 op=0x43 cnt=90
[TU_TRACE] PKT7 op=0x38 cnt=7
[TU_TRACE] PKT4 reg=0xab30 cnt=8
[TU_TRACE] PKT7 op=0x43 cnt=3
[TU_TRACE] PKT7 op=0x38 cnt=7
[TU_TRACE] PKT4 reg=0xab30 cnt=8
[TU_TRACE] PKT7 op=0x43 cnt=3
[TU_TRACE] PKT7 op=0x38 cnt=7
[TU_TRACE] PKT4 reg=0xab30 cnt=8
[TU_TRACE] PKT7 op=0x43 cnt=3
[TU_TRACE] PKT7 op=0x38 cnt=7
[TU_TRACE] PKT4 reg=0xab30 cnt=8
[TU_TRACE] PKT7 op=0x43 cnt=3
[TU_TRACE] PKT7 op=0x38 cnt=7
[TU_TRACE] PKT4 reg=0xab30 cnt=8
[TU_TRACE] PKT7 op=0x43 cnt=3
[TU_TRACE] PKT7 op=0x38 cnt=7
[TU_TRACE] PKT4 reg=0xab30 cnt=8
[TU_TRACE] PKT7 op=0x43 cnt=3
[TU_TRACE] PKT7 op=0x38 cnt=7
[TU_TRACE] PKT4 reg=0xab30 cnt=8
[TU_TRACE] PKT7 op=0x43 cnt=3
[TU_TRACE] PKT7 op=0x38 cnt=7
[TU_TRACE] PKT4 reg=0xab30 cnt=8
[TU_TRACE] PKT7 op=0x43 cnt=3
[TU_TRACE] PKT7 op=0x38 cnt=7
[TU_TRACE] PKT4 reg=0xab30 cnt=8
[TU_TRACE] PKT7 op=0x43 cnt=3
[TU_TRACE] PKT7 op=0x38 cnt=7
[TU_TRACE] PKT4 reg=0xab30 cnt=8
[TU_TRACE] PKT7 op=0x43 cnt=3
[TU_TRACE] PKT7 op=0x38 cnt=7
[TU_TRACE] PKT4 reg=0xab30 cnt=8
[TU_TRACE] PKT7 op=0x43 cnt=3
[TU_TRACE] PKT7 op=0x38 cnt=7
[TU_TRACE] PKT4 reg=0xab30 cnt=8
[TU_TRACE] PKT7 op=0x43 cnt=3
[TU_TRACE] PKT7 op=0x38 cnt=7
[TU_TRACE] PKT4 reg=0xab30 cnt=8
[TU_TRACE] PKT7 op=0x43 cnt=3
[TU_TRACE] PKT7 op=0x38 cnt=7
[TU_TRACE] PKT4 reg=0xab30 cnt=8
[TU_TRACE] PKT7 op=0x43 cnt=3
[TU_TRACE] PKT7 op=0x38 cnt=7
[TU_TRACE] PKT4 reg=0xab30 cnt=8
[TU_TRACE] PKT7 op=0x43 cnt=3
[TU_TRACE] PKT7 op=0x38 cnt=7
[TU_TRACE] PKT4 reg=0xab30 cnt=8
[TU_TRACE] PKT7 op=0x43 cnt=3
[TU_TRACE] PKT7 op=0x38 cnt=7
[TU_TRACE] PKT4 reg=0xab30 cnt=8
[TU_TRACE] PKT7 op=0x43 cnt=3
[TU_TRACE] PKT7 op=0x38 cnt=7
[TU_TRACE] PKT4 reg=0xab30 cnt=8
[TU_TRACE] PKT7 op=0x43 cnt=3
[TU_TRACE] PKT7 op=0x38 cnt=7
[TU_TRACE] PKT4 reg=0xab30 cnt=8
[TU_TRACE] PKT7 op=0x43 cnt=3
[TU_TRACE] PKT7 op=0x38 cnt=7
[TU_TRACE] PKT4 reg=0xa00e cnt=2
[TU_TRACE] PKT4 reg=0x9b01 cnt=1
[TU_TRACE] PKT4 reg=0x930f cnt=1
[TU_TRACE] PKT4 reg=0x9b12 cnt=1
[TU_TRACE] PKT4 reg=0x8212 cnt=1
[TU_TRACE] PKT4 reg=0x810b cnt=1
[TU_TRACE] PKT4 reg=0x8898 cnt=1
[TU_TRACE] PKT4 reg=0x8089 cnt=1
[TU_TRACE] PKT4 reg=0x8870 cnt=1
[TU_TRACE] PKT4 reg=0xab30 cnt=8
[TU_TRACE] PKT4 reg=0xab1f cnt=1
[TU_TRACE] PKT7 op=0x43 cnt=90
[TU_TRACE] PKT7 op=0x38 cnt=7
[TU_TRACE] PKT4 reg=0xab30 cnt=8
[TU_TRACE] PKT7 op=0x43 cnt=3
[TU_TRACE] PKT7 op=0x38 cnt=7
[TU_TRACE] PKT4 reg=0xab30 cnt=8
[TU_TRACE] PKT7 op=0x43 cnt=3
[TU_TRACE] PKT7 op=0x38 cnt=7
[TU_TRACE] PKT4 reg=0xab30 cnt=8
[TU_TRACE] PKT7 op=0x43 cnt=3
[TU_TRACE] PKT7 op=0x38 cnt=7
[TU_TRACE] PKT4 reg=0xab30 cnt=8
[TU_TRACE] PKT7 op=0x43 cnt=3
[TU_TRACE] PKT7 op=0x38 cnt=7
[TU_TRACE] PKT4 reg=0xab30 cnt=8
[TU_TRACE] PKT7 op=0x43 cnt=3
[TU_TRACE] PKT7 op=0x38 cnt=7
[TU_TRACE] PKT4 reg=0xab30 cnt=8
[TU_TRACE] PKT7 op=0x43 cnt=3
[TU_TRACE] PKT7 op=0x38 cnt=7
[TU_TRACE] PKT4 reg=0xab30 cnt=8
[TU_TRACE] PKT7 op=0x43 cnt=3
[TU_TRACE] PKT7 op=0x38 cnt=7
[TU_TRACE] PKT4 reg=0xab30 cnt=8
[TU_TRACE] PKT7 op=0x43 cnt=3
[TU_TRACE] PKT7 op=0x38 cnt=7
[TU_TRACE] PKT4 reg=0xab30 cnt=8
[TU_TRACE] PKT7 op=0x43 cnt=3
[TU_TRACE] PKT7 op=0x38 cnt=7
[TU_TRACE] PKT4 reg=0xab30 cnt=8
[TU_TRACE] PKT7 op=0x43 cnt=3
[TU_TRACE] PKT7 op=0x38 cnt=7
[TU_TRACE] PKT4 reg=0xab30 cnt=8
[TU_TRACE] PKT7 op=0x43 cnt=3
[TU_TRACE] PKT7 op=0x38 cnt=7
[TU_TRACE] PKT4 reg=0xab30 cnt=8
[TU_TRACE] PKT7 op=0x43 cnt=3
[TU_TRACE] PKT7 op=0x38 cnt=7
[TU_TRACE] PKT4 reg=0xab30 cnt=8
[TU_TRACE] PKT7 op=0x43 cnt=3
[TU_TRACE] PKT7 op=0x38 cnt=7
[TU_TRACE] PKT4 reg=0xab30 cnt=8
[TU_TRACE] PKT7 op=0x43 cnt=3
[TU_TRACE] PKT7 op=0x38 cnt=7
[TU_TRACE] PKT4 reg=0xab30 cnt=8
[TU_TRACE] PKT7 op=0x43 cnt=3
[TU_TRACE] PKT7 op=0x38 cnt=7
[TU_TRACE] PKT4 reg=0xab30 cnt=8
[TU_TRACE] PKT7 op=0x43 cnt=3
[TU_TRACE] PKT7 op=0x38 cnt=7
[TU_TRACE] PKT4 reg=0xab30 cnt=8
[TU_TRACE] PKT7 op=0x43 cnt=3
[TU_TRACE] PKT7 op=0x38 cnt=7
[TU_TRACE] PKT4 reg=0xab30 cnt=8
[TU_TRACE] PKT7 op=0x43 cnt=3
[TU_TRACE] PKT7 op=0x38 cnt=7
[TU_TRACE] PKT4 reg=0xab30 cnt=8
[TU_TRACE] PKT7 op=0x43 cnt=3
[TU_TRACE] PKT7 op=0x38 cnt=7
[TU_TRACE] PKT4 reg=0xa00e cnt=2
[TU_TRACE] PKT4 reg=0x9b01 cnt=1
[TU_TRACE] PKT4 reg=0x930f cnt=1
[TU_TRACE] PKT4 reg=0x9b12 cnt=1
[TU_TRACE] PKT4 reg=0x8212 cnt=1
[TU_TRACE] PKT4 reg=0x810b cnt=1
[TU_TRACE] PKT4 reg=0x8898 cnt=1
[TU_TRACE] PKT4 reg=0x8089 cnt=1
[TU_TRACE] PKT4 reg=0x8870 cnt=1
[TU_TRACE] PKT4 reg=0xab30 cnt=8
[TU_TRACE] PKT4 reg=0xab1f cnt=1
[TU_TRACE] PKT7 op=0x43 cnt=90
[TU_TRACE] PKT7 op=0x38 cnt=7
[TU_TRACE] PKT4 reg=0xab30 cnt=8
[TU_TRACE] PKT7 op=0x43 cnt=3
[TU_TRACE] PKT7 op=0x38 cnt=7
[TU_TRACE] PKT4 reg=0xab30 cnt=8
[TU_TRACE] PKT7 op=0x43 cnt=3
[TU_TRACE] PKT7 op=0x38 cnt=7
[TU_TRACE] PKT4 reg=0xab30 cnt=8
[TU_TRACE] PKT7 op=0x43 cnt=3
[TU_TRACE] PKT7 op=0x38 cnt=7
[TU_TRACE] PKT4 reg=0xab30 cnt=8
[TU_TRACE] PKT7 op=0x43 cnt=3
[TU_TRACE] PKT7 op=0x38 cnt=7
[TU_TRACE] PKT4 reg=0xab30 cnt=8
[TU_TRACE] PKT7 op=0x43 cnt=3
[TU_TRACE] PKT7 op=0x38 cnt=7
[TU_TRACE] PKT4 reg=0xab30 cnt=8
[TU_TRACE] PKT7 op=0x43 cnt=3
[TU_TRACE] PKT7 op=0x38 cnt=7
[TU_TRACE] PKT4 reg=0xab30 cnt=8
[TU_TRACE] PKT7 op=0x43 cnt=3
[TU_TRACE] PKT7 op=0x38 cnt=7
[TU_TRACE] PKT4 reg=0xab30 cnt=8
[TU_TRACE] PKT7 op=0x43 cnt=3
[TU_TRACE] PKT7 op=0x38 cnt=7
[TU_TRACE] PKT4 reg=0xab30 cnt=8
[TU_TRACE] PKT7 op=0x43 cnt=3
[TU_TRACE] PKT7 op=0x38 cnt=7
[TU_TRACE] PKT4 reg=0xab30 cnt=8
[TU_TRACE] PKT7 op=0x43 cnt=3
[TU_TRACE] PKT7 op=0x38 cnt=7
[TU_TRACE] PKT4 reg=0xab30 cnt=8
[TU_TRACE] PKT7 op=0x43 cnt=3
[TU_TRACE] PKT7 op=0x38 cnt=7
[TU_TRACE] PKT4 reg=0xab30 cnt=8
[TU_TRACE] PKT7 op=0x43 cnt=3
[TU_TRACE] PKT7 op=0x38 cnt=7
[TU_TRACE] PKT4 reg=0xab30 cnt=8
[TU_TRACE] PKT7 op=0x43 cnt=3
[TU_TRACE] PKT7 op=0x38 cnt=7
[TU_TRACE] PKT4 reg=0xab30 cnt=8
[TU_TRACE] PKT7 op=0x43 cnt=3
[TU_TRACE] PKT7 op=0x38 cnt=7
[TU_TRACE] PKT4 reg=0xab30 cnt=8
[TU_TRACE] PKT7 op=0x43 cnt=3
[TU_TRACE] PKT7 op=0x38 cnt=7
[TU_TRACE] PKT4 reg=0xab30 cnt=8
[TU_TRACE] PKT7 op=0x43 cnt=3
[TU_TRACE] PKT7 op=0x38 cnt=7
[TU_TRACE] PKT4 reg=0xab30 cnt=8
[TU_TRACE] PKT7 op=0x43 cnt=3
[TU_TRACE] PKT7 op=0x38 cnt=7
[TU_TRACE] PKT4 reg=0xab30 cnt=8
[TU_TRACE] PKT7 op=0x43 cnt=3
[TU_TRACE] PKT7 op=0x38 cnt=7
[TU_TRACE] PKT4 reg=0xab30 cnt=8
[TU_TRACE] PKT7 op=0x43 cnt=3
[TU_TRACE] PKT7 op=0x38 cnt=7
[TU_TRACE] PKT7 op=0x65 cnt=1
[TU_TRACE] PKT4 reg=0x88d1 cnt=2
[TU_TRACE] PKT4 reg=0x88df cnt=4
[TU_TRACE] PKT4 reg=0x88d5 cnt=1
[TU_TRACE] PKT4 reg=0x88d0 cnt=1
[TU_TRACE] PKT4 reg=0x88e3 cnt=1
[TU_TRACE] PKT4 reg=0x88d7 cnt=4
[TU_TRACE] PKT4 reg=0x88dc cnt=3
[TU_TRACE] PKT4 reg=0x88d6 cnt=1
[TU_TRACE] PKT7 op=0x46 cnt=1
[TU_TRACE] PKT7 op=0x46 cnt=1
[TU_TRACE] PKT7 op=0x46 cnt=1
[TU_TRACE] PKT7 op=0x46 cnt=1
[TU_TRACE] PKT7 op=0x46 cnt=1
[TU_TRACE] PKT7 op=0x46 cnt=1
[TU_TRACE] PKT7 op=0x46 cnt=1
[TU_TRACE] PKT7 op=0x26 cnt=0
[TU_TRACE] PKT7 op=0x13 cnt=0
[TU_TRACE] PKT4 reg=0x88e5 cnt=1
[TU_TRACE] PKT7 op=0x17 cnt=1
[TU_TRACE] PKT7 op=0x17 cnt=1
[TU_TRACE] PKT4 reg=0x8812 cnt=1
[TU_TRACE] PKT4 reg=0x88e4 cnt=1
[TU_TRACE] PKT7 op=0x17 cnt=1
[TU_TRACE] PKT7 op=0x39 cnt=3
[TU_TRACE] PKT7 op=0x1d cnt=1
[TU_TRACE] PKT4 reg=0x8206 cnt=1
[TU_TRACE] PKT4 reg=0x88f5 cnt=1
[TU_TRACE] PKT4 reg=0x0c38 cnt=1
[TU_TRACE] PKT7 op=0x3e cnt=3
[TU_TRACE] PKT7 op=0x12 cnt=0
[TU_TRACE] PKT7 op=0x13 cnt=0
[TU_TRACE] PKT7 op=0x17 cnt=1
[TU_TRACE] PKT7 op=0x49 cnt=4
[TU_TRACE] PKT7 op=0x39 cnt=3
[TU_TRACE] PKT4 reg=0x8891 cnt=1
[TU_TRACE] PKT7 op=0x46 cnt=3
[TU_TRACE] PKT7 op=0x65 cnt=1
[TU_TRACE] PKT4 reg=0x8231 cnt=1
[TU_TRACE] PKT4 reg=0x8800 cnt=1
[TU_TRACE] PKT4 reg=0x88d3 cnt=1
[TU_TRACE] PKT4 reg=0xa007 cnt=1
[TU_TRACE] PKT4 reg=0x8235 cnt=2
[TU_TRACE] PKT4 reg=0x8507 cnt=2
[TU_TRACE] PKT7 op=0x64 cnt=1
[TU_TRACE] PKT7 op=0x63 cnt=1
[TU_TRACE] PKT4 reg=0x8206 cnt=1
[TU_TRACE] PKT4 reg=0x88f5 cnt=1
[TU_TRACE] PKT7 op=0x3f cnt=3
[TU_TRACE] PKT7 op=0x1d cnt=1
[TU_TRACE] PKT7 op=0x3f cnt=3
[TU_TRACE] PKT7 op=0x26 cnt=0
[TU_TRACE] PKT7 op=0x65 cnt=1
[TU_TRACE] PKT4 reg=0x8212 cnt=1
[TU_TRACE] PKT4 reg=0x810b cnt=1
[TU_TRACE] PKT7 op=0x46 cnt=1
[TU_TRACE] PKT7 op=0x46 cnt=4
[TU_TRACE] PKT7 op=0x46 cnt=1
[TU_TRACE] PKT4 reg=0x8891 cnt=1
[TU_TRACE] PKT7 op=0x46 cnt=3
[TU_TRACE] PKT7 op=0x43 cnt=3
[TU_TRACE] PKT7 op=0x46 cnt=1
[TU_TRACE] PKT7 op=0x46 cnt=1
[TU_TRACE] PKT7 op=0x46 cnt=4
[TU_TRACE] PKT7 op=0x17 cnt=1
[TU_TRACE] PKT7 op=0x46 cnt=1
[TU_TRACE] PKT7 op=0x46 cnt=1
[TU_TRACE] PKT7 op=0x46 cnt=1
[TU_TRACE] PKT7 op=0x46 cnt=1
[TU_TRACE] PKT7 op=0x26 cnt=0
[TU_TRACE] PKT4 reg=0xab1f cnt=1
[TU_TRACE] PKT7 op=0x26 cnt=0
[TU_TRACE] WRITE_REG reg=0x8228 val=0x00000000
[TU_TRACE] PKT4 reg=0x8228 cnt=1
[TU_TRACE] WRITE_REG reg=0x8229 val=0x00000000
[TU_TRACE] PKT4 reg=0x8229 cnt=1
[TU_TRACE] WRITE_REG reg=0x822a val=0x00000000
[TU_TRACE] PKT4 reg=0x822a cnt=1
[TU_TRACE] WRITE_REG reg=0x822b val=0x00000000
[TU_TRACE] PKT4 reg=0x822b cnt=1
[TU_TRACE] WRITE_REG reg=0x822c val=0x00000000
[TU_TRACE] PKT4 reg=0x822c cnt=1
[TU_TRACE] WRITE_REG reg=0x822d val=0x00000000
[TU_TRACE] PKT4 reg=0x822d cnt=1
[TU_TRACE] WRITE_REG reg=0x8818 val=0x00000000
[TU_TRACE] PKT4 reg=0x8818 cnt=1
[TU_TRACE] WRITE_REG reg=0x8819 val=0x00000000
[TU_TRACE] PKT4 reg=0x8819 cnt=1
[TU_TRACE] WRITE_REG reg=0x881a val=0x00000000
[TU_TRACE] PKT4 reg=0x881a cnt=1
[TU_TRACE] WRITE_REG reg=0x881b val=0x00000000
[TU_TRACE] PKT4 reg=0x881b cnt=1
[TU_TRACE] WRITE_REG reg=0x881c val=0x00000000
[TU_TRACE] PKT4 reg=0x881c cnt=1
[TU_TRACE] WRITE_REG reg=0x881d val=0x00000000
[TU_TRACE] PKT4 reg=0x881d cnt=1
[TU_TRACE] WRITE_REG reg=0x881e val=0x00000000
[TU_TRACE] PKT4 reg=0x881e cnt=1
[TU_TRACE] WRITE_REG reg=0x8899 val=0x00000000
[TU_TRACE] PKT4 reg=0x8899 cnt=1
[TU_TRACE] WRITE_REG reg=0x88f1 val=0x00000001
[TU_TRACE] PKT4 reg=0x88f1 cnt=1
[TU_TRACE] WRITE_REG reg=0xab01 val=0x00000000
[TU_TRACE] PKT4 reg=0xab01 cnt=1
[TU_TRACE] WRITE_REG reg=0xab02 val=0x00000000
[TU_TRACE] PKT4 reg=0xab02 cnt=1
[TU_TRACE] WRITE_REG reg=0xab23 val=0x00000000
[TU_TRACE] PKT4 reg=0xab23 cnt=1
[TU_TRACE] WRITE_REG reg=0xb182 val=0x00000004
[TU_TRACE] PKT4 reg=0xb182 cnt=1
[TU_TRACE] WRITE_REG reg=0xb183 val=0x00000000
[TU_TRACE] PKT4 reg=0xb183 cnt=1
[TU_TRACE] WRITE_REG reg=0x980b val=0x00800280
[TU_TRACE] PKT4 reg=0x980b cnt=1
[TU_TRACE] WRITE_REG reg=0x9b00 val=0x00003f00
[TU_TRACE] PKT4 reg=0x9b00 cnt=1
[TU_TRACE] PKT4 reg=0x8130 cnt=1
[TU_TRACE] PKT4 reg=0x8131 cnt=1
[TU_TRACE] WRITE_REG reg=0xae0f val=0x0000003f
[TU_TRACE] PKT4 reg=0xae0f cnt=1
[TU_TRACE] PKT4 reg=0xab09 cnt=1
[TU_TRACE] WRITE_REG reg=0xb182 val=0x00000000
[TU_TRACE] PKT4 reg=0xb182 cnt=1
[TU_TRACE] WRITE_REG reg=0xa9a8 val=0x00000000
[TU_TRACE] PKT4 reg=0xa9a8 cnt=1
[TU_TRACE] PKT4 reg=0xab00 cnt=1
[TU_TRACE] PKT4 reg=0xa009 cnt=1
[TU_TRACE] WRITE_REG reg=0x8811 val=0x00000010
[TU_TRACE] PKT4 reg=0x8811 cnt=1
[TU_TRACE] PKT4 reg=0x8213 cnt=1
[TU_TRACE] WRITE_REG reg=0x8818 val=0x00000000
[TU_TRACE] PKT4 reg=0x8818 cnt=1
[TU_TRACE] PKT4 reg=0x9310 cnt=1
[TU_TRACE] PKT4 reg=0x9312 cnt=1
[TU_TRACE] PKT4 reg=0x9305 cnt=1
[TU_TRACE] WRITE_REG reg=0xb183 val=0x00000000
[TU_TRACE] PKT4 reg=0xb183 cnt=1
[TU_TRACE] PKT4 reg=0x8234 cnt=1
[TU_TRACE] PKT4 reg=0xb309 cnt=1
[TU_TRACE] PKT4 reg=0xa9cb cnt=1
[TU_TRACE] WRITE_REG reg=0xa007 val=0x00000000
[TU_TRACE] PKT4 reg=0xa007 cnt=1
[TU_TRACE] PKT4 reg=0x8864 cnt=1
[TU_TRACE] PKT4 reg=0xaa0c cnt=1
[TU_TRACE] PKT4 reg=0xb302 cnt=2
[TU_TRACE] PKT4 reg=0xb180 cnt=2
[TU_TRACE] PKT4 reg=0x9814 cnt=1
[TU_TRACE] PKT4 reg=0x9815 cnt=1
[TU_TRACE] PKT4 reg=0xa980 cnt=1
[TU_TRACE] PKT4 reg=0xa827 cnt=1
[TU_TRACE] PKT4 reg=0x9313 cnt=1
[TU_TRACE] PKT4 reg=0x8c34 cnt=1
[TU_TRACE] PKT4 reg=0x88e5 cnt=1
[TU_TRACE] PKT7 op=0x43 cnt=3
[TU_TRACE] PKT7 op=0x1b cnt=2
[TU_TRACE] PKT7 op=0x17 cnt=1
[TU_TRACE] PKT7 op=0x55 cnt=3
[TU_TRACE] PKT7 op=0x17 cnt=1
[TU_TRACE] PKT7 op=0x55 cnt=3
[TU_TRACE] PKT7 op=0x17 cnt=1
[TU_TRACE] PKT7 op=0x39 cnt=3
[TU_TRACE] PKT7 op=0x55 cnt=3
[TU_TRACE] PKT7 op=0x55 cnt=3
[TU_TRACE] PKT7 op=0x17 cnt=1
[TU_TRACE] PKT4 reg=0x8212 cnt=1
[TU_TRACE] PKT4 reg=0x810b cnt=1
[TU_TRACE] PKT7 op=0x47 cnt=2
[TU_TRACE] PKT7 op=0x47 cnt=2
[TU_TRACE] PKT4 reg=0x88d1 cnt=2
[TU_TRACE] PKT4 reg=0x88df cnt=4
[TU_TRACE] PKT4 reg=0x88d5 cnt=1
[TU_TRACE] PKT4 reg=0x88d0 cnt=1
[TU_TRACE] PKT4 reg=0x88e3 cnt=1
[TU_TRACE] PKT4 reg=0x88d7 cnt=4
[TU_TRACE] PKT4 reg=0x88dc cnt=3
[TU_TRACE] PKT4 reg=0x88d6 cnt=1
[TU_TRACE] PKT7 op=0x46 cnt=1
[TU_TRACE] PKT7 op=0x46 cnt=1
[TU_TRACE] PKT4 reg=0x8872 cnt=6
[TU_TRACE] PKT4 reg=0x808d cnt=1
[TU_TRACE] PKT4 reg=0x8881 cnt=1
[TU_TRACE] PKT4 reg=0x808e cnt=2
[TU_TRACE] PKT4 reg=0x8092 cnt=1
[TU_TRACE] PKT4 reg=0x8090 cnt=2
[TU_TRACE] PKT7 op=0x46 cnt=1
[TU_TRACE] PKT7 op=0x43 cnt=6
[TU_TRACE] PKT4 reg=0xa010 cnt=3
[TU_TRACE] PKT4 reg=0x9b15 cnt=1
[TU_TRACE] PKT4 reg=0xa00e cnt=2
[TU_TRACE] PKT4 reg=0x9b01 cnt=1
[TU_TRACE] PKT4 reg=0x930f cnt=1
[TU_TRACE] PKT4 reg=0x9b12 cnt=1
[TU_TRACE] PKT4 reg=0x8212 cnt=1
[TU_TRACE] PKT4 reg=0x810b cnt=1
[TU_TRACE] PKT4 reg=0x8898 cnt=1
[TU_TRACE] PKT4 reg=0x8089 cnt=1
[TU_TRACE] PKT4 reg=0x8870 cnt=1
[TU_TRACE] PKT4 reg=0xab30 cnt=8
[TU_TRACE] PKT4 reg=0xab1f cnt=1
[TU_TRACE] PKT7 op=0x43 cnt=90
[TU_TRACE] PKT7 op=0x38 cnt=7
[TU_TRACE] PKT4 reg=0xab30 cnt=8
[TU_TRACE] PKT7 op=0x43 cnt=3
[TU_TRACE] PKT7 op=0x38 cnt=7
[TU_TRACE] PKT4 reg=0xab30 cnt=8
[TU_TRACE] PKT7 op=0x43 cnt=3
[TU_TRACE] PKT7 op=0x38 cnt=7
[TU_TRACE] PKT4 reg=0xab30 cnt=8
[TU_TRACE] PKT7 op=0x43 cnt=3
[TU_TRACE] PKT7 op=0x38 cnt=7
[TU_TRACE] PKT4 reg=0xab30 cnt=8
[TU_TRACE] PKT7 op=0x43 cnt=3
[TU_TRACE] PKT7 op=0x38 cnt=7
[TU_TRACE] PKT4 reg=0xab30 cnt=8
[TU_TRACE] PKT7 op=0x43 cnt=3
[TU_TRACE] PKT7 op=0x38 cnt=7
[TU_TRACE] PKT4 reg=0xab30 cnt=8
[TU_TRACE] PKT7 op=0x43 cnt=3
[TU_TRACE] PKT7 op=0x38 cnt=7
[TU_TRACE] PKT4 reg=0xab30 cnt=8
[TU_TRACE] PKT7 op=0x43 cnt=3
[TU_TRACE] PKT7 op=0x38 cnt=7
[TU_TRACE] PKT4 reg=0xab30 cnt=8
[TU_TRACE] PKT7 op=0x43 cnt=3
[TU_TRACE] PKT7 op=0x38 cnt=7
[TU_TRACE] PKT4 reg=0xab30 cnt=8
[TU_TRACE] PKT7 op=0x43 cnt=3
[TU_TRACE] PKT7 op=0x38 cnt=7
[TU_TRACE] PKT4 reg=0xab30 cnt=8
[TU_TRACE] PKT7 op=0x43 cnt=3
[TU_TRACE] PKT7 op=0x38 cnt=7
[TU_TRACE] PKT4 reg=0xab30 cnt=8
[TU_TRACE] PKT7 op=0x43 cnt=3
[TU_TRACE] PKT7 op=0x38 cnt=7
[TU_TRACE] PKT4 reg=0xab30 cnt=8
[TU_TRACE] PKT7 op=0x43 cnt=3
[TU_TRACE] PKT7 op=0x38 cnt=7
[TU_TRACE] PKT4 reg=0xab30 cnt=8
[TU_TRACE] PKT7 op=0x43 cnt=3
[TU_TRACE] PKT7 op=0x38 cnt=7
[TU_TRACE] PKT4 reg=0xab30 cnt=8
[TU_TRACE] PKT7 op=0x43 cnt=3
[TU_TRACE] PKT7 op=0x38 cnt=7
[TU_TRACE] PKT4 reg=0xab30 cnt=8
[TU_TRACE] PKT7 op=0x43 cnt=3
[TU_TRACE] PKT7 op=0x38 cnt=7
[TU_TRACE] PKT4 reg=0xab30 cnt=8
[TU_TRACE] PKT7 op=0x43 cnt=3
[TU_TRACE] PKT7 op=0x38 cnt=7
[TU_TRACE] PKT4 reg=0xab30 cnt=8
[TU_TRACE] PKT7 op=0x43 cnt=3
[TU_TRACE] PKT7 op=0x38 cnt=7
[TU_TRACE] PKT4 reg=0xab30 cnt=8
[TU_TRACE] PKT7 op=0x43 cnt=3
[TU_TRACE] PKT7 op=0x38 cnt=7
[TU_TRACE] PKT4 reg=0xab30 cnt=8
[TU_TRACE] PKT7 op=0x43 cnt=3
[TU_TRACE] PKT7 op=0x38 cnt=7
[TU_TRACE] PKT4 reg=0xa00e cnt=2
[TU_TRACE] PKT4 reg=0x9b01 cnt=1
[TU_TRACE] PKT4 reg=0x930f cnt=1
[TU_TRACE] PKT4 reg=0x9b12 cnt=1
[TU_TRACE] PKT4 reg=0x8212 cnt=1
[TU_TRACE] PKT4 reg=0x810b cnt=1
[TU_TRACE] PKT4 reg=0x8898 cnt=1
[TU_TRACE] PKT4 reg=0x8089 cnt=1
[TU_TRACE] PKT4 reg=0x8870 cnt=1
[TU_TRACE] PKT4 reg=0xab30 cnt=8
[TU_TRACE] PKT4 reg=0xab1f cnt=1
[TU_TRACE] PKT7 op=0x43 cnt=90
[TU_TRACE] PKT7 op=0x38 cnt=7
[TU_TRACE] PKT4 reg=0xab30 cnt=8
[TU_TRACE] PKT7 op=0x43 cnt=3
[TU_TRACE] PKT7 op=0x38 cnt=7
[TU_TRACE] PKT4 reg=0xab30 cnt=8
[TU_TRACE] PKT7 op=0x43 cnt=3
[TU_TRACE] PKT7 op=0x38 cnt=7
[TU_TRACE] PKT4 reg=0xab30 cnt=8
[TU_TRACE] PKT7 op=0x43 cnt=3
[TU_TRACE] PKT7 op=0x38 cnt=7
[TU_TRACE] PKT4 reg=0xab30 cnt=8
[TU_TRACE] PKT7 op=0x43 cnt=3
[TU_TRACE] PKT7 op=0x38 cnt=7
[TU_TRACE] PKT4 reg=0xab30 cnt=8
[TU_TRACE] PKT7 op=0x43 cnt=3
[TU_TRACE] PKT7 op=0x38 cnt=7
[TU_TRACE] PKT4 reg=0xab30 cnt=8
[TU_TRACE] PKT7 op=0x43 cnt=3
[TU_TRACE] PKT7 op=0x38 cnt=7
[TU_TRACE] PKT4 reg=0xab30 cnt=8
[TU_TRACE] PKT7 op=0x43 cnt=3
[TU_TRACE] PKT7 op=0x38 cnt=7
[TU_TRACE] PKT4 reg=0xab30 cnt=8
[TU_TRACE] PKT7 op=0x43 cnt=3
[TU_TRACE] PKT7 op=0x38 cnt=7
[TU_TRACE] PKT4 reg=0xab30 cnt=8
[TU_TRACE] PKT7 op=0x43 cnt=3
[TU_TRACE] PKT7 op=0x38 cnt=7
[TU_TRACE] PKT4 reg=0xab30 cnt=8
[TU_TRACE] PKT7 op=0x43 cnt=3
[TU_TRACE] PKT7 op=0x38 cnt=7
[TU_TRACE] PKT4 reg=0xab30 cnt=8
[TU_TRACE] PKT7 op=0x43 cnt=3
[TU_TRACE] PKT7 op=0x38 cnt=7
[TU_TRACE] PKT4 reg=0xab30 cnt=8
[TU_TRACE] PKT7 op=0x43 cnt=3
[TU_TRACE] PKT7 op=0x38 cnt=7
[TU_TRACE] PKT4 reg=0xab30 cnt=8
[TU_TRACE] PKT7 op=0x43 cnt=3
[TU_TRACE] PKT7 op=0x38 cnt=7
[TU_TRACE] PKT4 reg=0xab30 cnt=8
[TU_TRACE] PKT7 op=0x43 cnt=3
[TU_TRACE] PKT7 op=0x38 cnt=7
[TU_TRACE] PKT4 reg=0xab30 cnt=8
[TU_TRACE] PKT7 op=0x43 cnt=3
[TU_TRACE] PKT7 op=0x38 cnt=7
[TU_TRACE] PKT4 reg=0xab30 cnt=8
[TU_TRACE] PKT7 op=0x43 cnt=3
[TU_TRACE] PKT7 op=0x38 cnt=7
[TU_TRACE] PKT4 reg=0xab30 cnt=8
[TU_TRACE] PKT7 op=0x43 cnt=3
[TU_TRACE] PKT7 op=0x38 cnt=7
[TU_TRACE] PKT4 reg=0xab30 cnt=8
[TU_TRACE] PKT7 op=0x43 cnt=3
[TU_TRACE] PKT7 op=0x38 cnt=7
[TU_TRACE] PKT4 reg=0xab30 cnt=8
[TU_TRACE] PKT7 op=0x43 cnt=3
[TU_TRACE] PKT7 op=0x38 cnt=7
[TU_TRACE] PKT4 reg=0xa00e cnt=2
[TU_TRACE] PKT4 reg=0x9b01 cnt=1
[TU_TRACE] PKT4 reg=0x930f cnt=1
[TU_TRACE] PKT4 reg=0x9b12 cnt=1
[TU_TRACE] PKT4 reg=0x8212 cnt=1
[TU_TRACE] PKT4 reg=0x810b cnt=1
[TU_TRACE] PKT4 reg=0x8898 cnt=1
[TU_TRACE] PKT4 reg=0x8089 cnt=1
[TU_TRACE] PKT4 reg=0x8870 cnt=1
[TU_TRACE] PKT4 reg=0xab30 cnt=8
[TU_TRACE] PKT4 reg=0xab1f cnt=1
[TU_TRACE] PKT7 op=0x43 cnt=90
[TU_TRACE] PKT7 op=0x38 cnt=7
[TU_TRACE] PKT4 reg=0xab30 cnt=8
[TU_TRACE] PKT7 op=0x43 cnt=3
[TU_TRACE] PKT7 op=0x38 cnt=7
[TU_TRACE] PKT4 reg=0xab30 cnt=8
[TU_TRACE] PKT7 op=0x43 cnt=3
[TU_TRACE] PKT7 op=0x38 cnt=7
[TU_TRACE] PKT4 reg=0xab30 cnt=8
[TU_TRACE] PKT7 op=0x43 cnt=3
[TU_TRACE] PKT7 op=0x38 cnt=7
[TU_TRACE] PKT4 reg=0xab30 cnt=8
[TU_TRACE] PKT7 op=0x43 cnt=3
[TU_TRACE] PKT7 op=0x38 cnt=7
[TU_TRACE] PKT4 reg=0xab30 cnt=8
[TU_TRACE] PKT7 op=0x43 cnt=3
[TU_TRACE] PKT7 op=0x38 cnt=7
[TU_TRACE] PKT4 reg=0xab30 cnt=8
[TU_TRACE] PKT7 op=0x43 cnt=3
[TU_TRACE] PKT7 op=0x38 cnt=7
[TU_TRACE] PKT4 reg=0xab30 cnt=8
[TU_TRACE] PKT7 op=0x43 cnt=3
[TU_TRACE] PKT7 op=0x38 cnt=7
[TU_TRACE] PKT4 reg=0xab30 cnt=8
[TU_TRACE] PKT7 op=0x43 cnt=3
[TU_TRACE] PKT7 op=0x38 cnt=7
[TU_TRACE] PKT4 reg=0xab30 cnt=8
[TU_TRACE] PKT7 op=0x43 cnt=3
[TU_TRACE] PKT7 op=0x38 cnt=7
[TU_TRACE] PKT4 reg=0xab30 cnt=8
[TU_TRACE] PKT7 op=0x43 cnt=3
[TU_TRACE] PKT7 op=0x38 cnt=7
[TU_TRACE] PKT4 reg=0xab30 cnt=8
[TU_TRACE] PKT7 op=0x43 cnt=3
[TU_TRACE] PKT7 op=0x38 cnt=7
[TU_TRACE] PKT4 reg=0xab30 cnt=8
[TU_TRACE] PKT7 op=0x43 cnt=3
[TU_TRACE] PKT7 op=0x38 cnt=7
[TU_TRACE] PKT4 reg=0xab30 cnt=8
[TU_TRACE] PKT7 op=0x43 cnt=3
[TU_TRACE] PKT7 op=0x38 cnt=7
[TU_TRACE] PKT4 reg=0xab30 cnt=8
[TU_TRACE] PKT7 op=0x43 cnt=3
[TU_TRACE] PKT7 op=0x38 cnt=7
[TU_TRACE] PKT4 reg=0xab30 cnt=8
[TU_TRACE] PKT7 op=0x43 cnt=3
[TU_TRACE] PKT7 op=0x38 cnt=7
[TU_TRACE] PKT4 reg=0xab30 cnt=8
[TU_TRACE] PKT7 op=0x43 cnt=3
[TU_TRACE] PKT7 op=0x38 cnt=7
[TU_TRACE] PKT4 reg=0xab30 cnt=8
[TU_TRACE] PKT7 op=0x43 cnt=3
[TU_TRACE] PKT7 op=0x38 cnt=7
[TU_TRACE] PKT4 reg=0xab30 cnt=8
[TU_TRACE] PKT7 op=0x43 cnt=3
[TU_TRACE] PKT7 op=0x38 cnt=7
[TU_TRACE] PKT4 reg=0xab30 cnt=8
[TU_TRACE] PKT7 op=0x43 cnt=3
[TU_TRACE] PKT7 op=0x38 cnt=7
[TU_TRACE] PKT4 reg=0xa00e cnt=2
[TU_TRACE] PKT4 reg=0x9b01 cnt=1
[TU_TRACE] PKT4 reg=0x930f cnt=1
[TU_TRACE] PKT4 reg=0x9b12 cnt=1
[TU_TRACE] PKT4 reg=0x8212 cnt=1
[TU_TRACE] PKT4 reg=0x810b cnt=1
[TU_TRACE] PKT4 reg=0x8898 cnt=1
[TU_TRACE] PKT4 reg=0x8089 cnt=1
[TU_TRACE] PKT4 reg=0x8870 cnt=1
[TU_TRACE] PKT4 reg=0xab30 cnt=8
[TU_TRACE] PKT4 reg=0xab1f cnt=1
[TU_TRACE] PKT7 op=0x43 cnt=90
[TU_TRACE] PKT7 op=0x38 cnt=7
[TU_TRACE] PKT4 reg=0xab30 cnt=8
[TU_TRACE] PKT7 op=0x43 cnt=3
[TU_TRACE] PKT7 op=0x38 cnt=7
[TU_TRACE] PKT4 reg=0xab30 cnt=8
[TU_TRACE] PKT7 op=0x43 cnt=3
[TU_TRACE] PKT7 op=0x38 cnt=7
[TU_TRACE] PKT4 reg=0xab30 cnt=8
[TU_TRACE] PKT7 op=0x43 cnt=3
[TU_TRACE] PKT7 op=0x38 cnt=7
[TU_TRACE] PKT4 reg=0xab30 cnt=8
[TU_TRACE] PKT7 op=0x43 cnt=3
[TU_TRACE] PKT7 op=0x38 cnt=7
[TU_TRACE] PKT4 reg=0xab30 cnt=8
[TU_TRACE] PKT7 op=0x43 cnt=3
[TU_TRACE] PKT7 op=0x38 cnt=7
[TU_TRACE] PKT4 reg=0xab30 cnt=8
[TU_TRACE] PKT7 op=0x43 cnt=3
[TU_TRACE] PKT7 op=0x38 cnt=7
[TU_TRACE] PKT4 reg=0xab30 cnt=8
[TU_TRACE] PKT7 op=0x43 cnt=3
[TU_TRACE] PKT7 op=0x38 cnt=7
[TU_TRACE] PKT4 reg=0xab30 cnt=8
[TU_TRACE] PKT7 op=0x43 cnt=3
[TU_TRACE] PKT7 op=0x38 cnt=7
[TU_TRACE] PKT4 reg=0xab30 cnt=8
[TU_TRACE] PKT7 op=0x43 cnt=3
[TU_TRACE] PKT7 op=0x38 cnt=7
[TU_TRACE] PKT4 reg=0xab30 cnt=8
[TU_TRACE] PKT7 op=0x43 cnt=3
[TU_TRACE] PKT7 op=0x38 cnt=7
[TU_TRACE] PKT4 reg=0xab30 cnt=8
[TU_TRACE] PKT7 op=0x43 cnt=3
[TU_TRACE] PKT7 op=0x38 cnt=7
[TU_TRACE] PKT4 reg=0xab30 cnt=8
[TU_TRACE] PKT7 op=0x43 cnt=3
[TU_TRACE] PKT7 op=0x38 cnt=7
[TU_TRACE] PKT4 reg=0xab30 cnt=8
[TU_TRACE] PKT7 op=0x43 cnt=3
[TU_TRACE] PKT7 op=0x38 cnt=7
[TU_TRACE] PKT4 reg=0xab30 cnt=8
[TU_TRACE] PKT7 op=0x43 cnt=3
[TU_TRACE] PKT7 op=0x38 cnt=7
[TU_TRACE] PKT4 reg=0xab30 cnt=8
[TU_TRACE] PKT7 op=0x43 cnt=3
[TU_TRACE] PKT7 op=0x38 cnt=7
[TU_TRACE] PKT4 reg=0xab30 cnt=8
[TU_TRACE] PKT7 op=0x43 cnt=3
[TU_TRACE] PKT7 op=0x38 cnt=7
[TU_TRACE] PKT4 reg=0xab30 cnt=8
[TU_TRACE] PKT7 op=0x43 cnt=3
[TU_TRACE] PKT7 op=0x38 cnt=7
[TU_TRACE] PKT4 reg=0xab30 cnt=8
[TU_TRACE] PKT7 op=0x43 cnt=3
[TU_TRACE] PKT7 op=0x38 cnt=7
[TU_TRACE] PKT4 reg=0xab30 cnt=8
[TU_TRACE] PKT7 op=0x43 cnt=3
[TU_TRACE] PKT7 op=0x38 cnt=7
[TU_TRACE] PKT4 reg=0xa00e cnt=2
[TU_TRACE] PKT4 reg=0x9b01 cnt=1
[TU_TRACE] PKT4 reg=0x930f cnt=1
[TU_TRACE] PKT4 reg=0x9b12 cnt=1
[TU_TRACE] PKT4 reg=0x8212 cnt=1
[TU_TRACE] PKT4 reg=0x810b cnt=1
[TU_TRACE] PKT4 reg=0x8898 cnt=1
[TU_TRACE] PKT4 reg=0x8089 cnt=1
[TU_TRACE] PKT4 reg=0x8870 cnt=1
[TU_TRACE] PKT4 reg=0xab30 cnt=8
[TU_TRACE] PKT4 reg=0xab1f cnt=1
[TU_TRACE] PKT7 op=0x43 cnt=90
[TU_TRACE] PKT7 op=0x38 cnt=7
[TU_TRACE] PKT4 reg=0xab30 cnt=8
[TU_TRACE] PKT7 op=0x43 cnt=3
[TU_TRACE] PKT7 op=0x38 cnt=7
[TU_TRACE] PKT4 reg=0xab30 cnt=8
[TU_TRACE] PKT7 op=0x43 cnt=3
[TU_TRACE] PKT7 op=0x38 cnt=7
[TU_TRACE] PKT4 reg=0xab30 cnt=8
[TU_TRACE] PKT7 op=0x43 cnt=3
[TU_TRACE] PKT7 op=0x38 cnt=7
[TU_TRACE] PKT4 reg=0xab30 cnt=8
[TU_TRACE] PKT7 op=0x43 cnt=3
[TU_TRACE] PKT7 op=0x38 cnt=7
[TU_TRACE] PKT4 reg=0xab30 cnt=8
[TU_TRACE] PKT7 op=0x43 cnt=3
[TU_TRACE] PKT7 op=0x38 cnt=7
[TU_TRACE] PKT4 reg=0xab30 cnt=8
[TU_TRACE] PKT7 op=0x43 cnt=3
[TU_TRACE] PKT7 op=0x38 cnt=7
[TU_TRACE] PKT4 reg=0xab30 cnt=8
[TU_TRACE] PKT7 op=0x43 cnt=3
[TU_TRACE] PKT7 op=0x38 cnt=7
[TU_TRACE] PKT4 reg=0xab30 cnt=8
[TU_TRACE] PKT7 op=0x43 cnt=3
[TU_TRACE] PKT7 op=0x38 cnt=7
[TU_TRACE] PKT4 reg=0xab30 cnt=8
[TU_TRACE] PKT7 op=0x43 cnt=3
[TU_TRACE] PKT7 op=0x38 cnt=7
[TU_TRACE] PKT4 reg=0xab30 cnt=8
[TU_TRACE] PKT7 op=0x43 cnt=3
[TU_TRACE] PKT7 op=0x38 cnt=7
[TU_TRACE] PKT4 reg=0xab30 cnt=8
[TU_TRACE] PKT7 op=0x43 cnt=3
[TU_TRACE] PKT7 op=0x38 cnt=7
[TU_TRACE] PKT4 reg=0xab30 cnt=8
[TU_TRACE] PKT7 op=0x43 cnt=3
[TU_TRACE] PKT7 op=0x38 cnt=7
[TU_TRACE] PKT4 reg=0xab30 cnt=8
[TU_TRACE] PKT7 op=0x43 cnt=3
[TU_TRACE] PKT7 op=0x38 cnt=7
[TU_TRACE] PKT4 reg=0xab30 cnt=8
[TU_TRACE] PKT7 op=0x43 cnt=3
[TU_TRACE] PKT7 op=0x38 cnt=7
[TU_TRACE] PKT4 reg=0xab30 cnt=8
[TU_TRACE] PKT7 op=0x43 cnt=3
[TU_TRACE] PKT7 op=0x38 cnt=7
[TU_TRACE] PKT4 reg=0xab30 cnt=8
[TU_TRACE] PKT7 op=0x43 cnt=3
[TU_TRACE] PKT7 op=0x38 cnt=7
[TU_TRACE] PKT4 reg=0xab30 cnt=8
[TU_TRACE] PKT7 op=0x43 cnt=3
[TU_TRACE] PKT7 op=0x38 cnt=7
[TU_TRACE] PKT4 reg=0xab30 cnt=8
[TU_TRACE] PKT7 op=0x43 cnt=3
[TU_TRACE] PKT7 op=0x38 cnt=7
[TU_TRACE] PKT4 reg=0xab30 cnt=8
[TU_TRACE] PKT7 op=0x43 cnt=3
[TU_TRACE] PKT7 op=0x38 cnt=7
[TU_TRACE] PKT7 op=0x65 cnt=1
[TU_TRACE] PKT4 reg=0x88d1 cnt=2
[TU_TRACE] PKT4 reg=0x88df cnt=4
[TU_TRACE] PKT4 reg=0x88d5 cnt=1
[TU_TRACE] PKT4 reg=0x88d0 cnt=1
[TU_TRACE] PKT4 reg=0x88e3 cnt=1
[TU_TRACE] PKT4 reg=0x88d7 cnt=4
[TU_TRACE] PKT4 reg=0x88dc cnt=3
[TU_TRACE] PKT4 reg=0x88d6 cnt=1
[TU_TRACE] PKT7 op=0x46 cnt=1
[TU_TRACE] PKT7 op=0x46 cnt=1
[TU_TRACE] PKT7 op=0x46 cnt=1
[TU_TRACE] PKT7 op=0x46 cnt=1
[TU_TRACE] PKT7 op=0x46 cnt=1
[TU_TRACE] PKT7 op=0x46 cnt=1
[TU_TRACE] PKT7 op=0x46 cnt=1
[TU_TRACE] PKT7 op=0x26 cnt=0
[TU_TRACE] PKT7 op=0x13 cnt=0
[TU_TRACE] PKT4 reg=0x88e5 cnt=1
[TU_TRACE] PKT7 op=0x17 cnt=1
[TU_TRACE] PKT7 op=0x17 cnt=1
[TU_TRACE] PKT4 reg=0x8812 cnt=1
[TU_TRACE] PKT4 reg=0x88e4 cnt=1
[TU_TRACE] PKT7 op=0x17 cnt=1
[TU_TRACE] PKT7 op=0x39 cnt=3
[TU_TRACE] PKT7 op=0x1d cnt=1
[TU_TRACE] PKT4 reg=0x8206 cnt=1
[TU_TRACE] PKT4 reg=0x88f5 cnt=1
[TU_TRACE] PKT4 reg=0x0c38 cnt=1
[TU_TRACE] PKT7 op=0x3e cnt=3
[TU_TRACE] PKT7 op=0x12 cnt=0
[TU_TRACE] PKT7 op=0x13 cnt=0
[TU_TRACE] PKT7 op=0x17 cnt=1
[TU_TRACE] PKT7 op=0x49 cnt=4
[TU_TRACE] PKT7 op=0x39 cnt=3
[TU_TRACE] PKT4 reg=0x8891 cnt=1
[TU_TRACE] PKT7 op=0x46 cnt=3
[TU_TRACE] PKT7 op=0x65 cnt=1
[TU_TRACE] PKT4 reg=0x8231 cnt=1
[TU_TRACE] PKT4 reg=0x8800 cnt=1
[TU_TRACE] PKT4 reg=0x88d3 cnt=1
[TU_TRACE] PKT4 reg=0xa007 cnt=1
[TU_TRACE] PKT4 reg=0x8235 cnt=2
[TU_TRACE] PKT4 reg=0x8507 cnt=2
[TU_TRACE] PKT7 op=0x64 cnt=1
[TU_TRACE] PKT7 op=0x63 cnt=1
[TU_TRACE] PKT4 reg=0x8206 cnt=1
[TU_TRACE] PKT4 reg=0x88f5 cnt=1
[TU_TRACE] PKT7 op=0x3f cnt=3
[TU_TRACE] PKT7 op=0x1d cnt=1
[TU_TRACE] PKT7 op=0x3f cnt=3
[TU_TRACE] PKT7 op=0x26 cnt=0
[TU_TRACE] PKT7 op=0x65 cnt=1
[TU_TRACE] PKT4 reg=0x8212 cnt=1
[TU_TRACE] PKT4 reg=0x810b cnt=1
[TU_TRACE] PKT7 op=0x46 cnt=1
[TU_TRACE] PKT7 op=0x46 cnt=4
[TU_TRACE] PKT7 op=0x46 cnt=1
[TU_TRACE] PKT4 reg=0x8891 cnt=1
[TU_TRACE] PKT7 op=0x46 cnt=3
[TU_TRACE] PKT7 op=0x43 cnt=3
[TU_TRACE] PKT7 op=0x46 cnt=1
[TU_TRACE] PKT7 op=0x46 cnt=1
[TU_TRACE] PKT7 op=0x46 cnt=4
[TU_TRACE] PKT7 op=0x17 cnt=1
[TU_TRACE] PKT7 op=0x46 cnt=1
[TU_TRACE] PKT7 op=0x46 cnt=1
[TU_TRACE] PKT7 op=0x46 cnt=1
[TU_TRACE] PKT7 op=0x46 cnt=1
[TU_TRACE] PKT7 op=0x26 cnt=0
[TU_TRACE] PKT4 reg=0xab1f cnt=1
[TU_TRACE] PKT7 op=0x26 cnt=0
[TU_TRACE] WRITE_REG reg=0x8228 val=0x00000000
[TU_TRACE] PKT4 reg=0x8228 cnt=1
[TU_TRACE] WRITE_REG reg=0x8229 val=0x00000000
[TU_TRACE] PKT4 reg=0x8229 cnt=1
[TU_TRACE] WRITE_REG reg=0x822a val=0x00000000
[TU_TRACE] PKT4 reg=0x822a cnt=1
[TU_TRACE] WRITE_REG reg=0x822b val=0x00000000
[TU_TRACE] PKT4 reg=0x822b cnt=1
[TU_TRACE] WRITE_REG reg=0x822c val=0x00000000
[TU_TRACE] PKT4 reg=0x822c cnt=1
[TU_TRACE] WRITE_REG reg=0x822d val=0x00000000
[TU_TRACE] PKT4 reg=0x822d cnt=1
[TU_TRACE] WRITE_REG reg=0x8818 val=0x00000000
[TU_TRACE] PKT4 reg=0x8818 cnt=1
[TU_TRACE] WRITE_REG reg=0x8819 val=0x00000000
[TU_TRACE] PKT4 reg=0x8819 cnt=1
[TU_TRACE] WRITE_REG reg=0x881a val=0x00000000
[TU_TRACE] PKT4 reg=0x881a cnt=1
[TU_TRACE] WRITE_REG reg=0x881b val=0x00000000
[TU_TRACE] PKT4 reg=0x881b cnt=1
[TU_TRACE] WRITE_REG reg=0x881c val=0x00000000
[TU_TRACE] PKT4 reg=0x881c cnt=1
[TU_TRACE] WRITE_REG reg=0x881d val=0x00000000
[TU_TRACE] PKT4 reg=0x881d cnt=1
[TU_TRACE] WRITE_REG reg=0x881e val=0x00000000
[TU_TRACE] PKT4 reg=0x881e cnt=1
[TU_TRACE] WRITE_REG reg=0x8899 val=0x00000000
[TU_TRACE] PKT4 reg=0x8899 cnt=1
[TU_TRACE] WRITE_REG reg=0x88f1 val=0x00000001
[TU_TRACE] PKT4 reg=0x88f1 cnt=1
[TU_TRACE] WRITE_REG reg=0xab01 val=0x00000000
[TU_TRACE] PKT4 reg=0xab01 cnt=1
[TU_TRACE] WRITE_REG reg=0xab02 val=0x00000000
[TU_TRACE] PKT4 reg=0xab02 cnt=1
[TU_TRACE] WRITE_REG reg=0xab23 val=0x00000000
[TU_TRACE] PKT4 reg=0xab23 cnt=1
[TU_TRACE] WRITE_REG reg=0xb182 val=0x00000004
[TU_TRACE] PKT4 reg=0xb182 cnt=1
[TU_TRACE] WRITE_REG reg=0xb183 val=0x00000000
[TU_TRACE] PKT4 reg=0xb183 cnt=1
[TU_TRACE] WRITE_REG reg=0x980b val=0x00800280
[TU_TRACE] PKT4 reg=0x980b cnt=1
[TU_TRACE] WRITE_REG reg=0x9b00 val=0x00003f00
[TU_TRACE] PKT4 reg=0x9b00 cnt=1
[TU_TRACE] PKT4 reg=0x8130 cnt=1
[TU_TRACE] PKT4 reg=0x8131 cnt=1
[TU_TRACE] WRITE_REG reg=0xae0f val=0x0000003f
[TU_TRACE] PKT4 reg=0xae0f cnt=1
[TU_TRACE] PKT4 reg=0xab09 cnt=1
[TU_TRACE] WRITE_REG reg=0xb182 val=0x00000000
[TU_TRACE] PKT4 reg=0xb182 cnt=1
[TU_TRACE] WRITE_REG reg=0xa9a8 val=0x00000000
[TU_TRACE] PKT4 reg=0xa9a8 cnt=1
[TU_TRACE] PKT4 reg=0xab00 cnt=1
[TU_TRACE] PKT4 reg=0xa009 cnt=1
[TU_TRACE] WRITE_REG reg=0x8811 val=0x00000010
[TU_TRACE] PKT4 reg=0x8811 cnt=1
[TU_TRACE] PKT4 reg=0x8213 cnt=1
[TU_TRACE] WRITE_REG reg=0x8818 val=0x00000000
[TU_TRACE] PKT4 reg=0x8818 cnt=1
[TU_TRACE] PKT4 reg=0x9310 cnt=1
[TU_TRACE] PKT4 reg=0x9312 cnt=1
[TU_TRACE] PKT4 reg=0x9305 cnt=1
[TU_TRACE] WRITE_REG reg=0xb183 val=0x00000000
[TU_TRACE] PKT4 reg=0xb183 cnt=1
[TU_TRACE] PKT4 reg=0x8234 cnt=1
[TU_TRACE] PKT4 reg=0xb309 cnt=1
[TU_TRACE] PKT4 reg=0xa9cb cnt=1
[TU_TRACE] WRITE_REG reg=0xa007 val=0x00000000
[TU_TRACE] PKT4 reg=0xa007 cnt=1
[TU_TRACE] PKT4 reg=0x8864 cnt=1
[TU_TRACE] PKT4 reg=0xaa0c cnt=1
[TU_TRACE] PKT4 reg=0xb302 cnt=2
[TU_TRACE] PKT4 reg=0xb180 cnt=2
[TU_TRACE] PKT4 reg=0x9814 cnt=1
[TU_TRACE] PKT4 reg=0x9815 cnt=1
[TU_TRACE] PKT4 reg=0xa980 cnt=1
[TU_TRACE] PKT4 reg=0xa827 cnt=1
[TU_TRACE] PKT4 reg=0x9313 cnt=1
[TU_TRACE] PKT4 reg=0x8c34 cnt=1
[TU_TRACE] PKT4 reg=0x88e5 cnt=1
[TU_TRACE] PKT7 op=0x43 cnt=3
[TU_TRACE] PKT7 op=0x1b cnt=2
[TU_TRACE] PKT7 op=0x17 cnt=1
[TU_TRACE] PKT7 op=0x55 cnt=3
[TU_TRACE] PKT7 op=0x17 cnt=1
[TU_TRACE] PKT7 op=0x55 cnt=3
[TU_TRACE] PKT7 op=0x17 cnt=1
[TU_TRACE] PKT7 op=0x39 cnt=3
[TU_TRACE] PKT7 op=0x55 cnt=3
[TU_TRACE] PKT7 op=0x55 cnt=3
[TU_TRACE] PKT7 op=0x17 cnt=1
[TU_TRACE] PKT4 reg=0x8212 cnt=1
[TU_TRACE] PKT4 reg=0x810b cnt=1
[TU_TRACE] PKT7 op=0x47 cnt=2
[TU_TRACE] PKT7 op=0x47 cnt=2
[TU_TRACE] PKT4 reg=0x88d1 cnt=2
[TU_TRACE] PKT4 reg=0x88df cnt=4
[TU_TRACE] PKT4 reg=0x88d5 cnt=1
[TU_TRACE] PKT4 reg=0x88d0 cnt=1
[TU_TRACE] PKT4 reg=0x88e3 cnt=1
[TU_TRACE] PKT4 reg=0x88d7 cnt=4
[TU_TRACE] PKT4 reg=0x88dc cnt=3
[TU_TRACE] PKT4 reg=0x88d6 cnt=1
[TU_TRACE] PKT7 op=0x46 cnt=1
[TU_TRACE] PKT7 op=0x46 cnt=1
[TU_TRACE] PKT4 reg=0x8872 cnt=6
[TU_TRACE] PKT4 reg=0x808d cnt=1
[TU_TRACE] PKT4 reg=0x8881 cnt=1
[TU_TRACE] PKT4 reg=0x808e cnt=2
[TU_TRACE] PKT4 reg=0x8092 cnt=1
[TU_TRACE] PKT4 reg=0x8090 cnt=2
[TU_TRACE] PKT7 op=0x46 cnt=1
[TU_TRACE] PKT7 op=0x43 cnt=6
[TU_TRACE] PKT4 reg=0xa010 cnt=3
[TU_TRACE] PKT4 reg=0x9b15 cnt=1
[TU_TRACE] PKT4 reg=0xa00e cnt=2
[TU_TRACE] PKT4 reg=0x9b01 cnt=1
[TU_TRACE] PKT4 reg=0x930f cnt=1
[TU_TRACE] PKT4 reg=0x9b12 cnt=1
[TU_TRACE] PKT4 reg=0x8212 cnt=1
[TU_TRACE] PKT4 reg=0x810b cnt=1
[TU_TRACE] PKT4 reg=0x8898 cnt=1
[TU_TRACE] PKT4 reg=0x8089 cnt=1
[TU_TRACE] PKT4 reg=0x8870 cnt=1
[TU_TRACE] PKT4 reg=0xab30 cnt=8
[TU_TRACE] PKT4 reg=0xab1f cnt=1
[TU_TRACE] PKT7 op=0x43 cnt=90
[TU_TRACE] PKT7 op=0x38 cnt=7
[TU_TRACE] PKT4 reg=0xab30 cnt=8
[TU_TRACE] PKT7 op=0x43 cnt=3
[TU_TRACE] PKT7 op=0x38 cnt=7
[TU_TRACE] PKT4 reg=0xab30 cnt=8
[TU_TRACE] PKT7 op=0x43 cnt=3
[TU_TRACE] PKT7 op=0x38 cnt=7
[TU_TRACE] PKT4 reg=0xab30 cnt=8
[TU_TRACE] PKT7 op=0x43 cnt=3
[TU_TRACE] PKT7 op=0x38 cnt=7
[TU_TRACE] PKT4 reg=0xab30 cnt=8
[TU_TRACE] PKT7 op=0x43 cnt=3
[TU_TRACE] PKT7 op=0x38 cnt=7
[TU_TRACE] PKT4 reg=0xab30 cnt=8
[TU_TRACE] PKT7 op=0x43 cnt=3
[TU_TRACE] PKT7 op=0x38 cnt=7
[TU_TRACE] PKT4 reg=0xab30 cnt=8
[TU_TRACE] PKT7 op=0x43 cnt=3
[TU_TRACE] PKT7 op=0x38 cnt=7
[TU_TRACE] PKT4 reg=0xab30 cnt=8
[TU_TRACE] PKT7 op=0x43 cnt=3
[TU_TRACE] PKT7 op=0x38 cnt=7
[TU_TRACE] PKT4 reg=0xab30 cnt=8
[TU_TRACE] PKT7 op=0x43 cnt=3
[TU_TRACE] PKT7 op=0x38 cnt=7
[TU_TRACE] PKT4 reg=0xab30 cnt=8
[TU_TRACE] PKT7 op=0x43 cnt=3
[TU_TRACE] PKT7 op=0x38 cnt=7
[TU_TRACE] PKT4 reg=0xab30 cnt=8
[TU_TRACE] PKT7 op=0x43 cnt=3
[TU_TRACE] PKT7 op=0x38 cnt=7
[TU_TRACE] PKT4 reg=0xab30 cnt=8
[TU_TRACE] PKT7 op=0x43 cnt=3
[TU_TRACE] PKT7 op=0x38 cnt=7
[TU_TRACE] PKT4 reg=0xab30 cnt=8
[TU_TRACE] PKT7 op=0x43 cnt=3
[TU_TRACE] PKT7 op=0x38 cnt=7
[TU_TRACE] PKT4 reg=0xab30 cnt=8
[TU_TRACE] PKT7 op=0x43 cnt=3
[TU_TRACE] PKT7 op=0x38 cnt=7
[TU_TRACE] PKT4 reg=0xab30 cnt=8
[TU_TRACE] PKT7 op=0x43 cnt=3
[TU_TRACE] PKT7 op=0x38 cnt=7
[TU_TRACE] PKT4 reg=0xab30 cnt=8
[TU_TRACE] PKT7 op=0x43 cnt=3
[TU_TRACE] PKT7 op=0x38 cnt=7
[TU_TRACE] PKT4 reg=0xab30 cnt=8
[TU_TRACE] PKT7 op=0x43 cnt=3
[TU_TRACE] PKT7 op=0x38 cnt=7
[TU_TRACE] PKT4 reg=0xab30 cnt=8
[TU_TRACE] PKT7 op=0x43 cnt=3
[TU_TRACE] PKT7 op=0x38 cnt=7
[TU_TRACE] PKT4 reg=0xab30 cnt=8
[TU_TRACE] PKT7 op=0x43 cnt=3
[TU_TRACE] PKT7 op=0x38 cnt=7
[TU_TRACE] PKT4 reg=0xab30 cnt=8
[TU_TRACE] PKT7 op=0x43 cnt=3
[TU_TRACE] PKT7 op=0x38 cnt=7
[TU_TRACE] PKT4 reg=0xa00e cnt=2
[TU_TRACE] PKT4 reg=0x9b01 cnt=1
[TU_TRACE] PKT4 reg=0x930f cnt=1
[TU_TRACE] PKT4 reg=0x9b12 cnt=1
[TU_TRACE] PKT4 reg=0x8212 cnt=1
[TU_TRACE] PKT4 reg=0x810b cnt=1
[TU_TRACE] PKT4 reg=0x8898 cnt=1
[TU_TRACE] PKT4 reg=0x8089 cnt=1
[TU_TRACE] PKT4 reg=0x8870 cnt=1
[TU_TRACE] PKT4 reg=0xab30 cnt=8
[TU_TRACE] PKT4 reg=0xab1f cnt=1
[TU_TRACE] PKT7 op=0x43 cnt=90
[TU_TRACE] PKT7 op=0x38 cnt=7
[TU_TRACE] PKT4 reg=0xab30 cnt=8
[TU_TRACE] PKT7 op=0x43 cnt=3
[TU_TRACE] PKT7 op=0x38 cnt=7
[TU_TRACE] PKT4 reg=0xab30 cnt=8
[TU_TRACE] PKT7 op=0x43 cnt=3
[TU_TRACE] PKT7 op=0x38 cnt=7
[TU_TRACE] PKT4 reg=0xab30 cnt=8
[TU_TRACE] PKT7 op=0x43 cnt=3
[TU_TRACE] PKT7 op=0x38 cnt=7
[TU_TRACE] PKT4 reg=0xab30 cnt=8
[TU_TRACE] PKT7 op=0x43 cnt=3
[TU_TRACE] PKT7 op=0x38 cnt=7
[TU_TRACE] PKT4 reg=0xab30 cnt=8
[TU_TRACE] PKT7 op=0x43 cnt=3
[TU_TRACE] PKT7 op=0x38 cnt=7
[TU_TRACE] PKT4 reg=0xab30 cnt=8
[TU_TRACE] PKT7 op=0x43 cnt=3
[TU_TRACE] PKT7 op=0x38 cnt=7
[TU_TRACE] PKT4 reg=0xab30 cnt=8
[TU_TRACE] PKT7 op=0x43 cnt=3
[TU_TRACE] PKT7 op=0x38 cnt=7
[TU_TRACE] PKT4 reg=0xab30 cnt=8
[TU_TRACE] PKT7 op=0x43 cnt=3
[TU_TRACE] PKT7 op=0x38 cnt=7
[TU_TRACE] PKT4 reg=0xab30 cnt=8
[TU_TRACE] PKT7 op=0x43 cnt=3
[TU_TRACE] PKT7 op=0x38 cnt=7
[TU_TRACE] PKT4 reg=0xab30 cnt=8
[TU_TRACE] PKT7 op=0x43 cnt=3
[TU_TRACE] PKT7 op=0x38 cnt=7
[TU_TRACE] PKT4 reg=0xab30 cnt=8
[TU_TRACE] PKT7 op=0x43 cnt=3
[TU_TRACE] PKT7 op=0x38 cnt=7
[TU_TRACE] PKT4 reg=0xab30 cnt=8
[TU_TRACE] PKT7 op=0x43 cnt=3
[TU_TRACE] PKT7 op=0x38 cnt=7
[TU_TRACE] PKT4 reg=0xab30 cnt=8
[TU_TRACE] PKT7 op=0x43 cnt=3
[TU_TRACE] PKT7 op=0x38 cnt=7
[TU_TRACE] PKT4 reg=0xab30 cnt=8
[TU_TRACE] PKT7 op=0x43 cnt=3
[TU_TRACE] PKT7 op=0x38 cnt=7
[TU_TRACE] PKT4 reg=0xab30 cnt=8
[TU_TRACE] PKT7 op=0x43 cnt=3
[TU_TRACE] PKT7 op=0x38 cnt=7
[TU_TRACE] PKT4 reg=0xab30 cnt=8
[TU_TRACE] PKT7 op=0x43 cnt=3
[TU_TRACE] PKT7 op=0x38 cnt=7
[TU_TRACE] PKT4 reg=0xab30 cnt=8
[TU_TRACE] PKT7 op=0x43 cnt=3
[TU_TRACE] PKT7 op=0x38 cnt=7
[TU_TRACE] PKT4 reg=0xab30 cnt=8
[TU_TRACE] PKT7 op=0x43 cnt=3
[TU_TRACE] PKT7 op=0x38 cnt=7
[TU_TRACE] PKT4 reg=0xab30 cnt=8
[TU_TRACE] PKT7 op=0x43 cnt=3
[TU_TRACE] PKT7 op=0x38 cnt=7
[TU_TRACE] PKT4 reg=0xa00e cnt=2
[TU_TRACE] PKT4 reg=0x9b01 cnt=1
[TU_TRACE] PKT4 reg=0x930f cnt=1
[TU_TRACE] PKT4 reg=0x9b12 cnt=1
[TU_TRACE] PKT4 reg=0x8212 cnt=1
[TU_TRACE] PKT4 reg=0x810b cnt=1
[TU_TRACE] PKT4 reg=0x8898 cnt=1
[TU_TRACE] PKT4 reg=0x8089 cnt=1
[TU_TRACE] PKT4 reg=0x8870 cnt=1
[TU_TRACE] PKT4 reg=0xab30 cnt=8
[TU_TRACE] PKT4 reg=0xab1f cnt=1
[TU_TRACE] PKT7 op=0x43 cnt=90
[TU_TRACE] PKT7 op=0x38 cnt=7
[TU_TRACE] PKT4 reg=0xab30 cnt=8
[TU_TRACE] PKT7 op=0x43 cnt=3
[TU_TRACE] PKT7 op=0x38 cnt=7
[TU_TRACE] PKT4 reg=0xab30 cnt=8
[TU_TRACE] PKT7 op=0x43 cnt=3
[TU_TRACE] PKT7 op=0x38 cnt=7
[TU_TRACE] PKT4 reg=0xab30 cnt=8
[TU_TRACE] PKT7 op=0x43 cnt=3
[TU_TRACE] PKT7 op=0x38 cnt=7
[TU_TRACE] PKT4 reg=0xab30 cnt=8
[TU_TRACE] PKT7 op=0x43 cnt=3
[TU_TRACE] PKT7 op=0x38 cnt=7
[TU_TRACE] PKT4 reg=0xab30 cnt=8
[TU_TRACE] PKT7 op=0x43 cnt=3
[TU_TRACE] PKT7 op=0x38 cnt=7
[TU_TRACE] PKT4 reg=0xab30 cnt=8
[TU_TRACE] PKT7 op=0x43 cnt=3
[TU_TRACE] PKT7 op=0x38 cnt=7
[TU_TRACE] PKT4 reg=0xab30 cnt=8
[TU_TRACE] PKT7 op=0x43 cnt=3
[TU_TRACE] PKT7 op=0x38 cnt=7
[TU_TRACE] PKT4 reg=0xab30 cnt=8
[TU_TRACE] PKT7 op=0x43 cnt=3
[TU_TRACE] PKT7 op=0x38 cnt=7
[TU_TRACE] PKT4 reg=0xab30 cnt=8
[TU_TRACE] PKT7 op=0x43 cnt=3
[TU_TRACE] PKT7 op=0x38 cnt=7
[TU_TRACE] PKT4 reg=0xab30 cnt=8
[TU_TRACE] PKT7 op=0x43 cnt=3
[TU_TRACE] PKT7 op=0x38 cnt=7
[TU_TRACE] PKT4 reg=0xab30 cnt=8
[TU_TRACE] PKT7 op=0x43 cnt=3
[TU_TRACE] PKT7 op=0x38 cnt=7
[TU_TRACE] PKT4 reg=0xab30 cnt=8
[TU_TRACE] PKT7 op=0x43 cnt=3
[TU_TRACE] PKT7 op=0x38 cnt=7
[TU_TRACE] PKT4 reg=0xab30 cnt=8
[TU_TRACE] PKT7 op=0x43 cnt=3
[TU_TRACE] PKT7 op=0x38 cnt=7
[TU_TRACE] PKT4 reg=0xab30 cnt=8
[TU_TRACE] PKT7 op=0x43 cnt=3
[TU_TRACE] PKT7 op=0x38 cnt=7
[TU_TRACE] PKT4 reg=0xab30 cnt=8
[TU_TRACE] PKT7 op=0x43 cnt=3
[TU_TRACE] PKT7 op=0x38 cnt=7
[TU_TRACE] PKT4 reg=0xab30 cnt=8
[TU_TRACE] PKT7 op=0x43 cnt=3
[TU_TRACE] PKT7 op=0x38 cnt=7
[TU_TRACE] PKT4 reg=0xab30 cnt=8
[TU_TRACE] PKT7 op=0x43 cnt=3
[TU_TRACE] PKT7 op=0x38 cnt=7
[TU_TRACE] PKT4 reg=0xab30 cnt=8
[TU_TRACE] PKT7 op=0x43 cnt=3
[TU_TRACE] PKT7 op=0x38 cnt=7
[TU_TRACE] PKT4 reg=0xab30 cnt=8
[TU_TRACE] PKT7 op=0x43 cnt=3
[TU_TRACE] PKT7 op=0x38 cnt=7
[TU_TRACE] PKT4 reg=0xa00e cnt=2
[TU_TRACE] PKT4 reg=0x9b01 cnt=1
[TU_TRACE] PKT4 reg=0x930f cnt=1
[TU_TRACE] PKT4 reg=0x9b12 cnt=1
[TU_TRACE] PKT4 reg=0x8212 cnt=1
[TU_TRACE] PKT4 reg=0x810b cnt=1
[TU_TRACE] PKT4 reg=0x8898 cnt=1
[TU_TRACE] PKT4 reg=0x8089 cnt=1
[TU_TRACE] PKT4 reg=0x8870 cnt=1
[TU_TRACE] PKT4 reg=0xab30 cnt=8
[TU_TRACE] PKT4 reg=0xab1f cnt=1
[TU_TRACE] PKT7 op=0x43 cnt=90
[TU_TRACE] PKT7 op=0x38 cnt=7
[TU_TRACE] PKT4 reg=0xab30 cnt=8
[TU_TRACE] PKT7 op=0x43 cnt=3
[TU_TRACE] PKT7 op=0x38 cnt=7
[TU_TRACE] PKT4 reg=0xab30 cnt=8
[TU_TRACE] PKT7 op=0x43 cnt=3
[TU_TRACE] PKT7 op=0x38 cnt=7
[TU_TRACE] PKT4 reg=0xab30 cnt=8
[TU_TRACE] PKT7 op=0x43 cnt=3
[TU_TRACE] PKT7 op=0x38 cnt=7
[TU_TRACE] PKT4 reg=0xab30 cnt=8
[TU_TRACE] PKT7 op=0x43 cnt=3
[TU_TRACE] PKT7 op=0x38 cnt=7
[TU_TRACE] PKT4 reg=0xab30 cnt=8
[TU_TRACE] PKT7 op=0x43 cnt=3
[TU_TRACE] PKT7 op=0x38 cnt=7
[TU_TRACE] PKT4 reg=0xab30 cnt=8
[TU_TRACE] PKT7 op=0x43 cnt=3
[TU_TRACE] PKT7 op=0x38 cnt=7
[TU_TRACE] PKT4 reg=0xab30 cnt=8
[TU_TRACE] PKT7 op=0x43 cnt=3
[TU_TRACE] PKT7 op=0x38 cnt=7
[TU_TRACE] PKT4 reg=0xab30 cnt=8
[TU_TRACE] PKT7 op=0x43 cnt=3
[TU_TRACE] PKT7 op=0x38 cnt=7
[TU_TRACE] PKT4 reg=0xab30 cnt=8
[TU_TRACE] PKT7 op=0x43 cnt=3
[TU_TRACE] PKT7 op=0x38 cnt=7
[TU_TRACE] PKT4 reg=0xab30 cnt=8
[TU_TRACE] PKT7 op=0x43 cnt=3
[TU_TRACE] PKT7 op=0x38 cnt=7
[TU_TRACE] PKT4 reg=0xab30 cnt=8
[TU_TRACE] PKT7 op=0x43 cnt=3
[TU_TRACE] PKT7 op=0x38 cnt=7
[TU_TRACE] PKT4 reg=0xab30 cnt=8
[TU_TRACE] PKT7 op=0x43 cnt=3
[TU_TRACE] PKT7 op=0x38 cnt=7
[TU_TRACE] PKT4 reg=0xab30 cnt=8
[TU_TRACE] PKT7 op=0x43 cnt=3
[TU_TRACE] PKT7 op=0x38 cnt=7
[TU_TRACE] PKT4 reg=0xab30 cnt=8
[TU_TRACE] PKT7 op=0x43 cnt=3
[TU_TRACE] PKT7 op=0x38 cnt=7
[TU_TRACE] PKT4 reg=0xab30 cnt=8
[TU_TRACE] PKT7 op=0x43 cnt=3
[TU_TRACE] PKT7 op=0x38 cnt=7
[TU_TRACE] PKT4 reg=0xab30 cnt=8
[TU_TRACE] PKT7 op=0x43 cnt=3
[TU_TRACE] PKT7 op=0x38 cnt=7
[TU_TRACE] PKT4 reg=0xab30 cnt=8
[TU_TRACE] PKT7 op=0x43 cnt=3
[TU_TRACE] PKT7 op=0x38 cnt=7
[TU_TRACE] PKT4 reg=0xab30 cnt=8
[TU_TRACE] PKT7 op=0x43 cnt=3
[TU_TRACE] PKT7 op=0x38 cnt=7
[TU_TRACE] PKT4 reg=0xab30 cnt=8
[TU_TRACE] PKT7 op=0x43 cnt=3
[TU_TRACE] PKT7 op=0x38 cnt=7
[TU_TRACE] PKT4 reg=0xa00e cnt=2
[TU_TRACE] PKT4 reg=0x9b01 cnt=1
[TU_TRACE] PKT4 reg=0x930f cnt=1
[TU_TRACE] PKT4 reg=0x9b12 cnt=1
[TU_TRACE] PKT4 reg=0x8212 cnt=1
[TU_TRACE] PKT4 reg=0x810b cnt=1
[TU_TRACE] PKT4 reg=0x8898 cnt=1
[TU_TRACE] PKT4 reg=0x8089 cnt=1
[TU_TRACE] PKT4 reg=0x8870 cnt=1
[TU_TRACE] PKT4 reg=0xab30 cnt=8
[TU_TRACE] PKT4 reg=0xab1f cnt=1
[TU_TRACE] PKT7 op=0x43 cnt=90
[TU_TRACE] PKT7 op=0x38 cnt=7
[TU_TRACE] PKT4 reg=0xab30 cnt=8
[TU_TRACE] PKT7 op=0x43 cnt=3
[TU_TRACE] PKT7 op=0x38 cnt=7
[TU_TRACE] PKT4 reg=0xab30 cnt=8
[TU_TRACE] PKT7 op=0x43 cnt=3
[TU_TRACE] PKT7 op=0x38 cnt=7
[TU_TRACE] PKT4 reg=0xab30 cnt=8
[TU_TRACE] PKT7 op=0x43 cnt=3
[TU_TRACE] PKT7 op=0x38 cnt=7
[TU_TRACE] PKT4 reg=0xab30 cnt=8
[TU_TRACE] PKT7 op=0x43 cnt=3
[TU_TRACE] PKT7 op=0x38 cnt=7
[TU_TRACE] PKT4 reg=0xab30 cnt=8
[TU_TRACE] PKT7 op=0x43 cnt=3
[TU_TRACE] PKT7 op=0x38 cnt=7
[TU_TRACE] PKT4 reg=0xab30 cnt=8
[TU_TRACE] PKT7 op=0x43 cnt=3
[TU_TRACE] PKT7 op=0x38 cnt=7
[TU_TRACE] PKT4 reg=0xab30 cnt=8
[TU_TRACE] PKT7 op=0x43 cnt=3
[TU_TRACE] PKT7 op=0x38 cnt=7
[TU_TRACE] PKT4 reg=0xab30 cnt=8
[TU_TRACE] PKT7 op=0x43 cnt=3
[TU_TRACE] PKT7 op=0x38 cnt=7
[TU_TRACE] PKT4 reg=0xab30 cnt=8
[TU_TRACE] PKT7 op=0x43 cnt=3
[TU_TRACE] PKT7 op=0x38 cnt=7
[TU_TRACE] PKT4 reg=0xab30 cnt=8
[TU_TRACE] PKT7 op=0x43 cnt=3
[TU_TRACE] PKT7 op=0x38 cnt=7
[TU_TRACE] PKT4 reg=0xab30 cnt=8
[TU_TRACE] PKT7 op=0x43 cnt=3
[TU_TRACE] PKT7 op=0x38 cnt=7
[TU_TRACE] PKT4 reg=0xab30 cnt=8
[TU_TRACE] PKT7 op=0x43 cnt=3
[TU_TRACE] PKT7 op=0x38 cnt=7
[TU_TRACE] PKT4 reg=0xab30 cnt=8
[TU_TRACE] PKT7 op=0x43 cnt=3
[TU_TRACE] PKT7 op=0x38 cnt=7
[TU_TRACE] PKT4 reg=0xab30 cnt=8
[TU_TRACE] PKT7 op=0x43 cnt=3
[TU_TRACE] PKT7 op=0x38 cnt=7
[TU_TRACE] PKT4 reg=0xab30 cnt=8
[TU_TRACE] PKT7 op=0x43 cnt=3
[TU_TRACE] PKT7 op=0x38 cnt=7
[TU_TRACE] PKT4 reg=0xab30 cnt=8
[TU_TRACE] PKT7 op=0x43 cnt=3
[TU_TRACE] PKT7 op=0x38 cnt=7
[TU_TRACE] PKT4 reg=0xab30 cnt=8
[TU_TRACE] PKT7 op=0x43 cnt=3
[TU_TRACE] PKT7 op=0x38 cnt=7
[TU_TRACE] PKT4 reg=0xab30 cnt=8
[TU_TRACE] PKT7 op=0x43 cnt=3
[TU_TRACE] PKT7 op=0x38 cnt=7
[TU_TRACE] PKT4 reg=0xab30 cnt=8
[TU_TRACE] PKT7 op=0x43 cnt=3
[TU_TRACE] PKT7 op=0x38 cnt=7
[TU_TRACE] PKT7 op=0x65 cnt=1
[TU_TRACE] PKT4 reg=0x88d1 cnt=2
[TU_TRACE] PKT4 reg=0x88df cnt=4
[TU_TRACE] PKT4 reg=0x88d5 cnt=1
[TU_TRACE] PKT4 reg=0x88d0 cnt=1
[TU_TRACE] PKT4 reg=0x88e3 cnt=1
[TU_TRACE] PKT4 reg=0x88d7 cnt=4
[TU_TRACE] PKT4 reg=0x88dc cnt=3
[TU_TRACE] PKT4 reg=0x88d6 cnt=1
[TU_TRACE] PKT7 op=0x46 cnt=1
[TU_TRACE] PKT7 op=0x46 cnt=1
[TU_TRACE] PKT7 op=0x46 cnt=1
[TU_TRACE] PKT7 op=0x46 cnt=1
[TU_TRACE] PKT7 op=0x46 cnt=1
[TU_TRACE] PKT7 op=0x46 cnt=1
[TU_TRACE] PKT7 op=0x46 cnt=1
[TU_TRACE] PKT7 op=0x26 cnt=0
[TU_TRACE] PKT7 op=0x13 cnt=0
[TU_TRACE] PKT4 reg=0x88e5 cnt=1
[TU_TRACE] PKT7 op=0x17 cnt=1
[TU_TRACE] PKT7 op=0x17 cnt=1
[TU_TRACE] PKT4 reg=0x8812 cnt=1
[TU_TRACE] PKT4 reg=0x88e4 cnt=1
[TU_TRACE] PKT7 op=0x17 cnt=1
[TU_TRACE] PKT7 op=0x39 cnt=3
[TU_TRACE] PKT7 op=0x1d cnt=1
[TU_TRACE] PKT4 reg=0x8206 cnt=1
[TU_TRACE] PKT4 reg=0x88f5 cnt=1
[TU_TRACE] PKT4 reg=0x0c38 cnt=1
[TU_TRACE] PKT7 op=0x3e cnt=3
[TU_TRACE] PKT7 op=0x12 cnt=0
[TU_TRACE] PKT7 op=0x13 cnt=0
[TU_TRACE] PKT7 op=0x17 cnt=1
[TU_TRACE] PKT7 op=0x49 cnt=4
[TU_TRACE] PKT7 op=0x39 cnt=3
[TU_TRACE] PKT4 reg=0x8891 cnt=1
[TU_TRACE] PKT7 op=0x46 cnt=3
[TU_TRACE] PKT7 op=0x65 cnt=1
[TU_TRACE] PKT4 reg=0x8231 cnt=1
[TU_TRACE] PKT4 reg=0x8800 cnt=1
[TU_TRACE] PKT4 reg=0x88d3 cnt=1
[TU_TRACE] PKT4 reg=0xa007 cnt=1
[TU_TRACE] PKT4 reg=0x8235 cnt=2
[TU_TRACE] PKT4 reg=0x8507 cnt=2
[TU_TRACE] PKT7 op=0x64 cnt=1
[TU_TRACE] PKT7 op=0x63 cnt=1
[TU_TRACE] PKT4 reg=0x8206 cnt=1
[TU_TRACE] PKT4 reg=0x88f5 cnt=1
[TU_TRACE] PKT7 op=0x3f cnt=3
[TU_TRACE] PKT7 op=0x1d cnt=1
[TU_TRACE] PKT7 op=0x3f cnt=3
[TU_TRACE] PKT7 op=0x26 cnt=0
[TU_TRACE] PKT7 op=0x65 cnt=1
[TU_TRACE] PKT4 reg=0x8212 cnt=1
[TU_TRACE] PKT4 reg=0x810b cnt=1
[TU_TRACE] PKT7 op=0x46 cnt=1
[TU_TRACE] PKT7 op=0x46 cnt=4
[TU_TRACE] PKT7 op=0x46 cnt=1
[TU_TRACE] PKT4 reg=0x8891 cnt=1
[TU_TRACE] PKT7 op=0x46 cnt=3
[TU_TRACE] PKT7 op=0x43 cnt=3
[TU_TRACE] PKT7 op=0x46 cnt=1
[TU_TRACE] PKT7 op=0x46 cnt=1
[TU_TRACE] PKT7 op=0x46 cnt=4
[TU_TRACE] PKT7 op=0x17 cnt=1
[TU_TRACE] PKT7 op=0x46 cnt=1
[TU_TRACE] PKT7 op=0x46 cnt=1
[TU_TRACE] PKT7 op=0x46 cnt=1
[TU_TRACE] PKT7 op=0x46 cnt=1
[TU_TRACE] PKT7 op=0x26 cnt=0
[TU_TRACE] PKT4 reg=0xab1f cnt=1
[TU_TRACE] PKT7 op=0x26 cnt=0
[TU_TRACE] WRITE_REG reg=0x8228 val=0x00000000
[TU_TRACE] PKT4 reg=0x8228 cnt=1
[TU_TRACE] WRITE_REG reg=0x8229 val=0x00000000
[TU_TRACE] PKT4 reg=0x8229 cnt=1
[TU_TRACE] WRITE_REG reg=0x822a val=0x00000000
[TU_TRACE] PKT4 reg=0x822a cnt=1
[TU_TRACE] WRITE_REG reg=0x822b val=0x00000000
[TU_TRACE] PKT4 reg=0x822b cnt=1
[TU_TRACE] WRITE_REG reg=0x822c val=0x00000000
[TU_TRACE] PKT4 reg=0x822c cnt=1
[TU_TRACE] WRITE_REG reg=0x822d val=0x00000000
[TU_TRACE] PKT4 reg=0x822d cnt=1
[TU_TRACE] WRITE_REG reg=0x8818 val=0x00000000
[TU_TRACE] PKT4 reg=0x8818 cnt=1
[TU_TRACE] WRITE_REG reg=0x8819 val=0x00000000
[TU_TRACE] PKT4 reg=0x8819 cnt=1
[TU_TRACE] WRITE_REG reg=0x881a val=0x00000000
[TU_TRACE] PKT4 reg=0x881a cnt=1
[TU_TRACE] WRITE_REG reg=0x881b val=0x00000000
[TU_TRACE] PKT4 reg=0x881b cnt=1
[TU_TRACE] WRITE_REG reg=0x881c val=0x00000000
[TU_TRACE] PKT4 reg=0x881c cnt=1
[TU_TRACE] WRITE_REG reg=0x881d val=0x00000000
[TU_TRACE] PKT4 reg=0x881d cnt=1
[TU_TRACE] WRITE_REG reg=0x881e val=0x00000000
[TU_TRACE] PKT4 reg=0x881e cnt=1
[TU_TRACE] WRITE_REG reg=0x8899 val=0x00000000
[TU_TRACE] PKT4 reg=0x8899 cnt=1
[TU_TRACE] WRITE_REG reg=0x88f1 val=0x00000001
[TU_TRACE] PKT4 reg=0x88f1 cnt=1
[TU_TRACE] WRITE_REG reg=0xab01 val=0x00000000
[TU_TRACE] PKT4 reg=0xab01 cnt=1
[TU_TRACE] WRITE_REG reg=0xab02 val=0x00000000
[TU_TRACE] PKT4 reg=0xab02 cnt=1
[TU_TRACE] WRITE_REG reg=0xab23 val=0x00000000
[TU_TRACE] PKT4 reg=0xab23 cnt=1
[TU_TRACE] WRITE_REG reg=0xb182 val=0x00000004
[TU_TRACE] PKT4 reg=0xb182 cnt=1
[TU_TRACE] WRITE_REG reg=0xb183 val=0x00000000
[TU_TRACE] PKT4 reg=0xb183 cnt=1
[TU_TRACE] WRITE_REG reg=0x980b val=0x00800280
[TU_TRACE] PKT4 reg=0x980b cnt=1
[TU_TRACE] WRITE_REG reg=0x9b00 val=0x00003f00
[TU_TRACE] PKT4 reg=0x9b00 cnt=1
[TU_TRACE] PKT4 reg=0x8130 cnt=1
[TU_TRACE] PKT4 reg=0x8131 cnt=1
[TU_TRACE] WRITE_REG reg=0xae0f val=0x0000003f
[TU_TRACE] PKT4 reg=0xae0f cnt=1
[TU_TRACE] PKT4 reg=0xab09 cnt=1
[TU_TRACE] WRITE_REG reg=0xb182 val=0x00000000
[TU_TRACE] PKT4 reg=0xb182 cnt=1
[TU_TRACE] WRITE_REG reg=0xa9a8 val=0x00000000
[TU_TRACE] PKT4 reg=0xa9a8 cnt=1
[TU_TRACE] PKT4 reg=0xab00 cnt=1
[TU_TRACE] PKT4 reg=0xa009 cnt=1
[TU_TRACE] WRITE_REG reg=0x8811 val=0x00000010
[TU_TRACE] PKT4 reg=0x8811 cnt=1
[TU_TRACE] PKT4 reg=0x8213 cnt=1
[TU_TRACE] WRITE_REG reg=0x8818 val=0x00000000
[TU_TRACE] PKT4 reg=0x8818 cnt=1
[TU_TRACE] PKT4 reg=0x9310 cnt=1
[TU_TRACE] PKT4 reg=0x9312 cnt=1
[TU_TRACE] PKT4 reg=0x9305 cnt=1
[TU_TRACE] WRITE_REG reg=0xb183 val=0x00000000
[TU_TRACE] PKT4 reg=0xb183 cnt=1
[TU_TRACE] PKT4 reg=0x8234 cnt=1
[TU_TRACE] PKT4 reg=0xb309 cnt=1
[TU_TRACE] PKT4 reg=0xa9cb cnt=1
[TU_TRACE] WRITE_REG reg=0xa007 val=0x00000000
[TU_TRACE] PKT4 reg=0xa007 cnt=1
[TU_TRACE] PKT4 reg=0x8864 cnt=1
[TU_TRACE] PKT4 reg=0xaa0c cnt=1
[TU_TRACE] PKT4 reg=0xb302 cnt=2
[TU_TRACE] PKT4 reg=0xb180 cnt=2
[TU_TRACE] PKT4 reg=0x9814 cnt=1
[TU_TRACE] PKT4 reg=0x9815 cnt=1
[TU_TRACE] PKT4 reg=0xa980 cnt=1
[TU_TRACE] PKT4 reg=0xa827 cnt=1
[TU_TRACE] PKT4 reg=0x9313 cnt=1
[TU_TRACE] PKT4 reg=0x8c34 cnt=1
[TU_TRACE] PKT4 reg=0x88e5 cnt=1
[TU_TRACE] PKT7 op=0x43 cnt=3
[TU_TRACE] PKT7 op=0x1b cnt=2
[TU_TRACE] PKT7 op=0x17 cnt=1
[TU_TRACE] PKT7 op=0x55 cnt=3
[TU_TRACE] PKT7 op=0x17 cnt=1
[TU_TRACE] PKT7 op=0x55 cnt=3
[TU_TRACE] PKT7 op=0x17 cnt=1
[TU_TRACE] PKT7 op=0x39 cnt=3
[TU_TRACE] PKT7 op=0x55 cnt=3
[TU_TRACE] PKT7 op=0x55 cnt=3
[TU_TRACE] PKT7 op=0x17 cnt=1
[TU_TRACE] PKT4 reg=0x8212 cnt=1
[TU_TRACE] PKT4 reg=0x810b cnt=1
[TU_TRACE] PKT7 op=0x47 cnt=2
[TU_TRACE] PKT7 op=0x47 cnt=2
[TU_TRACE] PKT4 reg=0x88d1 cnt=2
[TU_TRACE] PKT4 reg=0x88df cnt=4
[TU_TRACE] PKT4 reg=0x88d5 cnt=1
[TU_TRACE] PKT4 reg=0x88d0 cnt=1
[TU_TRACE] PKT4 reg=0x88e3 cnt=1
[TU_TRACE] PKT4 reg=0x88d7 cnt=4
[TU_TRACE] PKT4 reg=0x88dc cnt=3
[TU_TRACE] PKT4 reg=0x88d6 cnt=1
[TU_TRACE] PKT7 op=0x46 cnt=1
[TU_TRACE] PKT7 op=0x46 cnt=1
[TU_TRACE] PKT4 reg=0x8872 cnt=6
[TU_TRACE] PKT4 reg=0x808d cnt=1
[TU_TRACE] PKT4 reg=0x8881 cnt=1
[TU_TRACE] PKT4 reg=0x808e cnt=2
[TU_TRACE] PKT4 reg=0x8092 cnt=1
[TU_TRACE] PKT4 reg=0x8090 cnt=2
[TU_TRACE] PKT7 op=0x46 cnt=1
[TU_TRACE] PKT7 op=0x43 cnt=6
[TU_TRACE] PKT4 reg=0xa010 cnt=3
[TU_TRACE] PKT4 reg=0x9b15 cnt=1
[TU_TRACE] PKT4 reg=0xa00e cnt=2
[TU_TRACE] PKT4 reg=0x9b01 cnt=1
[TU_TRACE] PKT4 reg=0x930f cnt=1
[TU_TRACE] PKT4 reg=0x9b12 cnt=1
[TU_TRACE] PKT4 reg=0x8212 cnt=1
[TU_TRACE] PKT4 reg=0x810b cnt=1
[TU_TRACE] PKT4 reg=0x8898 cnt=1
[TU_TRACE] PKT4 reg=0x8089 cnt=1
[TU_TRACE] PKT4 reg=0x8870 cnt=1
[TU_TRACE] PKT4 reg=0xab30 cnt=8
[TU_TRACE] PKT4 reg=0xab1f cnt=1
[TU_TRACE] PKT7 op=0x43 cnt=90
[TU_TRACE] PKT7 op=0x38 cnt=7
[TU_TRACE] PKT4 reg=0xab30 cnt=8
[TU_TRACE] PKT7 op=0x43 cnt=3
[TU_TRACE] PKT7 op=0x38 cnt=7
[TU_TRACE] PKT4 reg=0xab30 cnt=8
[TU_TRACE] PKT7 op=0x43 cnt=3
[TU_TRACE] PKT7 op=0x38 cnt=7
[TU_TRACE] PKT4 reg=0xab30 cnt=8
[TU_TRACE] PKT7 op=0x43 cnt=3
[TU_TRACE] PKT7 op=0x38 cnt=7
[TU_TRACE] PKT4 reg=0xab30 cnt=8
[TU_TRACE] PKT7 op=0x43 cnt=3
[TU_TRACE] PKT7 op=0x38 cnt=7
[TU_TRACE] PKT4 reg=0xab30 cnt=8
[TU_TRACE] PKT7 op=0x43 cnt=3
[TU_TRACE] PKT7 op=0x38 cnt=7
[TU_TRACE] PKT4 reg=0xab30 cnt=8
[TU_TRACE] PKT7 op=0x43 cnt=3
[TU_TRACE] PKT7 op=0x38 cnt=7
[TU_TRACE] PKT4 reg=0xab30 cnt=8
[TU_TRACE] PKT7 op=0x43 cnt=3
[TU_TRACE] PKT7 op=0x38 cnt=7
[TU_TRACE] PKT4 reg=0xab30 cnt=8
[TU_TRACE] PKT7 op=0x43 cnt=3
[TU_TRACE] PKT7 op=0x38 cnt=7
[TU_TRACE] PKT4 reg=0xab30 cnt=8
[TU_TRACE] PKT7 op=0x43 cnt=3
[TU_TRACE] PKT7 op=0x38 cnt=7
[TU_TRACE] PKT4 reg=0xab30 cnt=8
[TU_TRACE] PKT7 op=0x43 cnt=3
[TU_TRACE] PKT7 op=0x38 cnt=7
[TU_TRACE] PKT4 reg=0xab30 cnt=8
[TU_TRACE] PKT7 op=0x43 cnt=3
[TU_TRACE] PKT7 op=0x38 cnt=7
[TU_TRACE] PKT4 reg=0xab30 cnt=8
[TU_TRACE] PKT7 op=0x43 cnt=3
[TU_TRACE] PKT7 op=0x38 cnt=7
[TU_TRACE] PKT4 reg=0xab30 cnt=8
[TU_TRACE] PKT7 op=0x43 cnt=3
[TU_TRACE] PKT7 op=0x38 cnt=7
[TU_TRACE] PKT4 reg=0xab30 cnt=8
[TU_TRACE] PKT7 op=0x43 cnt=3
[TU_TRACE] PKT7 op=0x38 cnt=7
[TU_TRACE] PKT4 reg=0xab30 cnt=8
[TU_TRACE] PKT7 op=0x43 cnt=3
[TU_TRACE] PKT7 op=0x38 cnt=7
[TU_TRACE] PKT4 reg=0xab30 cnt=8
[TU_TRACE] PKT7 op=0x43 cnt=3
[TU_TRACE] PKT7 op=0x38 cnt=7
[TU_TRACE] PKT4 reg=0xab30 cnt=8
[TU_TRACE] PKT7 op=0x43 cnt=3
[TU_TRACE] PKT7 op=0x38 cnt=7
[TU_TRACE] PKT4 reg=0xab30 cnt=8
[TU_TRACE] PKT7 op=0x43 cnt=3
[TU_TRACE] PKT7 op=0x38 cnt=7
[TU_TRACE] PKT4 reg=0xab30 cnt=8
[TU_TRACE] PKT7 op=0x43 cnt=3
[TU_TRACE] PKT7 op=0x38 cnt=7
[TU_TRACE] PKT4 reg=0xa00e cnt=2
[TU_TRACE] PKT4 reg=0x9b01 cnt=1
[TU_TRACE] PKT4 reg=0x930f cnt=1
[TU_TRACE] PKT4 reg=0x9b12 cnt=1
[TU_TRACE] PKT4 reg=0x8212 cnt=1
[TU_TRACE] PKT4 reg=0x810b cnt=1
[TU_TRACE] PKT4 reg=0x8898 cnt=1
[TU_TRACE] PKT4 reg=0x8089 cnt=1
[TU_TRACE] PKT4 reg=0x8870 cnt=1
[TU_TRACE] PKT4 reg=0xab30 cnt=8
[TU_TRACE] PKT4 reg=0xab1f cnt=1
[TU_TRACE] PKT7 op=0x43 cnt=90
[TU_TRACE] PKT7 op=0x38 cnt=7
[TU_TRACE] PKT4 reg=0xab30 cnt=8
[TU_TRACE] PKT7 op=0x43 cnt=3
[TU_TRACE] PKT7 op=0x38 cnt=7
[TU_TRACE] PKT4 reg=0xab30 cnt=8
[TU_TRACE] PKT7 op=0x43 cnt=3
[TU_TRACE] PKT7 op=0x38 cnt=7
[TU_TRACE] PKT4 reg=0xab30 cnt=8
[TU_TRACE] PKT7 op=0x43 cnt=3
[TU_TRACE] PKT7 op=0x38 cnt=7
[TU_TRACE] PKT4 reg=0xab30 cnt=8
[TU_TRACE] PKT7 op=0x43 cnt=3
[TU_TRACE] PKT7 op=0x38 cnt=7
[TU_TRACE] PKT4 reg=0xab30 cnt=8
[TU_TRACE] PKT7 op=0x43 cnt=3
[TU_TRACE] PKT7 op=0x38 cnt=7
[TU_TRACE] PKT4 reg=0xab30 cnt=8
[TU_TRACE] PKT7 op=0x43 cnt=3
[TU_TRACE] PKT7 op=0x38 cnt=7
[TU_TRACE] PKT4 reg=0xab30 cnt=8
[TU_TRACE] PKT7 op=0x43 cnt=3
[TU_TRACE] PKT7 op=0x38 cnt=7
[TU_TRACE] PKT4 reg=0xab30 cnt=8
[TU_TRACE] PKT7 op=0x43 cnt=3
[TU_TRACE] PKT7 op=0x38 cnt=7
[TU_TRACE] PKT4 reg=0xab30 cnt=8
[TU_TRACE] PKT7 op=0x43 cnt=3
[TU_TRACE] PKT7 op=0x38 cnt=7
[TU_TRACE] PKT4 reg=0xab30 cnt=8
[TU_TRACE] PKT7 op=0x43 cnt=3
[TU_TRACE] PKT7 op=0x38 cnt=7
[TU_TRACE] PKT4 reg=0xab30 cnt=8
[TU_TRACE] PKT7 op=0x43 cnt=3
[TU_TRACE] PKT7 op=0x38 cnt=7
[TU_TRACE] PKT4 reg=0xab30 cnt=8
[TU_TRACE] PKT7 op=0x43 cnt=3
[TU_TRACE] PKT7 op=0x38 cnt=7
[TU_TRACE] PKT4 reg=0xab30 cnt=8
[TU_TRACE] PKT7 op=0x43 cnt=3
[TU_TRACE] PKT7 op=0x38 cnt=7
[TU_TRACE] PKT4 reg=0xab30 cnt=8
[TU_TRACE] PKT7 op=0x43 cnt=3
[TU_TRACE] PKT7 op=0x38 cnt=7
[TU_TRACE] PKT4 reg=0xab30 cnt=8
[TU_TRACE] PKT7 op=0x43 cnt=3
[TU_TRACE] PKT7 op=0x38 cnt=7
[TU_TRACE] PKT4 reg=0xab30 cnt=8
[TU_TRACE] PKT7 op=0x43 cnt=3
[TU_TRACE] PKT7 op=0x38 cnt=7
[TU_TRACE] PKT4 reg=0xab30 cnt=8
[TU_TRACE] PKT7 op=0x43 cnt=3
[TU_TRACE] PKT7 op=0x38 cnt=7
[TU_TRACE] PKT4 reg=0xab30 cnt=8
[TU_TRACE] PKT7 op=0x43 cnt=3
[TU_TRACE] PKT7 op=0x38 cnt=7
[TU_TRACE] PKT4 reg=0xab30 cnt=8
[TU_TRACE] PKT7 op=0x43 cnt=3
[TU_TRACE] PKT7 op=0x38 cnt=7
[TU_TRACE] PKT4 reg=0xa00e cnt=2
[TU_TRACE] PKT4 reg=0x9b01 cnt=1
[TU_TRACE] PKT4 reg=0x930f cnt=1
[TU_TRACE] PKT4 reg=0x9b12 cnt=1
[TU_TRACE] PKT4 reg=0x8212 cnt=1
[TU_TRACE] PKT4 reg=0x810b cnt=1
[TU_TRACE] PKT4 reg=0x8898 cnt=1
[TU_TRACE] PKT4 reg=0x8089 cnt=1
[TU_TRACE] PKT4 reg=0x8870 cnt=1
[TU_TRACE] PKT4 reg=0xab30 cnt=8
[TU_TRACE] PKT4 reg=0xab1f cnt=1
[TU_TRACE] PKT7 op=0x43 cnt=90
[TU_TRACE] PKT7 op=0x38 cnt=7
[TU_TRACE] PKT4 reg=0xab30 cnt=8
[TU_TRACE] PKT7 op=0x43 cnt=3
[TU_TRACE] PKT7 op=0x38 cnt=7
[TU_TRACE] PKT4 reg=0xab30 cnt=8
[TU_TRACE] PKT7 op=0x43 cnt=3
[TU_TRACE] PKT7 op=0x38 cnt=7
[TU_TRACE] PKT4 reg=0xab30 cnt=8
[TU_TRACE] PKT7 op=0x43 cnt=3
[TU_TRACE] PKT7 op=0x38 cnt=7
[TU_TRACE] PKT4 reg=0xab30 cnt=8
[TU_TRACE] PKT7 op=0x43 cnt=3
[TU_TRACE] PKT7 op=0x38 cnt=7
[TU_TRACE] PKT4 reg=0xab30 cnt=8
[TU_TRACE] PKT7 op=0x43 cnt=3
[TU_TRACE] PKT7 op=0x38 cnt=7
[TU_TRACE] PKT4 reg=0xab30 cnt=8
[TU_TRACE] PKT7 op=0x43 cnt=3
[TU_TRACE] PKT7 op=0x38 cnt=7
[TU_TRACE] PKT4 reg=0xab30 cnt=8
[TU_TRACE] PKT7 op=0x43 cnt=3
[TU_TRACE] PKT7 op=0x38 cnt=7
[TU_TRACE] PKT4 reg=0xab30 cnt=8
[TU_TRACE] PKT7 op=0x43 cnt=3
[TU_TRACE] PKT7 op=0x38 cnt=7
[TU_TRACE] PKT4 reg=0xab30 cnt=8
[TU_TRACE] PKT7 op=0x43 cnt=3
[TU_TRACE] PKT7 op=0x38 cnt=7
[TU_TRACE] PKT4 reg=0xab30 cnt=8
[TU_TRACE] PKT7 op=0x43 cnt=3
[TU_TRACE] PKT7 op=0x38 cnt=7
[TU_TRACE] PKT4 reg=0xab30 cnt=8
[TU_TRACE] PKT7 op=0x43 cnt=3
[TU_TRACE] PKT7 op=0x38 cnt=7
[TU_TRACE] PKT4 reg=0xab30 cnt=8
[TU_TRACE] PKT7 op=0x43 cnt=3
[TU_TRACE] PKT7 op=0x38 cnt=7
[TU_TRACE] PKT4 reg=0xab30 cnt=8
[TU_TRACE] PKT7 op=0x43 cnt=3
[TU_TRACE] PKT7 op=0x38 cnt=7
[TU_TRACE] PKT4 reg=0xab30 cnt=8
[TU_TRACE] PKT7 op=0x43 cnt=3
[TU_TRACE] PKT7 op=0x38 cnt=7
[TU_TRACE] PKT4 reg=0xab30 cnt=8
[TU_TRACE] PKT7 op=0x43 cnt=3
[TU_TRACE] PKT7 op=0x38 cnt=7
[TU_TRACE] PKT4 reg=0xab30 cnt=8
[TU_TRACE] PKT7 op=0x43 cnt=3
[TU_TRACE] PKT7 op=0x38 cnt=7
[TU_TRACE] PKT4 reg=0xab30 cnt=8
[TU_TRACE] PKT7 op=0x43 cnt=3
[TU_TRACE] PKT7 op=0x38 cnt=7
[TU_TRACE] PKT4 reg=0xab30 cnt=8
[TU_TRACE] PKT7 op=0x43 cnt=3
[TU_TRACE] PKT7 op=0x38 cnt=7
[TU_TRACE] PKT4 reg=0xab30 cnt=8
[TU_TRACE] PKT7 op=0x43 cnt=3
[TU_TRACE] PKT7 op=0x38 cnt=7
[TU_TRACE] PKT4 reg=0xa00e cnt=2
[TU_TRACE] PKT4 reg=0x9b01 cnt=1
[TU_TRACE] PKT4 reg=0x930f cnt=1
[TU_TRACE] PKT4 reg=0x9b12 cnt=1
[TU_TRACE] PKT4 reg=0x8212 cnt=1
[TU_TRACE] PKT4 reg=0x810b cnt=1
[TU_TRACE] PKT4 reg=0x8898 cnt=1
[TU_TRACE] PKT4 reg=0x8089 cnt=1
[TU_TRACE] PKT4 reg=0x8870 cnt=1
[TU_TRACE] PKT4 reg=0xab30 cnt=8
[TU_TRACE] PKT4 reg=0xab1f cnt=1
[TU_TRACE] PKT7 op=0x43 cnt=90
[TU_TRACE] PKT7 op=0x38 cnt=7
[TU_TRACE] PKT4 reg=0xab30 cnt=8
[TU_TRACE] PKT7 op=0x43 cnt=3
[TU_TRACE] PKT7 op=0x38 cnt=7
[TU_TRACE] PKT4 reg=0xab30 cnt=8
[TU_TRACE] PKT7 op=0x43 cnt=3
[TU_TRACE] PKT7 op=0x38 cnt=7
[TU_TRACE] PKT4 reg=0xab30 cnt=8
[TU_TRACE] PKT7 op=0x43 cnt=3
[TU_TRACE] PKT7 op=0x38 cnt=7
[TU_TRACE] PKT4 reg=0xab30 cnt=8
[TU_TRACE] PKT7 op=0x43 cnt=3
[TU_TRACE] PKT7 op=0x38 cnt=7
[TU_TRACE] PKT4 reg=0xab30 cnt=8
[TU_TRACE] PKT7 op=0x43 cnt=3
[TU_TRACE] PKT7 op=0x38 cnt=7
[TU_TRACE] PKT4 reg=0xab30 cnt=8
[TU_TRACE] PKT7 op=0x43 cnt=3
[TU_TRACE] PKT7 op=0x38 cnt=7
[TU_TRACE] PKT4 reg=0xab30 cnt=8
[TU_TRACE] PKT7 op=0x43 cnt=3
[TU_TRACE] PKT7 op=0x38 cnt=7
[TU_TRACE] PKT4 reg=0xab30 cnt=8
[TU_TRACE] PKT7 op=0x43 cnt=3
[TU_TRACE] PKT7 op=0x38 cnt=7
[TU_TRACE] PKT4 reg=0xab30 cnt=8
[TU_TRACE] PKT7 op=0x43 cnt=3
[TU_TRACE] PKT7 op=0x38 cnt=7
[TU_TRACE] PKT4 reg=0xab30 cnt=8
[TU_TRACE] PKT7 op=0x43 cnt=3
[TU_TRACE] PKT7 op=0x38 cnt=7
[TU_TRACE] PKT4 reg=0xab30 cnt=8
[TU_TRACE] PKT7 op=0x43 cnt=3
[TU_TRACE] PKT7 op=0x38 cnt=7
[TU_TRACE] PKT4 reg=0xab30 cnt=8
[TU_TRACE] PKT7 op=0x43 cnt=3
[TU_TRACE] PKT7 op=0x38 cnt=7
[TU_TRACE] PKT4 reg=0xab30 cnt=8
[TU_TRACE] PKT7 op=0x43 cnt=3
[TU_TRACE] PKT7 op=0x38 cnt=7
[TU_TRACE] PKT4 reg=0xab30 cnt=8
[TU_TRACE] PKT7 op=0x43 cnt=3
[TU_TRACE] PKT7 op=0x38 cnt=7
[TU_TRACE] PKT4 reg=0xab30 cnt=8
[TU_TRACE] PKT7 op=0x43 cnt=3
[TU_TRACE] PKT7 op=0x38 cnt=7
[TU_TRACE] PKT4 reg=0xab30 cnt=8
[TU_TRACE] PKT7 op=0x43 cnt=3
[TU_TRACE] PKT7 op=0x38 cnt=7
[TU_TRACE] PKT4 reg=0xab30 cnt=8
[TU_TRACE] PKT7 op=0x43 cnt=3
[TU_TRACE] PKT7 op=0x38 cnt=7
[TU_TRACE] PKT4 reg=0xab30 cnt=8
[TU_TRACE] PKT7 op=0x43 cnt=3
[TU_TRACE] PKT7 op=0x38 cnt=7
[TU_TRACE] PKT4 reg=0xab30 cnt=8
[TU_TRACE] PKT7 op=0x43 cnt=3
[TU_TRACE] PKT7 op=0x38 cnt=7
[TU_TRACE] PKT4 reg=0xa00e cnt=2
[TU_TRACE] PKT4 reg=0x9b01 cnt=1
[TU_TRACE] PKT4 reg=0x930f cnt=1
[TU_TRACE] PKT4 reg=0x9b12 cnt=1
[TU_TRACE] PKT4 reg=0x8212 cnt=1
[TU_TRACE] PKT4 reg=0x810b cnt=1
[TU_TRACE] PKT4 reg=0x8898 cnt=1
[TU_TRACE] PKT4 reg=0x8089 cnt=1
[TU_TRACE] PKT4 reg=0x8870 cnt=1
[TU_TRACE] PKT4 reg=0xab30 cnt=8
[TU_TRACE] PKT4 reg=0xab1f cnt=1
[TU_TRACE] PKT7 op=0x43 cnt=90
[TU_TRACE] PKT7 op=0x38 cnt=7
[TU_TRACE] PKT4 reg=0xab30 cnt=8
[TU_TRACE] PKT7 op=0x43 cnt=3
[TU_TRACE] PKT7 op=0x38 cnt=7
[TU_TRACE] PKT4 reg=0xab30 cnt=8
[TU_TRACE] PKT7 op=0x43 cnt=3
[TU_TRACE] PKT7 op=0x38 cnt=7
[TU_TRACE] PKT4 reg=0xab30 cnt=8
[TU_TRACE] PKT7 op=0x43 cnt=3
[TU_TRACE] PKT7 op=0x38 cnt=7
[TU_TRACE] PKT4 reg=0xab30 cnt=8
[TU_TRACE] PKT7 op=0x43 cnt=3
[TU_TRACE] PKT7 op=0x38 cnt=7
[TU_TRACE] PKT4 reg=0xab30 cnt=8
[TU_TRACE] PKT7 op=0x43 cnt=3
[TU_TRACE] PKT7 op=0x38 cnt=7
[TU_TRACE] PKT4 reg=0xab30 cnt=8
[TU_TRACE] PKT7 op=0x43 cnt=3
[TU_TRACE] PKT7 op=0x38 cnt=7
[TU_TRACE] PKT4 reg=0xab30 cnt=8
[TU_TRACE] PKT7 op=0x43 cnt=3
[TU_TRACE] PKT7 op=0x38 cnt=7
[TU_TRACE] PKT4 reg=0xab30 cnt=8
[TU_TRACE] PKT7 op=0x43 cnt=3
[TU_TRACE] PKT7 op=0x38 cnt=7
[TU_TRACE] PKT4 reg=0xab30 cnt=8
[TU_TRACE] PKT7 op=0x43 cnt=3
[TU_TRACE] PKT7 op=0x38 cnt=7
[TU_TRACE] PKT4 reg=0xab30 cnt=8
[TU_TRACE] PKT7 op=0x43 cnt=3
[TU_TRACE] PKT7 op=0x38 cnt=7
[TU_TRACE] PKT4 reg=0xab30 cnt=8
[TU_TRACE] PKT7 op=0x43 cnt=3
[TU_TRACE] PKT7 op=0x38 cnt=7
[TU_TRACE] PKT4 reg=0xab30 cnt=8
[TU_TRACE] PKT7 op=0x43 cnt=3
[TU_TRACE] PKT7 op=0x38 cnt=7
[TU_TRACE] PKT4 reg=0xab30 cnt=8
[TU_TRACE] PKT7 op=0x43 cnt=3
[TU_TRACE] PKT7 op=0x38 cnt=7
[TU_TRACE] PKT4 reg=0xab30 cnt=8
[TU_TRACE] PKT7 op=0x43 cnt=3
[TU_TRACE] PKT7 op=0x38 cnt=7
[TU_TRACE] PKT4 reg=0xab30 cnt=8
[TU_TRACE] PKT7 op=0x43 cnt=3
[TU_TRACE] PKT7 op=0x38 cnt=7
[TU_TRACE] PKT4 reg=0xab30 cnt=8
[TU_TRACE] PKT7 op=0x43 cnt=3
[TU_TRACE] PKT7 op=0x38 cnt=7
[TU_TRACE] PKT4 reg=0xab30 cnt=8
[TU_TRACE] PKT7 op=0x43 cnt=3
[TU_TRACE] PKT7 op=0x38 cnt=7
[TU_TRACE] PKT4 reg=0xab30 cnt=8
[TU_TRACE] PKT7 op=0x43 cnt=3
[TU_TRACE] PKT7 op=0x38 cnt=7
[TU_TRACE] PKT4 reg=0xab30 cnt=8
[TU_TRACE] PKT7 op=0x43 cnt=3
[TU_TRACE] PKT7 op=0x38 cnt=7
[TU_TRACE] PKT7 op=0x65 cnt=1
[TU_TRACE] PKT4 reg=0x88d1 cnt=2
[TU_TRACE] PKT4 reg=0x88df cnt=4
[TU_TRACE] PKT4 reg=0x88d5 cnt=1
[TU_TRACE] PKT4 reg=0x88d0 cnt=1
[TU_TRACE] PKT4 reg=0x88e3 cnt=1
[TU_TRACE] PKT4 reg=0x88d7 cnt=4
[TU_TRACE] PKT4 reg=0x88dc cnt=3
[TU_TRACE] PKT4 reg=0x88d6 cnt=1
[TU_TRACE] PKT7 op=0x46 cnt=1
[TU_TRACE] PKT7 op=0x46 cnt=1
[TU_TRACE] PKT7 op=0x46 cnt=1
[TU_TRACE] PKT7 op=0x46 cnt=1
[TU_TRACE] PKT7 op=0x46 cnt=1
[TU_TRACE] PKT7 op=0x46 cnt=1
[TU_TRACE] PKT7 op=0x46 cnt=1
[TU_TRACE] PKT7 op=0x26 cnt=0
[TU_TRACE] PKT7 op=0x13 cnt=0
[TU_TRACE] PKT4 reg=0x88e5 cnt=1
[TU_TRACE] PKT7 op=0x17 cnt=1
[TU_TRACE] PKT7 op=0x17 cnt=1
[TU_TRACE] PKT4 reg=0x8812 cnt=1
[TU_TRACE] PKT4 reg=0x88e4 cnt=1
[TU_TRACE] PKT7 op=0x17 cnt=1
[TU_TRACE] PKT7 op=0x39 cnt=3
[TU_TRACE] PKT7 op=0x1d cnt=1
[TU_TRACE] PKT4 reg=0x8206 cnt=1
[TU_TRACE] PKT4 reg=0x88f5 cnt=1
[TU_TRACE] PKT4 reg=0x0c38 cnt=1
[TU_TRACE] PKT7 op=0x3e cnt=3
[TU_TRACE] PKT7 op=0x12 cnt=0
[TU_TRACE] PKT7 op=0x13 cnt=0
[TU_TRACE] PKT7 op=0x17 cnt=1
[TU_TRACE] PKT7 op=0x49 cnt=4
[TU_TRACE] PKT7 op=0x39 cnt=3
[TU_TRACE] PKT4 reg=0x8891 cnt=1
[TU_TRACE] PKT7 op=0x46 cnt=3
[TU_TRACE] PKT7 op=0x65 cnt=1
[TU_TRACE] PKT4 reg=0x8231 cnt=1
[TU_TRACE] PKT4 reg=0x8800 cnt=1
[TU_TRACE] PKT4 reg=0x88d3 cnt=1
[TU_TRACE] PKT4 reg=0xa007 cnt=1
[TU_TRACE] PKT4 reg=0x8235 cnt=2
[TU_TRACE] PKT4 reg=0x8507 cnt=2
[TU_TRACE] PKT7 op=0x64 cnt=1
[TU_TRACE] PKT7 op=0x63 cnt=1
[TU_TRACE] PKT4 reg=0x8206 cnt=1
[TU_TRACE] PKT4 reg=0x88f5 cnt=1
[TU_TRACE] PKT7 op=0x3f cnt=3
[TU_TRACE] PKT7 op=0x1d cnt=1
[TU_TRACE] PKT7 op=0x3f cnt=3
[TU_TRACE] PKT7 op=0x26 cnt=0
[TU_TRACE] PKT7 op=0x65 cnt=1
[TU_TRACE] PKT4 reg=0x8212 cnt=1
[TU_TRACE] PKT4 reg=0x810b cnt=1
[TU_TRACE] PKT7 op=0x46 cnt=1
[TU_TRACE] PKT7 op=0x46 cnt=4
[TU_TRACE] PKT7 op=0x46 cnt=1
[TU_TRACE] PKT4 reg=0x8891 cnt=1
[TU_TRACE] PKT7 op=0x46 cnt=3
[TU_TRACE] PKT7 op=0x43 cnt=3
[TU_TRACE] PKT7 op=0x46 cnt=1
[TU_TRACE] PKT7 op=0x46 cnt=1
[TU_TRACE] PKT7 op=0x46 cnt=4
[TU_TRACE] PKT7 op=0x17 cnt=1
[TU_TRACE] PKT7 op=0x46 cnt=1
[TU_TRACE] PKT7 op=0x46 cnt=1
[TU_TRACE] PKT7 op=0x46 cnt=1
[TU_TRACE] PKT7 op=0x46 cnt=1
[TU_TRACE] PKT7 op=0x26 cnt=0
[TU_TRACE] PKT4 reg=0xab1f cnt=1
[TU_TRACE] PKT7 op=0x26 cnt=0
[TU_TRACE] WRITE_REG reg=0x8228 val=0x00000000
[TU_TRACE] PKT4 reg=0x8228 cnt=1
[TU_TRACE] WRITE_REG reg=0x8229 val=0x00000000
[TU_TRACE] PKT4 reg=0x8229 cnt=1
[TU_TRACE] WRITE_REG reg=0x822a val=0x00000000
[TU_TRACE] PKT4 reg=0x822a cnt=1
[TU_TRACE] WRITE_REG reg=0x822b val=0x00000000
[TU_TRACE] PKT4 reg=0x822b cnt=1
[TU_TRACE] WRITE_REG reg=0x822c val=0x00000000
[TU_TRACE] PKT4 reg=0x822c cnt=1
[TU_TRACE] WRITE_REG reg=0x822d val=0x00000000
[TU_TRACE] PKT4 reg=0x822d cnt=1
[TU_TRACE] WRITE_REG reg=0x8818 val=0x00000000
[TU_TRACE] PKT4 reg=0x8818 cnt=1
[TU_TRACE] WRITE_REG reg=0x8819 val=0x00000000
[TU_TRACE] PKT4 reg=0x8819 cnt=1
[TU_TRACE] WRITE_REG reg=0x881a val=0x00000000
[TU_TRACE] PKT4 reg=0x881a cnt=1
[TU_TRACE] WRITE_REG reg=0x881b val=0x00000000
[TU_TRACE] PKT4 reg=0x881b cnt=1
[TU_TRACE] WRITE_REG reg=0x881c val=0x00000000
[TU_TRACE] PKT4 reg=0x881c cnt=1
[TU_TRACE] WRITE_REG reg=0x881d val=0x00000000
[TU_TRACE] PKT4 reg=0x881d cnt=1
[TU_TRACE] WRITE_REG reg=0x881e val=0x00000000
[TU_TRACE] PKT4 reg=0x881e cnt=1
[TU_TRACE] WRITE_REG reg=0x8899 val=0x00000000
[TU_TRACE] PKT4 reg=0x8899 cnt=1
[TU_TRACE] WRITE_REG reg=0x88f1 val=0x00000001
[TU_TRACE] PKT4 reg=0x88f1 cnt=1
[TU_TRACE] WRITE_REG reg=0xab01 val=0x00000000
[TU_TRACE] PKT4 reg=0xab01 cnt=1
[TU_TRACE] WRITE_REG reg=0xab02 val=0x00000000
[TU_TRACE] PKT4 reg=0xab02 cnt=1
[TU_TRACE] WRITE_REG reg=0xab23 val=0x00000000
[TU_TRACE] PKT4 reg=0xab23 cnt=1
[TU_TRACE] WRITE_REG reg=0xb182 val=0x00000004
[TU_TRACE] PKT4 reg=0xb182 cnt=1
[TU_TRACE] WRITE_REG reg=0xb183 val=0x00000000
[TU_TRACE] PKT4 reg=0xb183 cnt=1
[TU_TRACE] WRITE_REG reg=0x980b val=0x00800280
[TU_TRACE] PKT4 reg=0x980b cnt=1
[TU_TRACE] WRITE_REG reg=0x9b00 val=0x00003f00
[TU_TRACE] PKT4 reg=0x9b00 cnt=1
[TU_TRACE] PKT4 reg=0x8130 cnt=1
[TU_TRACE] PKT4 reg=0x8131 cnt=1
[TU_TRACE] WRITE_REG reg=0xae0f val=0x0000003f
[TU_TRACE] PKT4 reg=0xae0f cnt=1
[TU_TRACE] PKT4 reg=0xab09 cnt=1
[TU_TRACE] WRITE_REG reg=0xb182 val=0x00000000
[TU_TRACE] PKT4 reg=0xb182 cnt=1
[TU_TRACE] WRITE_REG reg=0xa9a8 val=0x00000000
[TU_TRACE] PKT4 reg=0xa9a8 cnt=1
[TU_TRACE] PKT4 reg=0xab00 cnt=1
[TU_TRACE] PKT4 reg=0xa009 cnt=1
[TU_TRACE] WRITE_REG reg=0x8811 val=0x00000010
[TU_TRACE] PKT4 reg=0x8811 cnt=1
[TU_TRACE] PKT4 reg=0x8213 cnt=1
[TU_TRACE] WRITE_REG reg=0x8818 val=0x00000000
[TU_TRACE] PKT4 reg=0x8818 cnt=1
[TU_TRACE] PKT4 reg=0x9310 cnt=1
[TU_TRACE] PKT4 reg=0x9312 cnt=1
[TU_TRACE] PKT4 reg=0x9305 cnt=1
[TU_TRACE] WRITE_REG reg=0xb183 val=0x00000000
[TU_TRACE] PKT4 reg=0xb183 cnt=1
[TU_TRACE] PKT4 reg=0x8234 cnt=1
[TU_TRACE] PKT4 reg=0xb309 cnt=1
[TU_TRACE] PKT4 reg=0xa9cb cnt=1
[TU_TRACE] WRITE_REG reg=0xa007 val=0x00000000
[TU_TRACE] PKT4 reg=0xa007 cnt=1
[TU_TRACE] PKT4 reg=0x8864 cnt=1
[TU_TRACE] PKT4 reg=0xaa0c cnt=1
[TU_TRACE] PKT4 reg=0xb302 cnt=2
[TU_TRACE] PKT4 reg=0xb180 cnt=2
[TU_TRACE] PKT4 reg=0x9814 cnt=1
[TU_TRACE] PKT4 reg=0x9815 cnt=1
[TU_TRACE] PKT4 reg=0xa980 cnt=1
[TU_TRACE] PKT4 reg=0xa827 cnt=1
[TU_TRACE] PKT4 reg=0x9313 cnt=1
[TU_TRACE] PKT4 reg=0x8c34 cnt=1
[TU_TRACE] PKT4 reg=0x88e5 cnt=1
[TU_TRACE] PKT7 op=0x43 cnt=3
[TU_TRACE] PKT7 op=0x1b cnt=2
[TU_TRACE] PKT7 op=0x17 cnt=1
[TU_TRACE] PKT7 op=0x55 cnt=3
[TU_TRACE] PKT7 op=0x17 cnt=1
[TU_TRACE] PKT7 op=0x55 cnt=3
[TU_TRACE] PKT7 op=0x17 cnt=1
[TU_TRACE] PKT7 op=0x39 cnt=3
[TU_TRACE] PKT7 op=0x55 cnt=3
[TU_TRACE] PKT7 op=0x55 cnt=3
[TU_TRACE] PKT7 op=0x17 cnt=1
[TU_TRACE] PKT4 reg=0x8212 cnt=1
[TU_TRACE] PKT4 reg=0x810b cnt=1
[TU_TRACE] PKT7 op=0x47 cnt=2
[TU_TRACE] PKT7 op=0x47 cnt=2
[TU_TRACE] PKT4 reg=0x88d1 cnt=2
[TU_TRACE] PKT4 reg=0x88df cnt=4
[TU_TRACE] PKT4 reg=0x88d5 cnt=1
[TU_TRACE] PKT4 reg=0x88d0 cnt=1
[TU_TRACE] PKT4 reg=0x88e3 cnt=1
[TU_TRACE] PKT4 reg=0x88d7 cnt=4
[TU_TRACE] PKT4 reg=0x88dc cnt=3
[TU_TRACE] PKT4 reg=0x88d6 cnt=1
[TU_TRACE] PKT7 op=0x46 cnt=1
[TU_TRACE] PKT7 op=0x46 cnt=1
[TU_TRACE] PKT4 reg=0x8872 cnt=6
[TU_TRACE] PKT4 reg=0x808d cnt=1
[TU_TRACE] PKT4 reg=0x8881 cnt=1
[TU_TRACE] PKT4 reg=0x808e cnt=2
[TU_TRACE] PKT4 reg=0x8092 cnt=1
[TU_TRACE] PKT4 reg=0x8090 cnt=2
[TU_TRACE] PKT7 op=0x46 cnt=1
[TU_TRACE] PKT7 op=0x43 cnt=6
[TU_TRACE] PKT4 reg=0xa010 cnt=3
[TU_TRACE] PKT4 reg=0x9b15 cnt=1
[TU_TRACE] PKT4 reg=0xa00e cnt=2
[TU_TRACE] PKT4 reg=0x9b01 cnt=1
[TU_TRACE] PKT4 reg=0x930f cnt=1
[TU_TRACE] PKT4 reg=0x9b12 cnt=1
[TU_TRACE] PKT4 reg=0x8212 cnt=1
[TU_TRACE] PKT4 reg=0x810b cnt=1
[TU_TRACE] PKT4 reg=0x8898 cnt=1
[TU_TRACE] PKT4 reg=0x8089 cnt=1
[TU_TRACE] PKT4 reg=0x8870 cnt=1
[TU_TRACE] PKT4 reg=0xab30 cnt=8
[TU_TRACE] PKT4 reg=0xab1f cnt=1
[TU_TRACE] PKT7 op=0x43 cnt=90
[TU_TRACE] PKT7 op=0x38 cnt=7
[TU_TRACE] PKT4 reg=0xab30 cnt=8
[TU_TRACE] PKT7 op=0x43 cnt=3
[TU_TRACE] PKT7 op=0x38 cnt=7
[TU_TRACE] PKT4 reg=0xab30 cnt=8
[TU_TRACE] PKT7 op=0x43 cnt=3
[TU_TRACE] PKT7 op=0x38 cnt=7
[TU_TRACE] PKT4 reg=0xab30 cnt=8
[TU_TRACE] PKT7 op=0x43 cnt=3
[TU_TRACE] PKT7 op=0x38 cnt=7
[TU_TRACE] PKT4 reg=0xab30 cnt=8
[TU_TRACE] PKT7 op=0x43 cnt=3
[TU_TRACE] PKT7 op=0x38 cnt=7
[TU_TRACE] PKT4 reg=0xab30 cnt=8
[TU_TRACE] PKT7 op=0x43 cnt=3
[TU_TRACE] PKT7 op=0x38 cnt=7
[TU_TRACE] PKT4 reg=0xab30 cnt=8
[TU_TRACE] PKT7 op=0x43 cnt=3
[TU_TRACE] PKT7 op=0x38 cnt=7
[TU_TRACE] PKT4 reg=0xab30 cnt=8
[TU_TRACE] PKT7 op=0x43 cnt=3
[TU_TRACE] PKT7 op=0x38 cnt=7
[TU_TRACE] PKT4 reg=0xab30 cnt=8
[TU_TRACE] PKT7 op=0x43 cnt=3
[TU_TRACE] PKT7 op=0x38 cnt=7
[TU_TRACE] PKT4 reg=0xab30 cnt=8
[TU_TRACE] PKT7 op=0x43 cnt=3
[TU_TRACE] PKT7 op=0x38 cnt=7
[TU_TRACE] PKT4 reg=0xab30 cnt=8
[TU_TRACE] PKT7 op=0x43 cnt=3
[TU_TRACE] PKT7 op=0x38 cnt=7
[TU_TRACE] PKT4 reg=0xab30 cnt=8
[TU_TRACE] PKT7 op=0x43 cnt=3
[TU_TRACE] PKT7 op=0x38 cnt=7
[TU_TRACE] PKT4 reg=0xab30 cnt=8
[TU_TRACE] PKT7 op=0x43 cnt=3
[TU_TRACE] PKT7 op=0x38 cnt=7
[TU_TRACE] PKT4 reg=0xab30 cnt=8
[TU_TRACE] PKT7 op=0x43 cnt=3
[TU_TRACE] PKT7 op=0x38 cnt=7
[TU_TRACE] PKT4 reg=0xab30 cnt=8
[TU_TRACE] PKT7 op=0x43 cnt=3
[TU_TRACE] PKT7 op=0x38 cnt=7
[TU_TRACE] PKT4 reg=0xab30 cnt=8
[TU_TRACE] PKT7 op=0x43 cnt=3
[TU_TRACE] PKT7 op=0x38 cnt=7
[TU_TRACE] PKT4 reg=0xab30 cnt=8
[TU_TRACE] PKT7 op=0x43 cnt=3
[TU_TRACE] PKT7 op=0x38 cnt=7
[TU_TRACE] PKT4 reg=0xab30 cnt=8
[TU_TRACE] PKT7 op=0x43 cnt=3
[TU_TRACE] PKT7 op=0x38 cnt=7
[TU_TRACE] PKT4 reg=0xab30 cnt=8
[TU_TRACE] PKT7 op=0x43 cnt=3
[TU_TRACE] PKT7 op=0x38 cnt=7
[TU_TRACE] PKT4 reg=0xab30 cnt=8
[TU_TRACE] PKT7 op=0x43 cnt=3
[TU_TRACE] PKT7 op=0x38 cnt=7
[TU_TRACE] PKT4 reg=0xa00e cnt=2
[TU_TRACE] PKT4 reg=0x9b01 cnt=1
[TU_TRACE] PKT4 reg=0x930f cnt=1
[TU_TRACE] PKT4 reg=0x9b12 cnt=1
[TU_TRACE] PKT4 reg=0x8212 cnt=1
[TU_TRACE] PKT4 reg=0x810b cnt=1
[TU_TRACE] PKT4 reg=0x8898 cnt=1
[TU_TRACE] PKT4 reg=0x8089 cnt=1
[TU_TRACE] PKT4 reg=0x8870 cnt=1
[TU_TRACE] PKT4 reg=0xab30 cnt=8
[TU_TRACE] PKT4 reg=0xab1f cnt=1
[TU_TRACE] PKT7 op=0x43 cnt=90
[TU_TRACE] PKT7 op=0x38 cnt=7
[TU_TRACE] PKT4 reg=0xab30 cnt=8
[TU_TRACE] PKT7 op=0x43 cnt=3
[TU_TRACE] PKT7 op=0x38 cnt=7
[TU_TRACE] PKT4 reg=0xab30 cnt=8
[TU_TRACE] PKT7 op=0x43 cnt=3
[TU_TRACE] PKT7 op=0x38 cnt=7
[TU_TRACE] PKT4 reg=0xab30 cnt=8
[TU_TRACE] PKT7 op=0x43 cnt=3
[TU_TRACE] PKT7 op=0x38 cnt=7
[TU_TRACE] PKT4 reg=0xab30 cnt=8
[TU_TRACE] PKT7 op=0x43 cnt=3
[TU_TRACE] PKT7 op=0x38 cnt=7
[TU_TRACE] PKT4 reg=0xab30 cnt=8
[TU_TRACE] PKT7 op=0x43 cnt=3
[TU_TRACE] PKT7 op=0x38 cnt=7
[TU_TRACE] PKT4 reg=0xab30 cnt=8
[TU_TRACE] PKT7 op=0x43 cnt=3
[TU_TRACE] PKT7 op=0x38 cnt=7
[TU_TRACE] PKT4 reg=0xab30 cnt=8
[TU_TRACE] PKT7 op=0x43 cnt=3
[TU_TRACE] PKT7 op=0x38 cnt=7
[TU_TRACE] PKT4 reg=0xab30 cnt=8
[TU_TRACE] PKT7 op=0x43 cnt=3
[TU_TRACE] PKT7 op=0x38 cnt=7
[TU_TRACE] PKT4 reg=0xab30 cnt=8
[TU_TRACE] PKT7 op=0x43 cnt=3
[TU_TRACE] PKT7 op=0x38 cnt=7
[TU_TRACE] PKT4 reg=0xab30 cnt=8
[TU_TRACE] PKT7 op=0x43 cnt=3
[TU_TRACE] PKT7 op=0x38 cnt=7
[TU_TRACE] PKT4 reg=0xab30 cnt=8
[TU_TRACE] PKT7 op=0x43 cnt=3
[TU_TRACE] PKT7 op=0x38 cnt=7
[TU_TRACE] PKT4 reg=0xab30 cnt=8
[TU_TRACE] PKT7 op=0x43 cnt=3
[TU_TRACE] PKT7 op=0x38 cnt=7
[TU_TRACE] PKT4 reg=0xab30 cnt=8
[TU_TRACE] PKT7 op=0x43 cnt=3
[TU_TRACE] PKT7 op=0x38 cnt=7
[TU_TRACE] PKT4 reg=0xab30 cnt=8
[TU_TRACE] PKT7 op=0x43 cnt=3
[TU_TRACE] PKT7 op=0x38 cnt=7
[TU_TRACE] PKT4 reg=0xab30 cnt=8
[TU_TRACE] PKT7 op=0x43 cnt=3
[TU_TRACE] PKT7 op=0x38 cnt=7
[TU_TRACE] PKT4 reg=0xab30 cnt=8
[TU_TRACE] PKT7 op=0x43 cnt=3
[TU_TRACE] PKT7 op=0x38 cnt=7
[TU_TRACE] PKT4 reg=0xab30 cnt=8
[TU_TRACE] PKT7 op=0x43 cnt=3
[TU_TRACE] PKT7 op=0x38 cnt=7
[TU_TRACE] PKT4 reg=0xab30 cnt=8
[TU_TRACE] PKT7 op=0x43 cnt=3
[TU_TRACE] PKT7 op=0x38 cnt=7
[TU_TRACE] PKT4 reg=0xab30 cnt=8
[TU_TRACE] PKT7 op=0x43 cnt=3
[TU_TRACE] PKT7 op=0x38 cnt=7
[TU_TRACE] PKT4 reg=0xa00e cnt=2
[TU_TRACE] PKT4 reg=0x9b01 cnt=1
[TU_TRACE] PKT4 reg=0x930f cnt=1
[TU_TRACE] PKT4 reg=0x9b12 cnt=1
[TU_TRACE] PKT4 reg=0x8212 cnt=1
[TU_TRACE] PKT4 reg=0x810b cnt=1
[TU_TRACE] PKT4 reg=0x8898 cnt=1
[TU_TRACE] PKT4 reg=0x8089 cnt=1
[TU_TRACE] PKT4 reg=0x8870 cnt=1
[TU_TRACE] PKT4 reg=0xab30 cnt=8
[TU_TRACE] PKT4 reg=0xab1f cnt=1
[TU_TRACE] PKT7 op=0x43 cnt=90
[TU_TRACE] PKT7 op=0x38 cnt=7
[TU_TRACE] PKT4 reg=0xab30 cnt=8
[TU_TRACE] PKT7 op=0x43 cnt=3
[TU_TRACE] PKT7 op=0x38 cnt=7
[TU_TRACE] PKT4 reg=0xab30 cnt=8
[TU_TRACE] PKT7 op=0x43 cnt=3
[TU_TRACE] PKT7 op=0x38 cnt=7
[TU_TRACE] PKT4 reg=0xab30 cnt=8
[TU_TRACE] PKT7 op=0x43 cnt=3
[TU_TRACE] PKT7 op=0x38 cnt=7
[TU_TRACE] PKT4 reg=0xab30 cnt=8
[TU_TRACE] PKT7 op=0x43 cnt=3
[TU_TRACE] PKT7 op=0x38 cnt=7
[TU_TRACE] PKT4 reg=0xab30 cnt=8
[TU_TRACE] PKT7 op=0x43 cnt=3
[TU_TRACE] PKT7 op=0x38 cnt=7
[TU_TRACE] PKT4 reg=0xab30 cnt=8
[TU_TRACE] PKT7 op=0x43 cnt=3
[TU_TRACE] PKT7 op=0x38 cnt=7
[TU_TRACE] PKT4 reg=0xab30 cnt=8
[TU_TRACE] PKT7 op=0x43 cnt=3
[TU_TRACE] PKT7 op=0x38 cnt=7
[TU_TRACE] PKT4 reg=0xab30 cnt=8
[TU_TRACE] PKT7 op=0x43 cnt=3
[TU_TRACE] PKT7 op=0x38 cnt=7
[TU_TRACE] PKT4 reg=0xab30 cnt=8
[TU_TRACE] PKT7 op=0x43 cnt=3
[TU_TRACE] PKT7 op=0x38 cnt=7
[TU_TRACE] PKT4 reg=0xab30 cnt=8
[TU_TRACE] PKT7 op=0x43 cnt=3
[TU_TRACE] PKT7 op=0x38 cnt=7
[TU_TRACE] PKT4 reg=0xab30 cnt=8
[TU_TRACE] PKT7 op=0x43 cnt=3
[TU_TRACE] PKT7 op=0x38 cnt=7
[TU_TRACE] PKT4 reg=0xab30 cnt=8
[TU_TRACE] PKT7 op=0x43 cnt=3
[TU_TRACE] PKT7 op=0x38 cnt=7
[TU_TRACE] PKT4 reg=0xab30 cnt=8
[TU_TRACE] PKT7 op=0x43 cnt=3
[TU_TRACE] PKT7 op=0x38 cnt=7
[TU_TRACE] PKT4 reg=0xab30 cnt=8
[TU_TRACE] PKT7 op=0x43 cnt=3
[TU_TRACE] PKT7 op=0x38 cnt=7
[TU_TRACE] PKT4 reg=0xab30 cnt=8
[TU_TRACE] PKT7 op=0x43 cnt=3
[TU_TRACE] PKT7 op=0x38 cnt=7
[TU_TRACE] PKT4 reg=0xab30 cnt=8
[TU_TRACE] PKT7 op=0x43 cnt=3
[TU_TRACE] PKT7 op=0x38 cnt=7
[TU_TRACE] PKT4 reg=0xab30 cnt=8
[TU_TRACE] PKT7 op=0x43 cnt=3
[TU_TRACE] PKT7 op=0x38 cnt=7
[TU_TRACE] PKT4 reg=0xab30 cnt=8
[TU_TRACE] PKT7 op=0x43 cnt=3
[TU_TRACE] PKT7 op=0x38 cnt=7
[TU_TRACE] PKT4 reg=0xab30 cnt=8
[TU_TRACE] PKT7 op=0x43 cnt=3
[TU_TRACE] PKT7 op=0x38 cnt=7
[TU_TRACE] PKT4 reg=0xa00e cnt=2
[TU_TRACE] PKT4 reg=0x9b01 cnt=1
[TU_TRACE] PKT4 reg=0x930f cnt=1
[TU_TRACE] PKT4 reg=0x9b12 cnt=1
[TU_TRACE] PKT4 reg=0x8212 cnt=1
[TU_TRACE] PKT4 reg=0x810b cnt=1
[TU_TRACE] PKT4 reg=0x8898 cnt=1
[TU_TRACE] PKT4 reg=0x8089 cnt=1
[TU_TRACE] PKT4 reg=0x8870 cnt=1
[TU_TRACE] PKT4 reg=0xab30 cnt=8
[TU_TRACE] PKT4 reg=0xab1f cnt=1
[TU_TRACE] PKT7 op=0x43 cnt=90
[TU_TRACE] PKT7 op=0x38 cnt=7
[TU_TRACE] PKT4 reg=0xab30 cnt=8
[TU_TRACE] PKT7 op=0x43 cnt=3
[TU_TRACE] PKT7 op=0x38 cnt=7
[TU_TRACE] PKT4 reg=0xab30 cnt=8
[TU_TRACE] PKT7 op=0x43 cnt=3
[TU_TRACE] PKT7 op=0x38 cnt=7
[TU_TRACE] PKT4 reg=0xab30 cnt=8
[TU_TRACE] PKT7 op=0x43 cnt=3
[TU_TRACE] PKT7 op=0x38 cnt=7
[TU_TRACE] PKT4 reg=0xab30 cnt=8
[TU_TRACE] PKT7 op=0x43 cnt=3
[TU_TRACE] PKT7 op=0x38 cnt=7
[TU_TRACE] PKT4 reg=0xab30 cnt=8
[TU_TRACE] PKT7 op=0x43 cnt=3
[TU_TRACE] PKT7 op=0x38 cnt=7
[TU_TRACE] PKT4 reg=0xab30 cnt=8
[TU_TRACE] PKT7 op=0x43 cnt=3
[TU_TRACE] PKT7 op=0x38 cnt=7
[TU_TRACE] PKT4 reg=0xab30 cnt=8
[TU_TRACE] PKT7 op=0x43 cnt=3
[TU_TRACE] PKT7 op=0x38 cnt=7
[TU_TRACE] PKT4 reg=0xab30 cnt=8
[TU_TRACE] PKT7 op=0x43 cnt=3
[TU_TRACE] PKT7 op=0x38 cnt=7
[TU_TRACE] PKT4 reg=0xab30 cnt=8
[TU_TRACE] PKT7 op=0x43 cnt=3
[TU_TRACE] PKT7 op=0x38 cnt=7
[TU_TRACE] PKT4 reg=0xab30 cnt=8
[TU_TRACE] PKT7 op=0x43 cnt=3
[TU_TRACE] PKT7 op=0x38 cnt=7
[TU_TRACE] PKT4 reg=0xab30 cnt=8
[TU_TRACE] PKT7 op=0x43 cnt=3
[TU_TRACE] PKT7 op=0x38 cnt=7
[TU_TRACE] PKT4 reg=0xab30 cnt=8
[TU_TRACE] PKT7 op=0x43 cnt=3
[TU_TRACE] PKT7 op=0x38 cnt=7
[TU_TRACE] PKT4 reg=0xab30 cnt=8
[TU_TRACE] PKT7 op=0x43 cnt=3
[TU_TRACE] PKT7 op=0x38 cnt=7
[TU_TRACE] PKT4 reg=0xab30 cnt=8
[TU_TRACE] PKT7 op=0x43 cnt=3
[TU_TRACE] PKT7 op=0x38 cnt=7
[TU_TRACE] PKT4 reg=0xab30 cnt=8
[TU_TRACE] PKT7 op=0x43 cnt=3
[TU_TRACE] PKT7 op=0x38 cnt=7
[TU_TRACE] PKT4 reg=0xab30 cnt=8
[TU_TRACE] PKT7 op=0x43 cnt=3
[TU_TRACE] PKT7 op=0x38 cnt=7
[TU_TRACE] PKT4 reg=0xab30 cnt=8
[TU_TRACE] PKT7 op=0x43 cnt=3
[TU_TRACE] PKT7 op=0x38 cnt=7
[TU_TRACE] PKT4 reg=0xab30 cnt=8
[TU_TRACE] PKT7 op=0x43 cnt=3
[TU_TRACE] PKT7 op=0x38 cnt=7
[TU_TRACE] PKT4 reg=0xab30 cnt=8
[TU_TRACE] PKT7 op=0x43 cnt=3
[TU_TRACE] PKT7 op=0x38 cnt=7
[TU_TRACE] PKT4 reg=0xa00e cnt=2
[TU_TRACE] PKT4 reg=0x9b01 cnt=1
[TU_TRACE] PKT4 reg=0x930f cnt=1
[TU_TRACE] PKT4 reg=0x9b12 cnt=1
[TU_TRACE] PKT4 reg=0x8212 cnt=1
[TU_TRACE] PKT4 reg=0x810b cnt=1
[TU_TRACE] PKT4 reg=0x8898 cnt=1
[TU_TRACE] PKT4 reg=0x8089 cnt=1
[TU_TRACE] PKT4 reg=0x8870 cnt=1
[TU_TRACE] PKT4 reg=0xab30 cnt=8
[TU_TRACE] PKT4 reg=0xab1f cnt=1
[TU_TRACE] PKT7 op=0x43 cnt=90
[TU_TRACE] PKT7 op=0x38 cnt=7
[TU_TRACE] PKT4 reg=0xab30 cnt=8
[TU_TRACE] PKT7 op=0x43 cnt=3
[TU_TRACE] PKT7 op=0x38 cnt=7
[TU_TRACE] PKT4 reg=0xab30 cnt=8
[TU_TRACE] PKT7 op=0x43 cnt=3
[TU_TRACE] PKT7 op=0x38 cnt=7
[TU_TRACE] PKT4 reg=0xab30 cnt=8
[TU_TRACE] PKT7 op=0x43 cnt=3
[TU_TRACE] PKT7 op=0x38 cnt=7
[TU_TRACE] PKT4 reg=0xab30 cnt=8
[TU_TRACE] PKT7 op=0x43 cnt=3
[TU_TRACE] PKT7 op=0x38 cnt=7
[TU_TRACE] PKT4 reg=0xab30 cnt=8
[TU_TRACE] PKT7 op=0x43 cnt=3
[TU_TRACE] PKT7 op=0x38 cnt=7
[TU_TRACE] PKT4 reg=0xab30 cnt=8
[TU_TRACE] PKT7 op=0x43 cnt=3
[TU_TRACE] PKT7 op=0x38 cnt=7
[TU_TRACE] PKT4 reg=0xab30 cnt=8
[TU_TRACE] PKT7 op=0x43 cnt=3
[TU_TRACE] PKT7 op=0x38 cnt=7
[TU_TRACE] PKT4 reg=0xab30 cnt=8
[TU_TRACE] PKT7 op=0x43 cnt=3
[TU_TRACE] PKT7 op=0x38 cnt=7
[TU_TRACE] PKT4 reg=0xab30 cnt=8
[TU_TRACE] PKT7 op=0x43 cnt=3
[TU_TRACE] PKT7 op=0x38 cnt=7
[TU_TRACE] PKT4 reg=0xab30 cnt=8
[TU_TRACE] PKT7 op=0x43 cnt=3
[TU_TRACE] PKT7 op=0x38 cnt=7
[TU_TRACE] PKT4 reg=0xab30 cnt=8
[TU_TRACE] PKT7 op=0x43 cnt=3
[TU_TRACE] PKT7 op=0x38 cnt=7
[TU_TRACE] PKT4 reg=0xab30 cnt=8
[TU_TRACE] PKT7 op=0x43 cnt=3
[TU_TRACE] PKT7 op=0x38 cnt=7
[TU_TRACE] PKT4 reg=0xab30 cnt=8
[TU_TRACE] PKT7 op=0x43 cnt=3
[TU_TRACE] PKT7 op=0x38 cnt=7
[TU_TRACE] PKT4 reg=0xab30 cnt=8
[TU_TRACE] PKT7 op=0x43 cnt=3
[TU_TRACE] PKT7 op=0x38 cnt=7
[TU_TRACE] PKT4 reg=0xab30 cnt=8
[TU_TRACE] PKT7 op=0x43 cnt=3
[TU_TRACE] PKT7 op=0x38 cnt=7
[TU_TRACE] PKT4 reg=0xab30 cnt=8
[TU_TRACE] PKT7 op=0x43 cnt=3
[TU_TRACE] PKT7 op=0x38 cnt=7
[TU_TRACE] PKT4 reg=0xab30 cnt=8
[TU_TRACE] PKT7 op=0x43 cnt=3
[TU_TRACE] PKT7 op=0x38 cnt=7
[TU_TRACE] PKT4 reg=0xab30 cnt=8
[TU_TRACE] PKT7 op=0x43 cnt=3
[TU_TRACE] PKT7 op=0x38 cnt=7
[TU_TRACE] PKT4 reg=0xab30 cnt=8
[TU_TRACE] PKT7 op=0x43 cnt=3
[TU_TRACE] PKT7 op=0x38 cnt=7
[TU_TRACE] PKT7 op=0x65 cnt=1
[TU_TRACE] PKT4 reg=0x88d1 cnt=2
[TU_TRACE] PKT4 reg=0x88df cnt=4
[TU_TRACE] PKT4 reg=0x88d5 cnt=1
[TU_TRACE] PKT4 reg=0x88d0 cnt=1
[TU_TRACE] PKT4 reg=0x88e3 cnt=1
[TU_TRACE] PKT4 reg=0x88d7 cnt=4
[TU_TRACE] PKT4 reg=0x88dc cnt=3
[TU_TRACE] PKT4 reg=0x88d6 cnt=1
[TU_TRACE] PKT7 op=0x46 cnt=1
[TU_TRACE] PKT7 op=0x46 cnt=1
[TU_TRACE] PKT7 op=0x46 cnt=1
[TU_TRACE] PKT7 op=0x46 cnt=1
[TU_TRACE] PKT7 op=0x46 cnt=1
[TU_TRACE] PKT7 op=0x46 cnt=1
[TU_TRACE] PKT7 op=0x46 cnt=1
[TU_TRACE] PKT7 op=0x26 cnt=0
[TU_TRACE] PKT7 op=0x13 cnt=0
[TU_TRACE] PKT4 reg=0x88e5 cnt=1
[TU_TRACE] PKT7 op=0x17 cnt=1
[TU_TRACE] PKT7 op=0x17 cnt=1
[TU_TRACE] PKT4 reg=0x8812 cnt=1
[TU_TRACE] PKT4 reg=0x88e4 cnt=1
[TU_TRACE] PKT7 op=0x17 cnt=1
[TU_TRACE] PKT7 op=0x39 cnt=3
[TU_TRACE] PKT7 op=0x1d cnt=1
[TU_TRACE] PKT4 reg=0x8206 cnt=1
[TU_TRACE] PKT4 reg=0x88f5 cnt=1
[TU_TRACE] PKT4 reg=0x0c38 cnt=1
[TU_TRACE] PKT7 op=0x3e cnt=3
[TU_TRACE] PKT7 op=0x12 cnt=0
[TU_TRACE] PKT7 op=0x13 cnt=0
[TU_TRACE] PKT7 op=0x17 cnt=1
[TU_TRACE] PKT7 op=0x49 cnt=4
[TU_TRACE] PKT7 op=0x39 cnt=3
[TU_TRACE] PKT4 reg=0x8891 cnt=1
[TU_TRACE] PKT7 op=0x46 cnt=3
[TU_TRACE] PKT7 op=0x65 cnt=1
[TU_TRACE] PKT4 reg=0x8231 cnt=1
[TU_TRACE] PKT4 reg=0x8800 cnt=1
[TU_TRACE] PKT4 reg=0x88d3 cnt=1
[TU_TRACE] PKT4 reg=0xa007 cnt=1
[TU_TRACE] PKT4 reg=0x8235 cnt=2
[TU_TRACE] PKT4 reg=0x8507 cnt=2
[TU_TRACE] PKT7 op=0x64 cnt=1
[TU_TRACE] PKT7 op=0x63 cnt=1
[TU_TRACE] PKT4 reg=0x8206 cnt=1
[TU_TRACE] PKT4 reg=0x88f5 cnt=1
[TU_TRACE] PKT7 op=0x3f cnt=3
[TU_TRACE] PKT7 op=0x1d cnt=1
[TU_TRACE] PKT7 op=0x3f cnt=3
[TU_TRACE] PKT7 op=0x26 cnt=0
[TU_TRACE] PKT7 op=0x65 cnt=1
[TU_TRACE] PKT4 reg=0x8212 cnt=1
[TU_TRACE] PKT4 reg=0x810b cnt=1
[TU_TRACE] PKT7 op=0x46 cnt=1
[TU_TRACE] PKT7 op=0x46 cnt=4
[TU_TRACE] PKT7 op=0x46 cnt=1
[TU_TRACE] PKT4 reg=0x8891 cnt=1
[TU_TRACE] PKT7 op=0x46 cnt=3
[TU_TRACE] PKT7 op=0x43 cnt=3
[TU_TRACE] PKT7 op=0x46 cnt=1
[TU_TRACE] PKT7 op=0x46 cnt=1
[TU_TRACE] PKT7 op=0x46 cnt=4
[TU_TRACE] PKT7 op=0x17 cnt=1
[TU_TRACE] PKT7 op=0x46 cnt=1
[TU_TRACE] PKT7 op=0x46 cnt=1
[TU_TRACE] PKT7 op=0x46 cnt=1
[TU_TRACE] PKT7 op=0x46 cnt=1
[TU_TRACE] PKT7 op=0x26 cnt=0
[TU_TRACE] PKT4 reg=0xab1f cnt=1
[TU_TRACE] PKT7 op=0x26 cnt=0
[TU_TRACE] WRITE_REG reg=0x8228 val=0x00000000
[TU_TRACE] PKT4 reg=0x8228 cnt=1
[TU_TRACE] WRITE_REG reg=0x8229 val=0x00000000
[TU_TRACE] PKT4 reg=0x8229 cnt=1
[TU_TRACE] WRITE_REG reg=0x822a val=0x00000000
[TU_TRACE] PKT4 reg=0x822a cnt=1
[TU_TRACE] WRITE_REG reg=0x822b val=0x00000000
[TU_TRACE] PKT4 reg=0x822b cnt=1
[TU_TRACE] WRITE_REG reg=0x822c val=0x00000000
[TU_TRACE] PKT4 reg=0x822c cnt=1
[TU_TRACE] WRITE_REG reg=0x822d val=0x00000000
[TU_TRACE] PKT4 reg=0x822d cnt=1
[TU_TRACE] WRITE_REG reg=0x8818 val=0x00000000
[TU_TRACE] PKT4 reg=0x8818 cnt=1
[TU_TRACE] WRITE_REG reg=0x8819 val=0x00000000
[TU_TRACE] PKT4 reg=0x8819 cnt=1
[TU_TRACE] WRITE_REG reg=0x881a val=0x00000000
[TU_TRACE] PKT4 reg=0x881a cnt=1
[TU_TRACE] WRITE_REG reg=0x881b val=0x00000000
[TU_TRACE] PKT4 reg=0x881b cnt=1
[TU_TRACE] WRITE_REG reg=0x881c val=0x00000000
[TU_TRACE] PKT4 reg=0x881c cnt=1
[TU_TRACE] WRITE_REG reg=0x881d val=0x00000000
[TU_TRACE] PKT4 reg=0x881d cnt=1
[TU_TRACE] WRITE_REG reg=0x881e val=0x00000000
[TU_TRACE] PKT4 reg=0x881e cnt=1
[TU_TRACE] WRITE_REG reg=0x8899 val=0x00000000
[TU_TRACE] PKT4 reg=0x8899 cnt=1
[TU_TRACE] WRITE_REG reg=0x88f1 val=0x00000001
[TU_TRACE] PKT4 reg=0x88f1 cnt=1
[TU_TRACE] WRITE_REG reg=0xab01 val=0x00000000
[TU_TRACE] PKT4 reg=0xab01 cnt=1
[TU_TRACE] WRITE_REG reg=0xab02 val=0x00000000
[TU_TRACE] PKT4 reg=0xab02 cnt=1
[TU_TRACE] WRITE_REG reg=0xab23 val=0x00000000
[TU_TRACE] PKT4 reg=0xab23 cnt=1
[TU_TRACE] WRITE_REG reg=0xb182 val=0x00000004
[TU_TRACE] PKT4 reg=0xb182 cnt=1
[TU_TRACE] WRITE_REG reg=0xb183 val=0x00000000
[TU_TRACE] PKT4 reg=0xb183 cnt=1
[TU_TRACE] WRITE_REG reg=0x980b val=0x00800280
[TU_TRACE] PKT4 reg=0x980b cnt=1
[TU_TRACE] WRITE_REG reg=0x9b00 val=0x00003f00
[TU_TRACE] PKT4 reg=0x9b00 cnt=1
[TU_TRACE] PKT4 reg=0x8130 cnt=1
[TU_TRACE] PKT4 reg=0x8131 cnt=1
[TU_TRACE] WRITE_REG reg=0xae0f val=0x0000003f
[TU_TRACE] PKT4 reg=0xae0f cnt=1
[TU_TRACE] PKT4 reg=0xab09 cnt=1
[TU_TRACE] WRITE_REG reg=0xb182 val=0x00000000
[TU_TRACE] PKT4 reg=0xb182 cnt=1
[TU_TRACE] WRITE_REG reg=0xa9a8 val=0x00000000
[TU_TRACE] PKT4 reg=0xa9a8 cnt=1
[TU_TRACE] PKT4 reg=0xab00 cnt=1
[TU_TRACE] PKT4 reg=0xa009 cnt=1
[TU_TRACE] WRITE_REG reg=0x8811 val=0x00000010
[TU_TRACE] PKT4 reg=0x8811 cnt=1
[TU_TRACE] PKT4 reg=0x8213 cnt=1
[TU_TRACE] WRITE_REG reg=0x8818 val=0x00000000
[TU_TRACE] PKT4 reg=0x8818 cnt=1
[TU_TRACE] PKT4 reg=0x9310 cnt=1
[TU_TRACE] PKT4 reg=0x9312 cnt=1
[TU_TRACE] PKT4 reg=0x9305 cnt=1
[TU_TRACE] WRITE_REG reg=0xb183 val=0x00000000
[TU_TRACE] PKT4 reg=0xb183 cnt=1
[TU_TRACE] PKT4 reg=0x8234 cnt=1
[TU_TRACE] PKT4 reg=0xb309 cnt=1
[TU_TRACE] PKT4 reg=0xa9cb cnt=1
[TU_TRACE] WRITE_REG reg=0xa007 val=0x00000000
[TU_TRACE] PKT4 reg=0xa007 cnt=1
[TU_TRACE] PKT4 reg=0x8864 cnt=1
[TU_TRACE] PKT4 reg=0xaa0c cnt=1
[TU_TRACE] PKT4 reg=0xb302 cnt=2
[TU_TRACE] PKT4 reg=0xb180 cnt=2
[TU_TRACE] PKT4 reg=0x9814 cnt=1
[TU_TRACE] PKT4 reg=0x9815 cnt=1
[TU_TRACE] PKT4 reg=0xa980 cnt=1
[TU_TRACE] PKT4 reg=0xa827 cnt=1
[TU_TRACE] PKT4 reg=0x9313 cnt=1
[TU_TRACE] PKT4 reg=0x8c34 cnt=1
[TU_TRACE] PKT4 reg=0x88e5 cnt=1
[TU_TRACE] PKT7 op=0x43 cnt=3
[TU_TRACE] PKT7 op=0x1b cnt=2
[TU_TRACE] PKT7 op=0x17 cnt=1
[TU_TRACE] PKT7 op=0x55 cnt=3
[TU_TRACE] PKT7 op=0x17 cnt=1
[TU_TRACE] PKT7 op=0x55 cnt=3
[TU_TRACE] PKT7 op=0x17 cnt=1
[TU_TRACE] PKT7 op=0x39 cnt=3
[TU_TRACE] PKT7 op=0x55 cnt=3
[TU_TRACE] PKT7 op=0x55 cnt=3
[TU_TRACE] PKT7 op=0x17 cnt=1
[TU_TRACE] PKT4 reg=0x8212 cnt=1
[TU_TRACE] PKT4 reg=0x810b cnt=1
[TU_TRACE] PKT7 op=0x47 cnt=2
[TU_TRACE] PKT7 op=0x47 cnt=2
[TU_TRACE] PKT4 reg=0x88d1 cnt=2
[TU_TRACE] PKT4 reg=0x88df cnt=4
[TU_TRACE] PKT4 reg=0x88d5 cnt=1
[TU_TRACE] PKT4 reg=0x88d0 cnt=1
[TU_TRACE] PKT4 reg=0x88e3 cnt=1
[TU_TRACE] PKT4 reg=0x88d7 cnt=4
[TU_TRACE] PKT4 reg=0x88dc cnt=3
[TU_TRACE] PKT4 reg=0x88d6 cnt=1
[TU_TRACE] PKT7 op=0x46 cnt=1
[TU_TRACE] PKT7 op=0x46 cnt=1
[TU_TRACE] PKT4 reg=0x8872 cnt=6
[TU_TRACE] PKT4 reg=0x808d cnt=1
[TU_TRACE] PKT4 reg=0x8881 cnt=1
[TU_TRACE] PKT4 reg=0x808e cnt=2
[TU_TRACE] PKT4 reg=0x8092 cnt=1
[TU_TRACE] PKT4 reg=0x8090 cnt=2
[TU_TRACE] PKT7 op=0x46 cnt=1
[TU_TRACE] PKT7 op=0x43 cnt=6
[TU_TRACE] PKT4 reg=0xa010 cnt=3
[TU_TRACE] PKT4 reg=0x9b15 cnt=1
[TU_TRACE] PKT4 reg=0xa00e cnt=2
[TU_TRACE] PKT4 reg=0x9b01 cnt=1
[TU_TRACE] PKT4 reg=0x930f cnt=1
[TU_TRACE] PKT4 reg=0x9b12 cnt=1
[TU_TRACE] PKT4 reg=0x8212 cnt=1
[TU_TRACE] PKT4 reg=0x810b cnt=1
[TU_TRACE] PKT4 reg=0x8898 cnt=1
[TU_TRACE] PKT4 reg=0x8089 cnt=1
[TU_TRACE] PKT4 reg=0x8870 cnt=1
[TU_TRACE] PKT4 reg=0xab30 cnt=8
[TU_TRACE] PKT4 reg=0xab1f cnt=1
[TU_TRACE] PKT7 op=0x43 cnt=90
[TU_TRACE] PKT7 op=0x38 cnt=7
[TU_TRACE] PKT4 reg=0xab30 cnt=8
[TU_TRACE] PKT7 op=0x43 cnt=3
[TU_TRACE] PKT7 op=0x38 cnt=7
[TU_TRACE] PKT4 reg=0xab30 cnt=8
[TU_TRACE] PKT7 op=0x43 cnt=3
[TU_TRACE] PKT7 op=0x38 cnt=7
[TU_TRACE] PKT4 reg=0xab30 cnt=8
[TU_TRACE] PKT7 op=0x43 cnt=3
[TU_TRACE] PKT7 op=0x38 cnt=7
[TU_TRACE] PKT4 reg=0xab30 cnt=8
[TU_TRACE] PKT7 op=0x43 cnt=3
[TU_TRACE] PKT7 op=0x38 cnt=7
[TU_TRACE] PKT4 reg=0xab30 cnt=8
[TU_TRACE] PKT7 op=0x43 cnt=3
[TU_TRACE] PKT7 op=0x38 cnt=7
[TU_TRACE] PKT4 reg=0xab30 cnt=8
[TU_TRACE] PKT7 op=0x43 cnt=3
[TU_TRACE] PKT7 op=0x38 cnt=7
[TU_TRACE] PKT4 reg=0xab30 cnt=8
[TU_TRACE] PKT7 op=0x43 cnt=3
[TU_TRACE] PKT7 op=0x38 cnt=7
[TU_TRACE] PKT4 reg=0xab30 cnt=8
[TU_TRACE] PKT7 op=0x43 cnt=3
[TU_TRACE] PKT7 op=0x38 cnt=7
[TU_TRACE] PKT4 reg=0xab30 cnt=8
[TU_TRACE] PKT7 op=0x43 cnt=3
[TU_TRACE] PKT7 op=0x38 cnt=7
[TU_TRACE] PKT4 reg=0xab30 cnt=8
[TU_TRACE] PKT7 op=0x43 cnt=3
[TU_TRACE] PKT7 op=0x38 cnt=7
[TU_TRACE] PKT4 reg=0xab30 cnt=8
[TU_TRACE] PKT7 op=0x43 cnt=3
[TU_TRACE] PKT7 op=0x38 cnt=7
[TU_TRACE] PKT4 reg=0xab30 cnt=8
[TU_TRACE] PKT7 op=0x43 cnt=3
[TU_TRACE] PKT7 op=0x38 cnt=7
[TU_TRACE] PKT4 reg=0xab30 cnt=8
[TU_TRACE] PKT7 op=0x43 cnt=3
[TU_TRACE] PKT7 op=0x38 cnt=7
[TU_TRACE] PKT4 reg=0xab30 cnt=8
[TU_TRACE] PKT7 op=0x43 cnt=3
[TU_TRACE] PKT7 op=0x38 cnt=7
[TU_TRACE] PKT4 reg=0xab30 cnt=8
[TU_TRACE] PKT7 op=0x43 cnt=3
[TU_TRACE] PKT7 op=0x38 cnt=7
[TU_TRACE] PKT4 reg=0xab30 cnt=8
[TU_TRACE] PKT7 op=0x43 cnt=3
[TU_TRACE] PKT7 op=0x38 cnt=7
[TU_TRACE] PKT4 reg=0xab30 cnt=8
[TU_TRACE] PKT7 op=0x43 cnt=3
[TU_TRACE] PKT7 op=0x38 cnt=7
[TU_TRACE] PKT4 reg=0xab30 cnt=8
[TU_TRACE] PKT7 op=0x43 cnt=3
[TU_TRACE] PKT7 op=0x38 cnt=7
[TU_TRACE] PKT4 reg=0xab30 cnt=8
[TU_TRACE] PKT7 op=0x43 cnt=3
[TU_TRACE] PKT7 op=0x38 cnt=7
[TU_TRACE] PKT4 reg=0xa00e cnt=2
[TU_TRACE] PKT4 reg=0x9b01 cnt=1
[TU_TRACE] PKT4 reg=0x930f cnt=1
[TU_TRACE] PKT4 reg=0x9b12 cnt=1
[TU_TRACE] PKT4 reg=0x8212 cnt=1
[TU_TRACE] PKT4 reg=0x810b cnt=1
[TU_TRACE] PKT4 reg=0x8898 cnt=1
[TU_TRACE] PKT4 reg=0x8089 cnt=1
[TU_TRACE] PKT4 reg=0x8870 cnt=1
[TU_TRACE] PKT4 reg=0xab30 cnt=8
[TU_TRACE] PKT4 reg=0xab1f cnt=1
[TU_TRACE] PKT7 op=0x43 cnt=90
[TU_TRACE] PKT7 op=0x38 cnt=7
[TU_TRACE] PKT4 reg=0xab30 cnt=8
[TU_TRACE] PKT7 op=0x43 cnt=3
[TU_TRACE] PKT7 op=0x38 cnt=7
[TU_TRACE] PKT4 reg=0xab30 cnt=8
[TU_TRACE] PKT7 op=0x43 cnt=3
[TU_TRACE] PKT7 op=0x38 cnt=7
[TU_TRACE] PKT4 reg=0xab30 cnt=8
[TU_TRACE] PKT7 op=0x43 cnt=3
[TU_TRACE] PKT7 op=0x38 cnt=7
[TU_TRACE] PKT4 reg=0xab30 cnt=8
[TU_TRACE] PKT7 op=0x43 cnt=3
[TU_TRACE] PKT7 op=0x38 cnt=7
[TU_TRACE] PKT4 reg=0xab30 cnt=8
[TU_TRACE] PKT7 op=0x43 cnt=3
[TU_TRACE] PKT7 op=0x38 cnt=7
[TU_TRACE] PKT4 reg=0xab30 cnt=8
[TU_TRACE] PKT7 op=0x43 cnt=3
[TU_TRACE] PKT7 op=0x38 cnt=7
[TU_TRACE] PKT4 reg=0xab30 cnt=8
[TU_TRACE] PKT7 op=0x43 cnt=3
[TU_TRACE] PKT7 op=0x38 cnt=7
[TU_TRACE] PKT4 reg=0xab30 cnt=8
[TU_TRACE] PKT7 op=0x43 cnt=3
[TU_TRACE] PKT7 op=0x38 cnt=7
[TU_TRACE] PKT4 reg=0xab30 cnt=8
[TU_TRACE] PKT7 op=0x43 cnt=3
[TU_TRACE] PKT7 op=0x38 cnt=7
[TU_TRACE] PKT4 reg=0xab30 cnt=8
[TU_TRACE] PKT7 op=0x43 cnt=3
[TU_TRACE] PKT7 op=0x38 cnt=7
[TU_TRACE] PKT4 reg=0xab30 cnt=8
[TU_TRACE] PKT7 op=0x43 cnt=3
[TU_TRACE] PKT7 op=0x38 cnt=7
[TU_TRACE] PKT4 reg=0xab30 cnt=8
[TU_TRACE] PKT7 op=0x43 cnt=3
[TU_TRACE] PKT7 op=0x38 cnt=7
[TU_TRACE] PKT4 reg=0xab30 cnt=8
[TU_TRACE] PKT7 op=0x43 cnt=3
[TU_TRACE] PKT7 op=0x38 cnt=7
[TU_TRACE] PKT4 reg=0xab30 cnt=8
[TU_TRACE] PKT7 op=0x43 cnt=3
[TU_TRACE] PKT7 op=0x38 cnt=7
[TU_TRACE] PKT4 reg=0xab30 cnt=8
[TU_TRACE] PKT7 op=0x43 cnt=3
[TU_TRACE] PKT7 op=0x38 cnt=7
[TU_TRACE] PKT4 reg=0xab30 cnt=8
[TU_TRACE] PKT7 op=0x43 cnt=3
[TU_TRACE] PKT7 op=0x38 cnt=7
[TU_TRACE] PKT4 reg=0xab30 cnt=8
[TU_TRACE] PKT7 op=0x43 cnt=3
[TU_TRACE] PKT7 op=0x38 cnt=7
[TU_TRACE] PKT4 reg=0xab30 cnt=8
[TU_TRACE] PKT7 op=0x43 cnt=3
[TU_TRACE] PKT7 op=0x38 cnt=7
[TU_TRACE] PKT4 reg=0xab30 cnt=8
[TU_TRACE] PKT7 op=0x43 cnt=3
[TU_TRACE] PKT7 op=0x38 cnt=7
[TU_TRACE] PKT4 reg=0xa00e cnt=2
[TU_TRACE] PKT4 reg=0x9b01 cnt=1
[TU_TRACE] PKT4 reg=0x930f cnt=1
[TU_TRACE] PKT4 reg=0x9b12 cnt=1
[TU_TRACE] PKT4 reg=0x8212 cnt=1
[TU_TRACE] PKT4 reg=0x810b cnt=1
[TU_TRACE] PKT4 reg=0x8898 cnt=1
[TU_TRACE] PKT4 reg=0x8089 cnt=1
[TU_TRACE] PKT4 reg=0x8870 cnt=1
[TU_TRACE] PKT4 reg=0xab30 cnt=8
[TU_TRACE] PKT4 reg=0xab1f cnt=1
[TU_TRACE] PKT7 op=0x43 cnt=90
[TU_TRACE] PKT7 op=0x38 cnt=7
[TU_TRACE] PKT4 reg=0xab30 cnt=8
[TU_TRACE] PKT7 op=0x43 cnt=3
[TU_TRACE] PKT7 op=0x38 cnt=7
[TU_TRACE] PKT4 reg=0xab30 cnt=8
[TU_TRACE] PKT7 op=0x43 cnt=3
[TU_TRACE] PKT7 op=0x38 cnt=7
[TU_TRACE] PKT4 reg=0xab30 cnt=8
[TU_TRACE] PKT7 op=0x43 cnt=3
[TU_TRACE] PKT7 op=0x38 cnt=7
[TU_TRACE] PKT4 reg=0xab30 cnt=8
[TU_TRACE] PKT7 op=0x43 cnt=3
[TU_TRACE] PKT7 op=0x38 cnt=7
[TU_TRACE] PKT4 reg=0xab30 cnt=8
[TU_TRACE] PKT7 op=0x43 cnt=3
[TU_TRACE] PKT7 op=0x38 cnt=7
[TU_TRACE] PKT4 reg=0xab30 cnt=8
[TU_TRACE] PKT7 op=0x43 cnt=3
[TU_TRACE] PKT7 op=0x38 cnt=7
[TU_TRACE] PKT4 reg=0xab30 cnt=8
[TU_TRACE] PKT7 op=0x43 cnt=3
[TU_TRACE] PKT7 op=0x38 cnt=7
[TU_TRACE] PKT4 reg=0xab30 cnt=8
[TU_TRACE] PKT7 op=0x43 cnt=3
[TU_TRACE] PKT7 op=0x38 cnt=7
[TU_TRACE] PKT4 reg=0xab30 cnt=8
[TU_TRACE] PKT7 op=0x43 cnt=3
[TU_TRACE] PKT7 op=0x38 cnt=7
[TU_TRACE] PKT4 reg=0xab30 cnt=8
[TU_TRACE] PKT7 op=0x43 cnt=3
[TU_TRACE] PKT7 op=0x38 cnt=7
[TU_TRACE] PKT4 reg=0xab30 cnt=8
[TU_TRACE] PKT7 op=0x43 cnt=3
[TU_TRACE] PKT7 op=0x38 cnt=7
[TU_TRACE] PKT4 reg=0xab30 cnt=8
[TU_TRACE] PKT7 op=0x43 cnt=3
[TU_TRACE] PKT7 op=0x38 cnt=7
[TU_TRACE] PKT4 reg=0xab30 cnt=8
[TU_TRACE] PKT7 op=0x43 cnt=3
[TU_TRACE] PKT7 op=0x38 cnt=7
[TU_TRACE] PKT4 reg=0xab30 cnt=8
[TU_TRACE] PKT7 op=0x43 cnt=3
[TU_TRACE] PKT7 op=0x38 cnt=7
[TU_TRACE] PKT4 reg=0xab30 cnt=8
[TU_TRACE] PKT7 op=0x43 cnt=3
[TU_TRACE] PKT7 op=0x38 cnt=7
[TU_TRACE] PKT4 reg=0xab30 cnt=8
[TU_TRACE] PKT7 op=0x43 cnt=3
[TU_TRACE] PKT7 op=0x38 cnt=7
[TU_TRACE] PKT4 reg=0xab30 cnt=8
[TU_TRACE] PKT7 op=0x43 cnt=3
[TU_TRACE] PKT7 op=0x38 cnt=7
[TU_TRACE] PKT4 reg=0xab30 cnt=8
[TU_TRACE] PKT7 op=0x43 cnt=3
[TU_TRACE] PKT7 op=0x38 cnt=7
[TU_TRACE] PKT4 reg=0xab30 cnt=8
[TU_TRACE] PKT7 op=0x43 cnt=3
[TU_TRACE] PKT7 op=0x38 cnt=7
[TU_TRACE] PKT4 reg=0xa00e cnt=2
[TU_TRACE] PKT4 reg=0x9b01 cnt=1
[TU_TRACE] PKT4 reg=0x930f cnt=1
[TU_TRACE] PKT4 reg=0x9b12 cnt=1
[TU_TRACE] PKT4 reg=0x8212 cnt=1
[TU_TRACE] PKT4 reg=0x810b cnt=1
[TU_TRACE] PKT4 reg=0x8898 cnt=1
[TU_TRACE] PKT4 reg=0x8089 cnt=1
[TU_TRACE] PKT4 reg=0x8870 cnt=1
[TU_TRACE] PKT4 reg=0xab30 cnt=8
[TU_TRACE] PKT4 reg=0xab1f cnt=1
[TU_TRACE] PKT7 op=0x43 cnt=90
[TU_TRACE] PKT7 op=0x38 cnt=7
[TU_TRACE] PKT4 reg=0xab30 cnt=8
[TU_TRACE] PKT7 op=0x43 cnt=3
[TU_TRACE] PKT7 op=0x38 cnt=7
[TU_TRACE] PKT4 reg=0xab30 cnt=8
[TU_TRACE] PKT7 op=0x43 cnt=3
[TU_TRACE] PKT7 op=0x38 cnt=7
[TU_TRACE] PKT4 reg=0xab30 cnt=8
[TU_TRACE] PKT7 op=0x43 cnt=3
[TU_TRACE] PKT7 op=0x38 cnt=7
[TU_TRACE] PKT4 reg=0xab30 cnt=8
[TU_TRACE] PKT7 op=0x43 cnt=3
[TU_TRACE] PKT7 op=0x38 cnt=7
[TU_TRACE] PKT4 reg=0xab30 cnt=8
[TU_TRACE] PKT7 op=0x43 cnt=3
[TU_TRACE] PKT7 op=0x38 cnt=7
[TU_TRACE] PKT4 reg=0xab30 cnt=8
[TU_TRACE] PKT7 op=0x43 cnt=3
[TU_TRACE] PKT7 op=0x38 cnt=7
[TU_TRACE] PKT4 reg=0xab30 cnt=8
[TU_TRACE] PKT7 op=0x43 cnt=3
[TU_TRACE] PKT7 op=0x38 cnt=7
[TU_TRACE] PKT4 reg=0xab30 cnt=8
[TU_TRACE] PKT7 op=0x43 cnt=3
[TU_TRACE] PKT7 op=0x38 cnt=7
[TU_TRACE] PKT4 reg=0xab30 cnt=8
[TU_TRACE] PKT7 op=0x43 cnt=3
[TU_TRACE] PKT7 op=0x38 cnt=7
[TU_TRACE] PKT4 reg=0xab30 cnt=8
[TU_TRACE] PKT7 op=0x43 cnt=3
[TU_TRACE] PKT7 op=0x38 cnt=7
[TU_TRACE] PKT4 reg=0xab30 cnt=8
[TU_TRACE] PKT7 op=0x43 cnt=3
[TU_TRACE] PKT7 op=0x38 cnt=7
[TU_TRACE] PKT4 reg=0xab30 cnt=8
[TU_TRACE] PKT7 op=0x43 cnt=3
[TU_TRACE] PKT7 op=0x38 cnt=7
[TU_TRACE] PKT4 reg=0xab30 cnt=8
[TU_TRACE] PKT7 op=0x43 cnt=3
[TU_TRACE] PKT7 op=0x38 cnt=7
[TU_TRACE] PKT4 reg=0xab30 cnt=8
[TU_TRACE] PKT7 op=0x43 cnt=3
[TU_TRACE] PKT7 op=0x38 cnt=7
[TU_TRACE] PKT4 reg=0xab30 cnt=8
[TU_TRACE] PKT7 op=0x43 cnt=3
[TU_TRACE] PKT7 op=0x38 cnt=7
[TU_TRACE] PKT4 reg=0xab30 cnt=8
[TU_TRACE] PKT7 op=0x43 cnt=3
[TU_TRACE] PKT7 op=0x38 cnt=7
[TU_TRACE] PKT4 reg=0xab30 cnt=8
[TU_TRACE] PKT7 op=0x43 cnt=3
[TU_TRACE] PKT7 op=0x38 cnt=7
[TU_TRACE] PKT4 reg=0xab30 cnt=8
[TU_TRACE] PKT7 op=0x43 cnt=3
[TU_TRACE] PKT7 op=0x38 cnt=7
[TU_TRACE] PKT4 reg=0xab30 cnt=8
[TU_TRACE] PKT7 op=0x43 cnt=3
[TU_TRACE] PKT7 op=0x38 cnt=7
[TU_TRACE] PKT4 reg=0xa00e cnt=2
[TU_TRACE] PKT4 reg=0x9b01 cnt=1
[TU_TRACE] PKT4 reg=0x930f cnt=1
[TU_TRACE] PKT4 reg=0x9b12 cnt=1
[TU_TRACE] PKT4 reg=0x8212 cnt=1
[TU_TRACE] PKT4 reg=0x810b cnt=1
[TU_TRACE] PKT4 reg=0x8898 cnt=1
[TU_TRACE] PKT4 reg=0x8089 cnt=1
[TU_TRACE] PKT4 reg=0x8870 cnt=1
[TU_TRACE] PKT4 reg=0xab30 cnt=8
[TU_TRACE] PKT4 reg=0xab1f cnt=1
[TU_TRACE] PKT7 op=0x43 cnt=90
[TU_TRACE] PKT7 op=0x38 cnt=7
[TU_TRACE] PKT4 reg=0xab30 cnt=8
[TU_TRACE] PKT7 op=0x43 cnt=3
[TU_TRACE] PKT7 op=0x38 cnt=7
[TU_TRACE] PKT4 reg=0xab30 cnt=8
[TU_TRACE] PKT7 op=0x43 cnt=3
[TU_TRACE] PKT7 op=0x38 cnt=7
[TU_TRACE] PKT4 reg=0xab30 cnt=8
[TU_TRACE] PKT7 op=0x43 cnt=3
[TU_TRACE] PKT7 op=0x38 cnt=7
[TU_TRACE] PKT4 reg=0xab30 cnt=8
[TU_TRACE] PKT7 op=0x43 cnt=3
[TU_TRACE] PKT7 op=0x38 cnt=7
[TU_TRACE] PKT4 reg=0xab30 cnt=8
[TU_TRACE] PKT7 op=0x43 cnt=3
[TU_TRACE] PKT7 op=0x38 cnt=7
[TU_TRACE] PKT4 reg=0xab30 cnt=8
[TU_TRACE] PKT7 op=0x43 cnt=3
[TU_TRACE] PKT7 op=0x38 cnt=7
[TU_TRACE] PKT4 reg=0xab30 cnt=8
[TU_TRACE] PKT7 op=0x43 cnt=3
[TU_TRACE] PKT7 op=0x38 cnt=7
[TU_TRACE] PKT4 reg=0xab30 cnt=8
[TU_TRACE] PKT7 op=0x43 cnt=3
[TU_TRACE] PKT7 op=0x38 cnt=7
[TU_TRACE] PKT4 reg=0xab30 cnt=8
[TU_TRACE] PKT7 op=0x43 cnt=3
[TU_TRACE] PKT7 op=0x38 cnt=7
[TU_TRACE] PKT4 reg=0xab30 cnt=8
[TU_TRACE] PKT7 op=0x43 cnt=3
[TU_TRACE] PKT7 op=0x38 cnt=7
[TU_TRACE] PKT4 reg=0xab30 cnt=8
[TU_TRACE] PKT7 op=0x43 cnt=3
[TU_TRACE] PKT7 op=0x38 cnt=7
[TU_TRACE] PKT4 reg=0xab30 cnt=8
[TU_TRACE] PKT7 op=0x43 cnt=3
[TU_TRACE] PKT7 op=0x38 cnt=7
[TU_TRACE] PKT4 reg=0xab30 cnt=8
[TU_TRACE] PKT7 op=0x43 cnt=3
[TU_TRACE] PKT7 op=0x38 cnt=7
[TU_TRACE] PKT4 reg=0xab30 cnt=8
[TU_TRACE] PKT7 op=0x43 cnt=3
[TU_TRACE] PKT7 op=0x38 cnt=7
[TU_TRACE] PKT4 reg=0xab30 cnt=8
[TU_TRACE] PKT7 op=0x43 cnt=3
[TU_TRACE] PKT7 op=0x38 cnt=7
[TU_TRACE] PKT4 reg=0xab30 cnt=8
[TU_TRACE] PKT7 op=0x43 cnt=3
[TU_TRACE] PKT7 op=0x38 cnt=7
[TU_TRACE] PKT4 reg=0xab30 cnt=8
[TU_TRACE] PKT7 op=0x43 cnt=3
[TU_TRACE] PKT7 op=0x38 cnt=7
[TU_TRACE] PKT4 reg=0xab30 cnt=8
[TU_TRACE] PKT7 op=0x43 cnt=3
[TU_TRACE] PKT7 op=0x38 cnt=7
[TU_TRACE] PKT4 reg=0xab30 cnt=8
[TU_TRACE] PKT7 op=0x43 cnt=3
[TU_TRACE] PKT7 op=0x38 cnt=7
[TU_TRACE] PKT7 op=0x65 cnt=1
[TU_TRACE] PKT4 reg=0x88d1 cnt=2
[TU_TRACE] PKT4 reg=0x88df cnt=4
[TU_TRACE] PKT4 reg=0x88d5 cnt=1
[TU_TRACE] PKT4 reg=0x88d0 cnt=1
[TU_TRACE] PKT4 reg=0x88e3 cnt=1
[TU_TRACE] PKT4 reg=0x88d7 cnt=4
[TU_TRACE] PKT4 reg=0x88dc cnt=3
[TU_TRACE] PKT4 reg=0x88d6 cnt=1
[TU_TRACE] PKT7 op=0x46 cnt=1
[TU_TRACE] PKT7 op=0x46 cnt=1
[TU_TRACE] PKT7 op=0x46 cnt=1
[TU_TRACE] PKT7 op=0x46 cnt=1
[TU_TRACE] PKT7 op=0x46 cnt=1
[TU_TRACE] PKT7 op=0x46 cnt=1
[TU_TRACE] PKT7 op=0x46 cnt=1
[TU_TRACE] PKT7 op=0x26 cnt=0
[TU_TRACE] PKT7 op=0x13 cnt=0
[TU_TRACE] PKT4 reg=0x88e5 cnt=1
[TU_TRACE] PKT7 op=0x17 cnt=1
[TU_TRACE] PKT7 op=0x17 cnt=1
[TU_TRACE] PKT4 reg=0x8812 cnt=1
[TU_TRACE] PKT4 reg=0x88e4 cnt=1
[TU_TRACE] PKT7 op=0x17 cnt=1
[TU_TRACE] PKT7 op=0x39 cnt=3
[TU_TRACE] PKT7 op=0x1d cnt=1
[TU_TRACE] PKT4 reg=0x8206 cnt=1
[TU_TRACE] PKT4 reg=0x88f5 cnt=1
[TU_TRACE] PKT4 reg=0x0c38 cnt=1
[TU_TRACE] PKT7 op=0x3e cnt=3
[TU_TRACE] PKT7 op=0x12 cnt=0
[TU_TRACE] PKT7 op=0x13 cnt=0
[TU_TRACE] PKT7 op=0x17 cnt=1
[TU_TRACE] PKT7 op=0x49 cnt=4
[TU_TRACE] PKT7 op=0x39 cnt=3
[TU_TRACE] PKT4 reg=0x8891 cnt=1
[TU_TRACE] PKT7 op=0x46 cnt=3
[TU_TRACE] PKT7 op=0x65 cnt=1
[TU_TRACE] PKT4 reg=0x8231 cnt=1
[TU_TRACE] PKT4 reg=0x8800 cnt=1
[TU_TRACE] PKT4 reg=0x88d3 cnt=1
[TU_TRACE] PKT4 reg=0xa007 cnt=1
[TU_TRACE] PKT4 reg=0x8235 cnt=2
[TU_TRACE] PKT4 reg=0x8507 cnt=2
[TU_TRACE] PKT7 op=0x64 cnt=1
[TU_TRACE] PKT7 op=0x63 cnt=1
[TU_TRACE] PKT4 reg=0x8206 cnt=1
[TU_TRACE] PKT4 reg=0x88f5 cnt=1
[TU_TRACE] PKT7 op=0x3f cnt=3
[TU_TRACE] PKT7 op=0x1d cnt=1
[TU_TRACE] PKT7 op=0x3f cnt=3
[TU_TRACE] PKT7 op=0x26 cnt=0
[TU_TRACE] PKT7 op=0x65 cnt=1
[TU_TRACE] PKT4 reg=0x8212 cnt=1
[TU_TRACE] PKT4 reg=0x810b cnt=1
[TU_TRACE] PKT7 op=0x46 cnt=1
[TU_TRACE] PKT7 op=0x46 cnt=4
[TU_TRACE] PKT7 op=0x46 cnt=1
[TU_TRACE] PKT4 reg=0x8891 cnt=1
[TU_TRACE] PKT7 op=0x46 cnt=3
[TU_TRACE] PKT7 op=0x43 cnt=3
[TU_TRACE] PKT7 op=0x46 cnt=1
[TU_TRACE] PKT7 op=0x46 cnt=1
[TU_TRACE] PKT7 op=0x46 cnt=4
[TU_TRACE] PKT7 op=0x17 cnt=1
[TU_TRACE] PKT7 op=0x46 cnt=1
[TU_TRACE] PKT7 op=0x46 cnt=1
[TU_TRACE] PKT7 op=0x46 cnt=1
[TU_TRACE] PKT7 op=0x46 cnt=1
[TU_TRACE] PKT7 op=0x26 cnt=0
[TU_TRACE] PKT4 reg=0xab1f cnt=1
[TU_TRACE] PKT7 op=0x26 cnt=0
[TU_TRACE] WRITE_REG reg=0x8228 val=0x00000000
[TU_TRACE] PKT4 reg=0x8228 cnt=1
[TU_TRACE] WRITE_REG reg=0x8229 val=0x00000000
[TU_TRACE] PKT4 reg=0x8229 cnt=1
[TU_TRACE] WRITE_REG reg=0x822a val=0x00000000
[TU_TRACE] PKT4 reg=0x822a cnt=1
[TU_TRACE] WRITE_REG reg=0x822b val=0x00000000
[TU_TRACE] PKT4 reg=0x822b cnt=1
[TU_TRACE] WRITE_REG reg=0x822c val=0x00000000
[TU_TRACE] PKT4 reg=0x822c cnt=1
[TU_TRACE] WRITE_REG reg=0x822d val=0x00000000
[TU_TRACE] PKT4 reg=0x822d cnt=1
[TU_TRACE] WRITE_REG reg=0x8818 val=0x00000000
[TU_TRACE] PKT4 reg=0x8818 cnt=1
[TU_TRACE] WRITE_REG reg=0x8819 val=0x00000000
[TU_TRACE] PKT4 reg=0x8819 cnt=1
[TU_TRACE] WRITE_REG reg=0x881a val=0x00000000
[TU_TRACE] PKT4 reg=0x881a cnt=1
[TU_TRACE] WRITE_REG reg=0x881b val=0x00000000
[TU_TRACE] PKT4 reg=0x881b cnt=1
[TU_TRACE] WRITE_REG reg=0x881c val=0x00000000
[TU_TRACE] PKT4 reg=0x881c cnt=1
[TU_TRACE] WRITE_REG reg=0x881d val=0x00000000
[TU_TRACE] PKT4 reg=0x881d cnt=1
[TU_TRACE] WRITE_REG reg=0x881e val=0x00000000
[TU_TRACE] PKT4 reg=0x881e cnt=1
[TU_TRACE] WRITE_REG reg=0x8899 val=0x00000000
[TU_TRACE] PKT4 reg=0x8899 cnt=1
[TU_TRACE] WRITE_REG reg=0x88f1 val=0x00000001
[TU_TRACE] PKT4 reg=0x88f1 cnt=1
[TU_TRACE] WRITE_REG reg=0xab01 val=0x00000000
[TU_TRACE] PKT4 reg=0xab01 cnt=1
[TU_TRACE] WRITE_REG reg=0xab02 val=0x00000000
[TU_TRACE] PKT4 reg=0xab02 cnt=1
[TU_TRACE] WRITE_REG reg=0xab23 val=0x00000000
[TU_TRACE] PKT4 reg=0xab23 cnt=1
[TU_TRACE] WRITE_REG reg=0xb182 val=0x00000004
[TU_TRACE] PKT4 reg=0xb182 cnt=1
[TU_TRACE] WRITE_REG reg=0xb183 val=0x00000000
[TU_TRACE] PKT4 reg=0xb183 cnt=1
[TU_TRACE] WRITE_REG reg=0x980b val=0x00800280
[TU_TRACE] PKT4 reg=0x980b cnt=1
[TU_TRACE] WRITE_REG reg=0x9b00 val=0x00003f00
[TU_TRACE] PKT4 reg=0x9b00 cnt=1
[TU_TRACE] PKT4 reg=0x8130 cnt=1
[TU_TRACE] PKT4 reg=0x8131 cnt=1
[TU_TRACE] WRITE_REG reg=0xae0f val=0x0000003f
[TU_TRACE] PKT4 reg=0xae0f cnt=1
[TU_TRACE] PKT4 reg=0xab09 cnt=1
[TU_TRACE] WRITE_REG reg=0xb182 val=0x00000000
[TU_TRACE] PKT4 reg=0xb182 cnt=1
[TU_TRACE] WRITE_REG reg=0xa9a8 val=0x00000000
[TU_TRACE] PKT4 reg=0xa9a8 cnt=1
[TU_TRACE] PKT4 reg=0xab00 cnt=1
[TU_TRACE] PKT4 reg=0xa009 cnt=1
[TU_TRACE] WRITE_REG reg=0x8811 val=0x00000010
[TU_TRACE] PKT4 reg=0x8811 cnt=1
[TU_TRACE] PKT4 reg=0x8213 cnt=1
[TU_TRACE] WRITE_REG reg=0x8818 val=0x00000000
[TU_TRACE] PKT4 reg=0x8818 cnt=1
[TU_TRACE] PKT4 reg=0x9310 cnt=1
[TU_TRACE] PKT4 reg=0x9312 cnt=1
[TU_TRACE] PKT4 reg=0x9305 cnt=1
[TU_TRACE] WRITE_REG reg=0xb183 val=0x00000000
[TU_TRACE] PKT4 reg=0xb183 cnt=1
[TU_TRACE] PKT4 reg=0x8234 cnt=1
[TU_TRACE] PKT4 reg=0xb309 cnt=1
[TU_TRACE] PKT4 reg=0xa9cb cnt=1
[TU_TRACE] WRITE_REG reg=0xa007 val=0x00000000
[TU_TRACE] PKT4 reg=0xa007 cnt=1
[TU_TRACE] PKT4 reg=0x8864 cnt=1
[TU_TRACE] PKT4 reg=0xaa0c cnt=1
[TU_TRACE] PKT4 reg=0xb302 cnt=2
[TU_TRACE] PKT4 reg=0xb180 cnt=2
[TU_TRACE] PKT4 reg=0x9814 cnt=1
[TU_TRACE] PKT4 reg=0x9815 cnt=1
[TU_TRACE] PKT4 reg=0xa980 cnt=1
[TU_TRACE] PKT4 reg=0xa827 cnt=1
[TU_TRACE] PKT4 reg=0x9313 cnt=1
[TU_TRACE] PKT4 reg=0x8c34 cnt=1
[TU_TRACE] PKT4 reg=0x88e5 cnt=1
[TU_TRACE] PKT7 op=0x43 cnt=3
[TU_TRACE] PKT7 op=0x1b cnt=2
[TU_TRACE] PKT7 op=0x17 cnt=1
[TU_TRACE] PKT7 op=0x55 cnt=3
[TU_TRACE] PKT7 op=0x17 cnt=1
[TU_TRACE] PKT7 op=0x55 cnt=3
[TU_TRACE] PKT7 op=0x17 cnt=1
[TU_TRACE] PKT7 op=0x39 cnt=3
[TU_TRACE] PKT7 op=0x55 cnt=3
[TU_TRACE] PKT7 op=0x55 cnt=3
[TU_TRACE] PKT7 op=0x17 cnt=1
[TU_TRACE] PKT4 reg=0x8212 cnt=1
[TU_TRACE] PKT4 reg=0x810b cnt=1
[TU_TRACE] PKT7 op=0x47 cnt=2
[TU_TRACE] PKT7 op=0x47 cnt=2
[TU_TRACE] PKT4 reg=0x88d1 cnt=2
[TU_TRACE] PKT4 reg=0x88df cnt=4
[TU_TRACE] PKT4 reg=0x88d5 cnt=1
[TU_TRACE] PKT4 reg=0x88d0 cnt=1
[TU_TRACE] PKT4 reg=0x88e3 cnt=1
[TU_TRACE] PKT4 reg=0x88d7 cnt=4
[TU_TRACE] PKT4 reg=0x88dc cnt=3
[TU_TRACE] PKT4 reg=0x88d6 cnt=1
[TU_TRACE] PKT7 op=0x46 cnt=1
[TU_TRACE] PKT7 op=0x46 cnt=1
[TU_TRACE] PKT4 reg=0x8872 cnt=6
[TU_TRACE] PKT4 reg=0x808d cnt=1
[TU_TRACE] PKT4 reg=0x8881 cnt=1
[TU_TRACE] PKT4 reg=0x808e cnt=2
[TU_TRACE] PKT4 reg=0x8092 cnt=1
[TU_TRACE] PKT4 reg=0x8090 cnt=2
[TU_TRACE] PKT7 op=0x46 cnt=1
[TU_TRACE] PKT7 op=0x43 cnt=6
[TU_TRACE] PKT4 reg=0xa010 cnt=3
[TU_TRACE] PKT4 reg=0x9b15 cnt=1
[TU_TRACE] PKT4 reg=0xa00e cnt=2
[TU_TRACE] PKT4 reg=0x9b01 cnt=1
[TU_TRACE] PKT4 reg=0x930f cnt=1
[TU_TRACE] PKT4 reg=0x9b12 cnt=1
[TU_TRACE] PKT4 reg=0x8212 cnt=1
[TU_TRACE] PKT4 reg=0x810b cnt=1
[TU_TRACE] PKT4 reg=0x8898 cnt=1
[TU_TRACE] PKT4 reg=0x8089 cnt=1
[TU_TRACE] PKT4 reg=0x8870 cnt=1
[TU_TRACE] PKT4 reg=0xab30 cnt=8
[TU_TRACE] PKT4 reg=0xab1f cnt=1
[TU_TRACE] PKT7 op=0x43 cnt=90
[TU_TRACE] PKT7 op=0x38 cnt=7
[TU_TRACE] PKT4 reg=0xab30 cnt=8
[TU_TRACE] PKT7 op=0x43 cnt=3
[TU_TRACE] PKT7 op=0x38 cnt=7
[TU_TRACE] PKT4 reg=0xab30 cnt=8
[TU_TRACE] PKT7 op=0x43 cnt=3
[TU_TRACE] PKT7 op=0x38 cnt=7
[TU_TRACE] PKT4 reg=0xab30 cnt=8
[TU_TRACE] PKT7 op=0x43 cnt=3
[TU_TRACE] PKT7 op=0x38 cnt=7
[TU_TRACE] PKT4 reg=0xab30 cnt=8
[TU_TRACE] PKT7 op=0x43 cnt=3
[TU_TRACE] PKT7 op=0x38 cnt=7
[TU_TRACE] PKT4 reg=0xab30 cnt=8
[TU_TRACE] PKT7 op=0x43 cnt=3
[TU_TRACE] PKT7 op=0x38 cnt=7
[TU_TRACE] PKT4 reg=0xab30 cnt=8
[TU_TRACE] PKT7 op=0x43 cnt=3
[TU_TRACE] PKT7 op=0x38 cnt=7
[TU_TRACE] PKT4 reg=0xab30 cnt=8
[TU_TRACE] PKT7 op=0x43 cnt=3
[TU_TRACE] PKT7 op=0x38 cnt=7
[TU_TRACE] PKT4 reg=0xab30 cnt=8
[TU_TRACE] PKT7 op=0x43 cnt=3
[TU_TRACE] PKT7 op=0x38 cnt=7
[TU_TRACE] PKT4 reg=0xab30 cnt=8
[TU_TRACE] PKT7 op=0x43 cnt=3
[TU_TRACE] PKT7 op=0x38 cnt=7
[TU_TRACE] PKT4 reg=0xab30 cnt=8
[TU_TRACE] PKT7 op=0x43 cnt=3
[TU_TRACE] PKT7 op=0x38 cnt=7
[TU_TRACE] PKT4 reg=0xab30 cnt=8
[TU_TRACE] PKT7 op=0x43 cnt=3
[TU_TRACE] PKT7 op=0x38 cnt=7
[TU_TRACE] PKT4 reg=0xab30 cnt=8
[TU_TRACE] PKT7 op=0x43 cnt=3
[TU_TRACE] PKT7 op=0x38 cnt=7
[TU_TRACE] PKT4 reg=0xab30 cnt=8
[TU_TRACE] PKT7 op=0x43 cnt=3
[TU_TRACE] PKT7 op=0x38 cnt=7
[TU_TRACE] PKT4 reg=0xab30 cnt=8
[TU_TRACE] PKT7 op=0x43 cnt=3
[TU_TRACE] PKT7 op=0x38 cnt=7
[TU_TRACE] PKT4 reg=0xab30 cnt=8
[TU_TRACE] PKT7 op=0x43 cnt=3
[TU_TRACE] PKT7 op=0x38 cnt=7
[TU_TRACE] PKT4 reg=0xab30 cnt=8
[TU_TRACE] PKT7 op=0x43 cnt=3
[TU_TRACE] PKT7 op=0x38 cnt=7
[TU_TRACE] PKT4 reg=0xab30 cnt=8
[TU_TRACE] PKT7 op=0x43 cnt=3
[TU_TRACE] PKT7 op=0x38 cnt=7
[TU_TRACE] PKT4 reg=0xab30 cnt=8
[TU_TRACE] PKT7 op=0x43 cnt=3
[TU_TRACE] PKT7 op=0x38 cnt=7
[TU_TRACE] PKT4 reg=0xab30 cnt=8
[TU_TRACE] PKT7 op=0x43 cnt=3
[TU_TRACE] PKT7 op=0x38 cnt=7
[TU_TRACE] PKT4 reg=0xa00e cnt=2
[TU_TRACE] PKT4 reg=0x9b01 cnt=1
[TU_TRACE] PKT4 reg=0x930f cnt=1
[TU_TRACE] PKT4 reg=0x9b12 cnt=1
[TU_TRACE] PKT4 reg=0x8212 cnt=1
[TU_TRACE] PKT4 reg=0x810b cnt=1
[TU_TRACE] PKT4 reg=0x8898 cnt=1
[TU_TRACE] PKT4 reg=0x8089 cnt=1
[TU_TRACE] PKT4 reg=0x8870 cnt=1
[TU_TRACE] PKT4 reg=0xab30 cnt=8
[TU_TRACE] PKT4 reg=0xab1f cnt=1
[TU_TRACE] PKT7 op=0x43 cnt=90
[TU_TRACE] PKT7 op=0x38 cnt=7
[TU_TRACE] PKT4 reg=0xab30 cnt=8
[TU_TRACE] PKT7 op=0x43 cnt=3
[TU_TRACE] PKT7 op=0x38 cnt=7
[TU_TRACE] PKT4 reg=0xab30 cnt=8
[TU_TRACE] PKT7 op=0x43 cnt=3
[TU_TRACE] PKT7 op=0x38 cnt=7
[TU_TRACE] PKT4 reg=0xab30 cnt=8
[TU_TRACE] PKT7 op=0x43 cnt=3
[TU_TRACE] PKT7 op=0x38 cnt=7
[TU_TRACE] PKT4 reg=0xab30 cnt=8
[TU_TRACE] PKT7 op=0x43 cnt=3
[TU_TRACE] PKT7 op=0x38 cnt=7
[TU_TRACE] PKT4 reg=0xab30 cnt=8
[TU_TRACE] PKT7 op=0x43 cnt=3
[TU_TRACE] PKT7 op=0x38 cnt=7
[TU_TRACE] PKT4 reg=0xab30 cnt=8
[TU_TRACE] PKT7 op=0x43 cnt=3
[TU_TRACE] PKT7 op=0x38 cnt=7
[TU_TRACE] PKT4 reg=0xab30 cnt=8
[TU_TRACE] PKT7 op=0x43 cnt=3
[TU_TRACE] PKT7 op=0x38 cnt=7
[TU_TRACE] PKT4 reg=0xab30 cnt=8
[TU_TRACE] PKT7 op=0x43 cnt=3
[TU_TRACE] PKT7 op=0x38 cnt=7
[TU_TRACE] PKT4 reg=0xab30 cnt=8
[TU_TRACE] PKT7 op=0x43 cnt=3
[TU_TRACE] PKT7 op=0x38 cnt=7
[TU_TRACE] PKT4 reg=0xab30 cnt=8
[TU_TRACE] PKT7 op=0x43 cnt=3
[TU_TRACE] PKT7 op=0x38 cnt=7
[TU_TRACE] PKT4 reg=0xab30 cnt=8
[TU_TRACE] PKT7 op=0x43 cnt=3
[TU_TRACE] PKT7 op=0x38 cnt=7
[TU_TRACE] PKT4 reg=0xab30 cnt=8
[TU_TRACE] PKT7 op=0x43 cnt=3
[TU_TRACE] PKT7 op=0x38 cnt=7
[TU_TRACE] PKT4 reg=0xab30 cnt=8
[TU_TRACE] PKT7 op=0x43 cnt=3
[TU_TRACE] PKT7 op=0x38 cnt=7
[TU_TRACE] PKT4 reg=0xab30 cnt=8
[TU_TRACE] PKT7 op=0x43 cnt=3
[TU_TRACE] PKT7 op=0x38 cnt=7
[TU_TRACE] PKT4 reg=0xab30 cnt=8
[TU_TRACE] PKT7 op=0x43 cnt=3
[TU_TRACE] PKT7 op=0x38 cnt=7
[TU_TRACE] PKT4 reg=0xab30 cnt=8
[TU_TRACE] PKT7 op=0x43 cnt=3
[TU_TRACE] PKT7 op=0x38 cnt=7
[TU_TRACE] PKT4 reg=0xab30 cnt=8
[TU_TRACE] PKT7 op=0x43 cnt=3
[TU_TRACE] PKT7 op=0x38 cnt=7
[TU_TRACE] PKT4 reg=0xab30 cnt=8
[TU_TRACE] PKT7 op=0x43 cnt=3
[TU_TRACE] PKT7 op=0x38 cnt=7
[TU_TRACE] PKT4 reg=0xab30 cnt=8
[TU_TRACE] PKT7 op=0x43 cnt=3
[TU_TRACE] PKT7 op=0x38 cnt=7
[TU_TRACE] PKT4 reg=0xa00e cnt=2
[TU_TRACE] PKT4 reg=0x9b01 cnt=1
[TU_TRACE] PKT4 reg=0x930f cnt=1
[TU_TRACE] PKT4 reg=0x9b12 cnt=1
[TU_TRACE] PKT4 reg=0x8212 cnt=1
[TU_TRACE] PKT4 reg=0x810b cnt=1
[TU_TRACE] PKT4 reg=0x8898 cnt=1
[TU_TRACE] PKT4 reg=0x8089 cnt=1
[TU_TRACE] PKT4 reg=0x8870 cnt=1
[TU_TRACE] PKT4 reg=0xab30 cnt=8
[TU_TRACE] PKT4 reg=0xab1f cnt=1
[TU_TRACE] PKT7 op=0x43 cnt=90
[TU_TRACE] PKT7 op=0x38 cnt=7
[TU_TRACE] PKT4 reg=0xab30 cnt=8
[TU_TRACE] PKT7 op=0x43 cnt=3
[TU_TRACE] PKT7 op=0x38 cnt=7
[TU_TRACE] PKT4 reg=0xab30 cnt=8
[TU_TRACE] PKT7 op=0x43 cnt=3
[TU_TRACE] PKT7 op=0x38 cnt=7
[TU_TRACE] PKT4 reg=0xab30 cnt=8
[TU_TRACE] PKT7 op=0x43 cnt=3
[TU_TRACE] PKT7 op=0x38 cnt=7
[TU_TRACE] PKT4 reg=0xab30 cnt=8
[TU_TRACE] PKT7 op=0x43 cnt=3
[TU_TRACE] PKT7 op=0x38 cnt=7
[TU_TRACE] PKT4 reg=0xab30 cnt=8
[TU_TRACE] PKT7 op=0x43 cnt=3
[TU_TRACE] PKT7 op=0x38 cnt=7
[TU_TRACE] PKT4 reg=0xab30 cnt=8
[TU_TRACE] PKT7 op=0x43 cnt=3
[TU_TRACE] PKT7 op=0x38 cnt=7
[TU_TRACE] PKT4 reg=0xab30 cnt=8
[TU_TRACE] PKT7 op=0x43 cnt=3
[TU_TRACE] PKT7 op=0x38 cnt=7
[TU_TRACE] PKT4 reg=0xab30 cnt=8
[TU_TRACE] PKT7 op=0x43 cnt=3
[TU_TRACE] PKT7 op=0x38 cnt=7
[TU_TRACE] PKT4 reg=0xab30 cnt=8
[TU_TRACE] PKT7 op=0x43 cnt=3
[TU_TRACE] PKT7 op=0x38 cnt=7
[TU_TRACE] PKT4 reg=0xab30 cnt=8
[TU_TRACE] PKT7 op=0x43 cnt=3
[TU_TRACE] PKT7 op=0x38 cnt=7
[TU_TRACE] PKT4 reg=0xab30 cnt=8
[TU_TRACE] PKT7 op=0x43 cnt=3
[TU_TRACE] PKT7 op=0x38 cnt=7
[TU_TRACE] PKT4 reg=0xab30 cnt=8
[TU_TRACE] PKT7 op=0x43 cnt=3
[TU_TRACE] PKT7 op=0x38 cnt=7
[TU_TRACE] PKT4 reg=0xab30 cnt=8
[TU_TRACE] PKT7 op=0x43 cnt=3
[TU_TRACE] PKT7 op=0x38 cnt=7
[TU_TRACE] PKT4 reg=0xab30 cnt=8
[TU_TRACE] PKT7 op=0x43 cnt=3
[TU_TRACE] PKT7 op=0x38 cnt=7
[TU_TRACE] PKT4 reg=0xab30 cnt=8
[TU_TRACE] PKT7 op=0x43 cnt=3
[TU_TRACE] PKT7 op=0x38 cnt=7
[TU_TRACE] PKT4 reg=0xab30 cnt=8
[TU_TRACE] PKT7 op=0x43 cnt=3
[TU_TRACE] PKT7 op=0x38 cnt=7
[TU_TRACE] PKT4 reg=0xab30 cnt=8
[TU_TRACE] PKT7 op=0x43 cnt=3
[TU_TRACE] PKT7 op=0x38 cnt=7
[TU_TRACE] PKT4 reg=0xab30 cnt=8
[TU_TRACE] PKT7 op=0x43 cnt=3
[TU_TRACE] PKT7 op=0x38 cnt=7
[TU_TRACE] PKT4 reg=0xab30 cnt=8
[TU_TRACE] PKT7 op=0x43 cnt=3
[TU_TRACE] PKT7 op=0x38 cnt=7
[TU_TRACE] PKT4 reg=0xa00e cnt=2
[TU_TRACE] PKT4 reg=0x9b01 cnt=1
[TU_TRACE] PKT4 reg=0x930f cnt=1
[TU_TRACE] PKT4 reg=0x9b12 cnt=1
[TU_TRACE] PKT4 reg=0x8212 cnt=1
[TU_TRACE] PKT4 reg=0x810b cnt=1
[TU_TRACE] PKT4 reg=0x8898 cnt=1
[TU_TRACE] PKT4 reg=0x8089 cnt=1
[TU_TRACE] PKT4 reg=0x8870 cnt=1
[TU_TRACE] PKT4 reg=0xab30 cnt=8
[TU_TRACE] PKT4 reg=0xab1f cnt=1
[TU_TRACE] PKT7 op=0x43 cnt=90
[TU_TRACE] PKT7 op=0x38 cnt=7
[TU_TRACE] PKT4 reg=0xab30 cnt=8
[TU_TRACE] PKT7 op=0x43 cnt=3
[TU_TRACE] PKT7 op=0x38 cnt=7
[TU_TRACE] PKT4 reg=0xab30 cnt=8
[TU_TRACE] PKT7 op=0x43 cnt=3
[TU_TRACE] PKT7 op=0x38 cnt=7
[TU_TRACE] PKT4 reg=0xab30 cnt=8
[TU_TRACE] PKT7 op=0x43 cnt=3
[TU_TRACE] PKT7 op=0x38 cnt=7
[TU_TRACE] PKT4 reg=0xab30 cnt=8
[TU_TRACE] PKT7 op=0x43 cnt=3
[TU_TRACE] PKT7 op=0x38 cnt=7
[TU_TRACE] PKT4 reg=0xab30 cnt=8
[TU_TRACE] PKT7 op=0x43 cnt=3
[TU_TRACE] PKT7 op=0x38 cnt=7
[TU_TRACE] PKT4 reg=0xab30 cnt=8
[TU_TRACE] PKT7 op=0x43 cnt=3
[TU_TRACE] PKT7 op=0x38 cnt=7
[TU_TRACE] PKT4 reg=0xab30 cnt=8
[TU_TRACE] PKT7 op=0x43 cnt=3
[TU_TRACE] PKT7 op=0x38 cnt=7
[TU_TRACE] PKT4 reg=0xab30 cnt=8
[TU_TRACE] PKT7 op=0x43 cnt=3
[TU_TRACE] PKT7 op=0x38 cnt=7
[TU_TRACE] PKT4 reg=0xab30 cnt=8
[TU_TRACE] PKT7 op=0x43 cnt=3
[TU_TRACE] PKT7 op=0x38 cnt=7
[TU_TRACE] PKT4 reg=0xab30 cnt=8
[TU_TRACE] PKT7 op=0x43 cnt=3
[TU_TRACE] PKT7 op=0x38 cnt=7
[TU_TRACE] PKT4 reg=0xab30 cnt=8
[TU_TRACE] PKT7 op=0x43 cnt=3
[TU_TRACE] PKT7 op=0x38 cnt=7
[TU_TRACE] PKT4 reg=0xab30 cnt=8
[TU_TRACE] PKT7 op=0x43 cnt=3
[TU_TRACE] PKT7 op=0x38 cnt=7
[TU_TRACE] PKT4 reg=0xab30 cnt=8
[TU_TRACE] PKT7 op=0x43 cnt=3
[TU_TRACE] PKT7 op=0x38 cnt=7
[TU_TRACE] PKT4 reg=0xab30 cnt=8
[TU_TRACE] PKT7 op=0x43 cnt=3
[TU_TRACE] PKT7 op=0x38 cnt=7
[TU_TRACE] PKT4 reg=0xab30 cnt=8
[TU_TRACE] PKT7 op=0x43 cnt=3
[TU_TRACE] PKT7 op=0x38 cnt=7
[TU_TRACE] PKT4 reg=0xab30 cnt=8
[TU_TRACE] PKT7 op=0x43 cnt=3
[TU_TRACE] PKT7 op=0x38 cnt=7
[TU_TRACE] PKT4 reg=0xab30 cnt=8
[TU_TRACE] PKT7 op=0x43 cnt=3
[TU_TRACE] PKT7 op=0x38 cnt=7
[TU_TRACE] PKT4 reg=0xab30 cnt=8
[TU_TRACE] PKT7 op=0x43 cnt=3
[TU_TRACE] PKT7 op=0x38 cnt=7
[TU_TRACE] PKT4 reg=0xab30 cnt=8
[TU_TRACE] PKT7 op=0x43 cnt=3
[TU_TRACE] PKT7 op=0x38 cnt=7
[TU_TRACE] PKT4 reg=0xa00e cnt=2
[TU_TRACE] PKT4 reg=0x9b01 cnt=1
[TU_TRACE] PKT4 reg=0x930f cnt=1
[TU_TRACE] PKT4 reg=0x9b12 cnt=1
[TU_TRACE] PKT4 reg=0x8212 cnt=1
[TU_TRACE] PKT4 reg=0x810b cnt=1
[TU_TRACE] PKT4 reg=0x8898 cnt=1
[TU_TRACE] PKT4 reg=0x8089 cnt=1
[TU_TRACE] PKT4 reg=0x8870 cnt=1
[TU_TRACE] PKT4 reg=0xab30 cnt=8
[TU_TRACE] PKT4 reg=0xab1f cnt=1
[TU_TRACE] PKT7 op=0x43 cnt=90
[TU_TRACE] PKT7 op=0x38 cnt=7
[TU_TRACE] PKT4 reg=0xab30 cnt=8
[TU_TRACE] PKT7 op=0x43 cnt=3
[TU_TRACE] PKT7 op=0x38 cnt=7
[TU_TRACE] PKT4 reg=0xab30 cnt=8
[TU_TRACE] PKT7 op=0x43 cnt=3
[TU_TRACE] PKT7 op=0x38 cnt=7
[TU_TRACE] PKT4 reg=0xab30 cnt=8
[TU_TRACE] PKT7 op=0x43 cnt=3
[TU_TRACE] PKT7 op=0x38 cnt=7
[TU_TRACE] PKT4 reg=0xab30 cnt=8
[TU_TRACE] PKT7 op=0x43 cnt=3
[TU_TRACE] PKT7 op=0x38 cnt=7
[TU_TRACE] PKT4 reg=0xab30 cnt=8
[TU_TRACE] PKT7 op=0x43 cnt=3
[TU_TRACE] PKT7 op=0x38 cnt=7
[TU_TRACE] PKT4 reg=0xab30 cnt=8
[TU_TRACE] PKT7 op=0x43 cnt=3
[TU_TRACE] PKT7 op=0x38 cnt=7
[TU_TRACE] PKT4 reg=0xab30 cnt=8
[TU_TRACE] PKT7 op=0x43 cnt=3
[TU_TRACE] PKT7 op=0x38 cnt=7
[TU_TRACE] PKT4 reg=0xab30 cnt=8
[TU_TRACE] PKT7 op=0x43 cnt=3
[TU_TRACE] PKT7 op=0x38 cnt=7
[TU_TRACE] PKT4 reg=0xab30 cnt=8
[TU_TRACE] PKT7 op=0x43 cnt=3
[TU_TRACE] PKT7 op=0x38 cnt=7
[TU_TRACE] PKT4 reg=0xab30 cnt=8
[TU_TRACE] PKT7 op=0x43 cnt=3
[TU_TRACE] PKT7 op=0x38 cnt=7
[TU_TRACE] PKT4 reg=0xab30 cnt=8
[TU_TRACE] PKT7 op=0x43 cnt=3
[TU_TRACE] PKT7 op=0x38 cnt=7
[TU_TRACE] PKT4 reg=0xab30 cnt=8
[TU_TRACE] PKT7 op=0x43 cnt=3
[TU_TRACE] PKT7 op=0x38 cnt=7
[TU_TRACE] PKT4 reg=0xab30 cnt=8
[TU_TRACE] PKT7 op=0x43 cnt=3
[TU_TRACE] PKT7 op=0x38 cnt=7
[TU_TRACE] PKT4 reg=0xab30 cnt=8
[TU_TRACE] PKT7 op=0x43 cnt=3
[TU_TRACE] PKT7 op=0x38 cnt=7
[TU_TRACE] PKT4 reg=0xab30 cnt=8
[TU_TRACE] PKT7 op=0x43 cnt=3
[TU_TRACE] PKT7 op=0x38 cnt=7
[TU_TRACE] PKT4 reg=0xab30 cnt=8
[TU_TRACE] PKT7 op=0x43 cnt=3
[TU_TRACE] PKT7 op=0x38 cnt=7
[TU_TRACE] PKT4 reg=0xab30 cnt=8
[TU_TRACE] PKT7 op=0x43 cnt=3
[TU_TRACE] PKT7 op=0x38 cnt=7
[TU_TRACE] PKT4 reg=0xab30 cnt=8
[TU_TRACE] PKT7 op=0x43 cnt=3
[TU_TRACE] PKT7 op=0x38 cnt=7
[TU_TRACE] PKT4 reg=0xab30 cnt=8
[TU_TRACE] PKT7 op=0x43 cnt=3
[TU_TRACE] PKT7 op=0x38 cnt=7
[TU_TRACE] PKT7 op=0x65 cnt=1
[TU_TRACE] PKT4 reg=0x88d1 cnt=2
[TU_TRACE] PKT4 reg=0x88df cnt=4
[TU_TRACE] PKT4 reg=0x88d5 cnt=1
[TU_TRACE] PKT4 reg=0x88d0 cnt=1
[TU_TRACE] PKT4 reg=0x88e3 cnt=1
[TU_TRACE] PKT4 reg=0x88d7 cnt=4
[TU_TRACE] PKT4 reg=0x88dc cnt=3
[TU_TRACE] PKT4 reg=0x88d6 cnt=1
[TU_TRACE] PKT7 op=0x46 cnt=1
[TU_TRACE] PKT7 op=0x46 cnt=1
[TU_TRACE] PKT7 op=0x46 cnt=1
[TU_TRACE] PKT7 op=0x46 cnt=1
[TU_TRACE] PKT7 op=0x46 cnt=1
[TU_TRACE] PKT7 op=0x46 cnt=1
[TU_TRACE] PKT7 op=0x46 cnt=1
[TU_TRACE] PKT7 op=0x26 cnt=0
[TU_TRACE] PKT7 op=0x13 cnt=0
[TU_TRACE] PKT4 reg=0x88e5 cnt=1
[TU_TRACE] PKT7 op=0x17 cnt=1
[TU_TRACE] PKT7 op=0x17 cnt=1
[TU_TRACE] PKT4 reg=0x8812 cnt=1
[TU_TRACE] PKT4 reg=0x88e4 cnt=1
[TU_TRACE] PKT7 op=0x17 cnt=1
[TU_TRACE] PKT7 op=0x39 cnt=3
[TU_TRACE] PKT7 op=0x1d cnt=1
[TU_TRACE] PKT4 reg=0x8206 cnt=1
[TU_TRACE] PKT4 reg=0x88f5 cnt=1
[TU_TRACE] PKT4 reg=0x0c38 cnt=1
[TU_TRACE] PKT7 op=0x3e cnt=3
[TU_TRACE] PKT7 op=0x12 cnt=0
[TU_TRACE] PKT7 op=0x13 cnt=0
[TU_TRACE] PKT7 op=0x17 cnt=1
[TU_TRACE] PKT7 op=0x49 cnt=4
[TU_TRACE] PKT7 op=0x39 cnt=3
[TU_TRACE] PKT4 reg=0x8891 cnt=1
[TU_TRACE] PKT7 op=0x46 cnt=3
[TU_TRACE] PKT7 op=0x65 cnt=1
[TU_TRACE] PKT4 reg=0x8231 cnt=1
[TU_TRACE] PKT4 reg=0x8800 cnt=1
[TU_TRACE] PKT4 reg=0x88d3 cnt=1
[TU_TRACE] PKT4 reg=0xa007 cnt=1
[TU_TRACE] PKT4 reg=0x8235 cnt=2
[TU_TRACE] PKT4 reg=0x8507 cnt=2
[TU_TRACE] PKT7 op=0x64 cnt=1
[TU_TRACE] PKT7 op=0x63 cnt=1
[TU_TRACE] PKT4 reg=0x8206 cnt=1
[TU_TRACE] PKT4 reg=0x88f5 cnt=1
[TU_TRACE] PKT7 op=0x3f cnt=3
[TU_TRACE] PKT7 op=0x1d cnt=1
[TU_TRACE] PKT7 op=0x3f cnt=3
[TU_TRACE] PKT7 op=0x26 cnt=0
[TU_TRACE] PKT7 op=0x65 cnt=1
[TU_TRACE] PKT4 reg=0x8212 cnt=1
[TU_TRACE] PKT4 reg=0x810b cnt=1
[TU_TRACE] PKT7 op=0x46 cnt=1
[TU_TRACE] PKT7 op=0x46 cnt=4
[TU_TRACE] PKT7 op=0x46 cnt=1
[TU_TRACE] PKT4 reg=0x8891 cnt=1
[TU_TRACE] PKT7 op=0x46 cnt=3
[TU_TRACE] PKT7 op=0x43 cnt=3
[TU_TRACE] PKT7 op=0x46 cnt=1
[TU_TRACE] PKT7 op=0x46 cnt=1
[TU_TRACE] PKT7 op=0x46 cnt=4
[TU_TRACE] PKT7 op=0x17 cnt=1
[TU_TRACE] PKT7 op=0x46 cnt=1
[TU_TRACE] PKT7 op=0x46 cnt=1
[TU_TRACE] PKT7 op=0x46 cnt=1
[TU_TRACE] PKT7 op=0x46 cnt=1
[TU_TRACE] PKT7 op=0x26 cnt=0
[TU_TRACE] PKT4 reg=0xab1f cnt=1
[TU_TRACE] PKT7 op=0x26 cnt=0
[TU_TRACE] WRITE_REG reg=0x8228 val=0x00000000
[TU_TRACE] PKT4 reg=0x8228 cnt=1
[TU_TRACE] WRITE_REG reg=0x8229 val=0x00000000
[TU_TRACE] PKT4 reg=0x8229 cnt=1
[TU_TRACE] WRITE_REG reg=0x822a val=0x00000000
[TU_TRACE] PKT4 reg=0x822a cnt=1
[TU_TRACE] WRITE_REG reg=0x822b val=0x00000000
[TU_TRACE] PKT4 reg=0x822b cnt=1
[TU_TRACE] WRITE_REG reg=0x822c val=0x00000000
[TU_TRACE] PKT4 reg=0x822c cnt=1
[TU_TRACE] WRITE_REG reg=0x822d val=0x00000000
[TU_TRACE] PKT4 reg=0x822d cnt=1
[TU_TRACE] WRITE_REG reg=0x8818 val=0x00000000
[TU_TRACE] PKT4 reg=0x8818 cnt=1
[TU_TRACE] WRITE_REG reg=0x8819 val=0x00000000
[TU_TRACE] PKT4 reg=0x8819 cnt=1
[TU_TRACE] WRITE_REG reg=0x881a val=0x00000000
[TU_TRACE] PKT4 reg=0x881a cnt=1
[TU_TRACE] WRITE_REG reg=0x881b val=0x00000000
[TU_TRACE] PKT4 reg=0x881b cnt=1
[TU_TRACE] WRITE_REG reg=0x881c val=0x00000000
[TU_TRACE] PKT4 reg=0x881c cnt=1
[TU_TRACE] WRITE_REG reg=0x881d val=0x00000000
[TU_TRACE] PKT4 reg=0x881d cnt=1
[TU_TRACE] WRITE_REG reg=0x881e val=0x00000000
[TU_TRACE] PKT4 reg=0x881e cnt=1
[TU_TRACE] WRITE_REG reg=0x8899 val=0x00000000
[TU_TRACE] PKT4 reg=0x8899 cnt=1
[TU_TRACE] WRITE_REG reg=0x88f1 val=0x00000001
[TU_TRACE] PKT4 reg=0x88f1 cnt=1
[TU_TRACE] WRITE_REG reg=0xab01 val=0x00000000
[TU_TRACE] PKT4 reg=0xab01 cnt=1
[TU_TRACE] WRITE_REG reg=0xab02 val=0x00000000
[TU_TRACE] PKT4 reg=0xab02 cnt=1
[TU_TRACE] WRITE_REG reg=0xab23 val=0x00000000
[TU_TRACE] PKT4 reg=0xab23 cnt=1
[TU_TRACE] WRITE_REG reg=0xb182 val=0x00000004
[TU_TRACE] PKT4 reg=0xb182 cnt=1
[TU_TRACE] WRITE_REG reg=0xb183 val=0x00000000
[TU_TRACE] PKT4 reg=0xb183 cnt=1
[TU_TRACE] WRITE_REG reg=0x980b val=0x00800280
[TU_TRACE] PKT4 reg=0x980b cnt=1
[TU_TRACE] WRITE_REG reg=0x9b00 val=0x00003f00
[TU_TRACE] PKT4 reg=0x9b00 cnt=1
[TU_TRACE] PKT4 reg=0x8130 cnt=1
[TU_TRACE] PKT4 reg=0x8131 cnt=1
[TU_TRACE] WRITE_REG reg=0xae0f val=0x0000003f
[TU_TRACE] PKT4 reg=0xae0f cnt=1
[TU_TRACE] PKT4 reg=0xab09 cnt=1
[TU_TRACE] WRITE_REG reg=0xb182 val=0x00000000
[TU_TRACE] PKT4 reg=0xb182 cnt=1
[TU_TRACE] WRITE_REG reg=0xa9a8 val=0x00000000
[TU_TRACE] PKT4 reg=0xa9a8 cnt=1
[TU_TRACE] PKT4 reg=0xab00 cnt=1
[TU_TRACE] PKT4 reg=0xa009 cnt=1
[TU_TRACE] WRITE_REG reg=0x8811 val=0x00000010
[TU_TRACE] PKT4 reg=0x8811 cnt=1
[TU_TRACE] PKT4 reg=0x8213 cnt=1
[TU_TRACE] WRITE_REG reg=0x8818 val=0x00000000
[TU_TRACE] PKT4 reg=0x8818 cnt=1
[TU_TRACE] PKT4 reg=0x9310 cnt=1
[TU_TRACE] PKT4 reg=0x9312 cnt=1
[TU_TRACE] PKT4 reg=0x9305 cnt=1
[TU_TRACE] WRITE_REG reg=0xb183 val=0x00000000
[TU_TRACE] PKT4 reg=0xb183 cnt=1
[TU_TRACE] PKT4 reg=0x8234 cnt=1
[TU_TRACE] PKT4 reg=0xb309 cnt=1
[TU_TRACE] PKT4 reg=0xa9cb cnt=1
[TU_TRACE] WRITE_REG reg=0xa007 val=0x00000000
[TU_TRACE] PKT4 reg=0xa007 cnt=1
[TU_TRACE] PKT4 reg=0x8864 cnt=1
[TU_TRACE] PKT4 reg=0xaa0c cnt=1
[TU_TRACE] PKT4 reg=0xb302 cnt=2
[TU_TRACE] PKT4 reg=0xb180 cnt=2
[TU_TRACE] PKT4 reg=0x9814 cnt=1
[TU_TRACE] PKT4 reg=0x9815 cnt=1
[TU_TRACE] PKT4 reg=0xa980 cnt=1
[TU_TRACE] PKT4 reg=0xa827 cnt=1
[TU_TRACE] PKT4 reg=0x9313 cnt=1
[TU_TRACE] PKT4 reg=0x8c34 cnt=1
[TU_TRACE] PKT4 reg=0x88e5 cnt=1
[TU_TRACE] PKT7 op=0x43 cnt=3
[TU_TRACE] PKT7 op=0x1b cnt=2
[TU_TRACE] PKT7 op=0x17 cnt=1
[TU_TRACE] PKT7 op=0x55 cnt=3
[TU_TRACE] PKT7 op=0x17 cnt=1
[TU_TRACE] PKT7 op=0x55 cnt=3
[TU_TRACE] PKT7 op=0x17 cnt=1
[TU_TRACE] PKT7 op=0x39 cnt=3
[TU_TRACE] PKT7 op=0x55 cnt=3
[TU_TRACE] PKT7 op=0x55 cnt=3
[TU_TRACE] PKT7 op=0x17 cnt=1
[TU_TRACE] PKT4 reg=0x8212 cnt=1
[TU_TRACE] PKT4 reg=0x810b cnt=1
[TU_TRACE] PKT7 op=0x47 cnt=2
[TU_TRACE] PKT7 op=0x47 cnt=2
[TU_TRACE] PKT4 reg=0x88d1 cnt=2
[TU_TRACE] PKT4 reg=0x88df cnt=4
[TU_TRACE] PKT4 reg=0x88d5 cnt=1
[TU_TRACE] PKT4 reg=0x88d0 cnt=1
[TU_TRACE] PKT4 reg=0x88e3 cnt=1
[TU_TRACE] PKT4 reg=0x88d7 cnt=4
[TU_TRACE] PKT4 reg=0x88dc cnt=3
[TU_TRACE] PKT4 reg=0x88d6 cnt=1
[TU_TRACE] PKT7 op=0x46 cnt=1
[TU_TRACE] PKT7 op=0x46 cnt=1
[TU_TRACE] PKT4 reg=0x8872 cnt=6
[TU_TRACE] PKT4 reg=0x808d cnt=1
[TU_TRACE] PKT4 reg=0x8881 cnt=1
[TU_TRACE] PKT4 reg=0x808e cnt=2
[TU_TRACE] PKT4 reg=0x8092 cnt=1
[TU_TRACE] PKT4 reg=0x8090 cnt=2
[TU_TRACE] PKT7 op=0x46 cnt=1
[TU_TRACE] PKT7 op=0x43 cnt=6
[TU_TRACE] PKT4 reg=0xa010 cnt=3
[TU_TRACE] PKT4 reg=0x9b15 cnt=1
[TU_TRACE] PKT4 reg=0xa00e cnt=2
[TU_TRACE] PKT4 reg=0x9b01 cnt=1
[TU_TRACE] PKT4 reg=0x930f cnt=1
[TU_TRACE] PKT4 reg=0x9b12 cnt=1
[TU_TRACE] PKT4 reg=0x8212 cnt=1
[TU_TRACE] PKT4 reg=0x810b cnt=1
[TU_TRACE] PKT4 reg=0x8898 cnt=1
[TU_TRACE] PKT4 reg=0x8089 cnt=1
[TU_TRACE] PKT4 reg=0x8870 cnt=1
[TU_TRACE] PKT4 reg=0xab30 cnt=8
[TU_TRACE] PKT4 reg=0xab1f cnt=1
[TU_TRACE] PKT7 op=0x43 cnt=90
[TU_TRACE] PKT7 op=0x38 cnt=7
[TU_TRACE] PKT4 reg=0xab30 cnt=8
[TU_TRACE] PKT7 op=0x43 cnt=3
[TU_TRACE] PKT7 op=0x38 cnt=7
[TU_TRACE] PKT4 reg=0xab30 cnt=8
[TU_TRACE] PKT7 op=0x43 cnt=3
[TU_TRACE] PKT7 op=0x38 cnt=7
[TU_TRACE] PKT4 reg=0xab30 cnt=8
[TU_TRACE] PKT7 op=0x43 cnt=3
[TU_TRACE] PKT7 op=0x38 cnt=7
[TU_TRACE] PKT4 reg=0xab30 cnt=8
[TU_TRACE] PKT7 op=0x43 cnt=3
[TU_TRACE] PKT7 op=0x38 cnt=7
[TU_TRACE] PKT4 reg=0xab30 cnt=8
[TU_TRACE] PKT7 op=0x43 cnt=3
[TU_TRACE] PKT7 op=0x38 cnt=7
[TU_TRACE] PKT4 reg=0xab30 cnt=8
[TU_TRACE] PKT7 op=0x43 cnt=3
[TU_TRACE] PKT7 op=0x38 cnt=7
[TU_TRACE] PKT4 reg=0xab30 cnt=8
[TU_TRACE] PKT7 op=0x43 cnt=3
[TU_TRACE] PKT7 op=0x38 cnt=7
[TU_TRACE] PKT4 reg=0xab30 cnt=8
[TU_TRACE] PKT7 op=0x43 cnt=3
[TU_TRACE] PKT7 op=0x38 cnt=7
[TU_TRACE] PKT4 reg=0xab30 cnt=8
[TU_TRACE] PKT7 op=0x43 cnt=3
[TU_TRACE] PKT7 op=0x38 cnt=7
[TU_TRACE] PKT4 reg=0xab30 cnt=8
[TU_TRACE] PKT7 op=0x43 cnt=3
[TU_TRACE] PKT7 op=0x38 cnt=7
[TU_TRACE] PKT4 reg=0xab30 cnt=8
[TU_TRACE] PKT7 op=0x43 cnt=3
[TU_TRACE] PKT7 op=0x38 cnt=7
[TU_TRACE] PKT4 reg=0xab30 cnt=8
[TU_TRACE] PKT7 op=0x43 cnt=3
[TU_TRACE] PKT7 op=0x38 cnt=7
[TU_TRACE] PKT4 reg=0xab30 cnt=8
[TU_TRACE] PKT7 op=0x43 cnt=3
[TU_TRACE] PKT7 op=0x38 cnt=7
[TU_TRACE] PKT4 reg=0xab30 cnt=8
[TU_TRACE] PKT7 op=0x43 cnt=3
[TU_TRACE] PKT7 op=0x38 cnt=7
[TU_TRACE] PKT4 reg=0xab30 cnt=8
[TU_TRACE] PKT7 op=0x43 cnt=3
[TU_TRACE] PKT7 op=0x38 cnt=7
[TU_TRACE] PKT4 reg=0xab30 cnt=8
[TU_TRACE] PKT7 op=0x43 cnt=3
[TU_TRACE] PKT7 op=0x38 cnt=7
[TU_TRACE] PKT4 reg=0xab30 cnt=8
[TU_TRACE] PKT7 op=0x43 cnt=3
[TU_TRACE] PKT7 op=0x38 cnt=7
[TU_TRACE] PKT4 reg=0xab30 cnt=8
[TU_TRACE] PKT7 op=0x43 cnt=3
[TU_TRACE] PKT7 op=0x38 cnt=7
[TU_TRACE] PKT4 reg=0xab30 cnt=8
[TU_TRACE] PKT7 op=0x43 cnt=3
[TU_TRACE] PKT7 op=0x38 cnt=7
[TU_TRACE] PKT4 reg=0xa00e cnt=2
[TU_TRACE] PKT4 reg=0x9b01 cnt=1
[TU_TRACE] PKT4 reg=0x930f cnt=1
[TU_TRACE] PKT4 reg=0x9b12 cnt=1
[TU_TRACE] PKT4 reg=0x8212 cnt=1
[TU_TRACE] PKT4 reg=0x810b cnt=1
[TU_TRACE] PKT4 reg=0x8898 cnt=1
[TU_TRACE] PKT4 reg=0x8089 cnt=1
[TU_TRACE] PKT4 reg=0x8870 cnt=1
[TU_TRACE] PKT4 reg=0xab30 cnt=8
[TU_TRACE] PKT4 reg=0xab1f cnt=1
[TU_TRACE] PKT7 op=0x43 cnt=90
[TU_TRACE] PKT7 op=0x38 cnt=7
[TU_TRACE] PKT4 reg=0xab30 cnt=8
[TU_TRACE] PKT7 op=0x43 cnt=3
[TU_TRACE] PKT7 op=0x38 cnt=7
[TU_TRACE] PKT4 reg=0xab30 cnt=8
[TU_TRACE] PKT7 op=0x43 cnt=3
[TU_TRACE] PKT7 op=0x38 cnt=7
[TU_TRACE] PKT4 reg=0xab30 cnt=8
[TU_TRACE] PKT7 op=0x43 cnt=3
[TU_TRACE] PKT7 op=0x38 cnt=7
[TU_TRACE] PKT4 reg=0xab30 cnt=8
[TU_TRACE] PKT7 op=0x43 cnt=3
[TU_TRACE] PKT7 op=0x38 cnt=7
[TU_TRACE] PKT4 reg=0xab30 cnt=8
[TU_TRACE] PKT7 op=0x43 cnt=3
[TU_TRACE] PKT7 op=0x38 cnt=7
[TU_TRACE] PKT4 reg=0xab30 cnt=8
[TU_TRACE] PKT7 op=0x43 cnt=3
[TU_TRACE] PKT7 op=0x38 cnt=7
[TU_TRACE] PKT4 reg=0xab30 cnt=8
[TU_TRACE] PKT7 op=0x43 cnt=3
[TU_TRACE] PKT7 op=0x38 cnt=7
[TU_TRACE] PKT4 reg=0xab30 cnt=8
[TU_TRACE] PKT7 op=0x43 cnt=3
[TU_TRACE] PKT7 op=0x38 cnt=7
[TU_TRACE] PKT4 reg=0xab30 cnt=8
[TU_TRACE] PKT7 op=0x43 cnt=3
[TU_TRACE] PKT7 op=0x38 cnt=7
[TU_TRACE] PKT4 reg=0xab30 cnt=8
[TU_TRACE] PKT7 op=0x43 cnt=3
[TU_TRACE] PKT7 op=0x38 cnt=7
[TU_TRACE] PKT4 reg=0xab30 cnt=8
[TU_TRACE] PKT7 op=0x43 cnt=3
[TU_TRACE] PKT7 op=0x38 cnt=7
[TU_TRACE] PKT4 reg=0xab30 cnt=8
[TU_TRACE] PKT7 op=0x43 cnt=3
[TU_TRACE] PKT7 op=0x38 cnt=7
[TU_TRACE] PKT4 reg=0xab30 cnt=8
[TU_TRACE] PKT7 op=0x43 cnt=3
[TU_TRACE] PKT7 op=0x38 cnt=7
[TU_TRACE] PKT4 reg=0xab30 cnt=8
[TU_TRACE] PKT7 op=0x43 cnt=3
[TU_TRACE] PKT7 op=0x38 cnt=7
[TU_TRACE] PKT4 reg=0xab30 cnt=8
[TU_TRACE] PKT7 op=0x43 cnt=3
[TU_TRACE] PKT7 op=0x38 cnt=7
[TU_TRACE] PKT4 reg=0xab30 cnt=8
[TU_TRACE] PKT7 op=0x43 cnt=3
[TU_TRACE] PKT7 op=0x38 cnt=7
[TU_TRACE] PKT4 reg=0xab30 cnt=8
[TU_TRACE] PKT7 op=0x43 cnt=3
[TU_TRACE] PKT7 op=0x38 cnt=7
[TU_TRACE] PKT4 reg=0xab30 cnt=8
[TU_TRACE] PKT7 op=0x43 cnt=3
[TU_TRACE] PKT7 op=0x38 cnt=7
[TU_TRACE] PKT4 reg=0xab30 cnt=8
[TU_TRACE] PKT7 op=0x43 cnt=3
[TU_TRACE] PKT7 op=0x38 cnt=7
[TU_TRACE] PKT4 reg=0xa00e cnt=2
[TU_TRACE] PKT4 reg=0x9b01 cnt=1
[TU_TRACE] PKT4 reg=0x930f cnt=1
[TU_TRACE] PKT4 reg=0x9b12 cnt=1
[TU_TRACE] PKT4 reg=0x8212 cnt=1
[TU_TRACE] PKT4 reg=0x810b cnt=1
[TU_TRACE] PKT4 reg=0x8898 cnt=1
[TU_TRACE] PKT4 reg=0x8089 cnt=1
[TU_TRACE] PKT4 reg=0x8870 cnt=1
[TU_TRACE] PKT4 reg=0xab30 cnt=8
[TU_TRACE] PKT4 reg=0xab1f cnt=1
[TU_TRACE] PKT7 op=0x43 cnt=90
[TU_TRACE] PKT7 op=0x38 cnt=7
[TU_TRACE] PKT4 reg=0xab30 cnt=8
[TU_TRACE] PKT7 op=0x43 cnt=3
[TU_TRACE] PKT7 op=0x38 cnt=7
[TU_TRACE] PKT4 reg=0xab30 cnt=8
[TU_TRACE] PKT7 op=0x43 cnt=3
[TU_TRACE] PKT7 op=0x38 cnt=7
[TU_TRACE] PKT4 reg=0xab30 cnt=8
[TU_TRACE] PKT7 op=0x43 cnt=3
[TU_TRACE] PKT7 op=0x38 cnt=7
[TU_TRACE] PKT4 reg=0xab30 cnt=8
[TU_TRACE] PKT7 op=0x43 cnt=3
[TU_TRACE] PKT7 op=0x38 cnt=7
[TU_TRACE] PKT4 reg=0xab30 cnt=8
[TU_TRACE] PKT7 op=0x43 cnt=3
[TU_TRACE] PKT7 op=0x38 cnt=7
[TU_TRACE] PKT4 reg=0xab30 cnt=8
[TU_TRACE] PKT7 op=0x43 cnt=3
[TU_TRACE] PKT7 op=0x38 cnt=7
[TU_TRACE] PKT4 reg=0xab30 cnt=8
[TU_TRACE] PKT7 op=0x43 cnt=3
[TU_TRACE] PKT7 op=0x38 cnt=7
[TU_TRACE] PKT4 reg=0xab30 cnt=8
[TU_TRACE] PKT7 op=0x43 cnt=3
[TU_TRACE] PKT7 op=0x38 cnt=7
[TU_TRACE] PKT4 reg=0xab30 cnt=8
[TU_TRACE] PKT7 op=0x43 cnt=3
[TU_TRACE] PKT7 op=0x38 cnt=7
[TU_TRACE] PKT4 reg=0xab30 cnt=8
[TU_TRACE] PKT7 op=0x43 cnt=3
[TU_TRACE] PKT7 op=0x38 cnt=7
[TU_TRACE] PKT4 reg=0xab30 cnt=8
[TU_TRACE] PKT7 op=0x43 cnt=3
[TU_TRACE] PKT7 op=0x38 cnt=7
[TU_TRACE] PKT4 reg=0xab30 cnt=8
[TU_TRACE] PKT7 op=0x43 cnt=3
[TU_TRACE] PKT7 op=0x38 cnt=7
[TU_TRACE] PKT4 reg=0xab30 cnt=8
[TU_TRACE] PKT7 op=0x43 cnt=3
[TU_TRACE] PKT7 op=0x38 cnt=7
[TU_TRACE] PKT4 reg=0xab30 cnt=8
[TU_TRACE] PKT7 op=0x43 cnt=3
[TU_TRACE] PKT7 op=0x38 cnt=7
[TU_TRACE] PKT4 reg=0xab30 cnt=8
[TU_TRACE] PKT7 op=0x43 cnt=3
[TU_TRACE] PKT7 op=0x38 cnt=7
[TU_TRACE] PKT4 reg=0xab30 cnt=8
[TU_TRACE] PKT7 op=0x43 cnt=3
[TU_TRACE] PKT7 op=0x38 cnt=7
[TU_TRACE] PKT4 reg=0xab30 cnt=8
[TU_TRACE] PKT7 op=0x43 cnt=3
[TU_TRACE] PKT7 op=0x38 cnt=7
[TU_TRACE] PKT4 reg=0xab30 cnt=8
[TU_TRACE] PKT7 op=0x43 cnt=3
[TU_TRACE] PKT7 op=0x38 cnt=7
[TU_TRACE] PKT4 reg=0xab30 cnt=8
[TU_TRACE] PKT7 op=0x43 cnt=3
[TU_TRACE] PKT7 op=0x38 cnt=7
[TU_TRACE] PKT4 reg=0xa00e cnt=2
[TU_TRACE] PKT4 reg=0x9b01 cnt=1
[TU_TRACE] PKT4 reg=0x930f cnt=1
[TU_TRACE] PKT4 reg=0x9b12 cnt=1
[TU_TRACE] PKT4 reg=0x8212 cnt=1
[TU_TRACE] PKT4 reg=0x810b cnt=1
[TU_TRACE] PKT4 reg=0x8898 cnt=1
[TU_TRACE] PKT4 reg=0x8089 cnt=1
[TU_TRACE] PKT4 reg=0x8870 cnt=1
[TU_TRACE] PKT4 reg=0xab30 cnt=8
[TU_TRACE] PKT4 reg=0xab1f cnt=1
[TU_TRACE] PKT7 op=0x43 cnt=90
[TU_TRACE] PKT7 op=0x38 cnt=7
[TU_TRACE] PKT4 reg=0xab30 cnt=8
[TU_TRACE] PKT7 op=0x43 cnt=3
[TU_TRACE] PKT7 op=0x38 cnt=7
[TU_TRACE] PKT4 reg=0xab30 cnt=8
[TU_TRACE] PKT7 op=0x43 cnt=3
[TU_TRACE] PKT7 op=0x38 cnt=7
[TU_TRACE] PKT4 reg=0xab30 cnt=8
[TU_TRACE] PKT7 op=0x43 cnt=3
[TU_TRACE] PKT7 op=0x38 cnt=7
[TU_TRACE] PKT4 reg=0xab30 cnt=8
[TU_TRACE] PKT7 op=0x43 cnt=3
[TU_TRACE] PKT7 op=0x38 cnt=7
[TU_TRACE] PKT4 reg=0xab30 cnt=8
[TU_TRACE] PKT7 op=0x43 cnt=3
[TU_TRACE] PKT7 op=0x38 cnt=7
[TU_TRACE] PKT4 reg=0xab30 cnt=8
[TU_TRACE] PKT7 op=0x43 cnt=3
[TU_TRACE] PKT7 op=0x38 cnt=7
[TU_TRACE] PKT4 reg=0xab30 cnt=8
[TU_TRACE] PKT7 op=0x43 cnt=3
[TU_TRACE] PKT7 op=0x38 cnt=7
[TU_TRACE] PKT4 reg=0xab30 cnt=8
[TU_TRACE] PKT7 op=0x43 cnt=3
[TU_TRACE] PKT7 op=0x38 cnt=7
[TU_TRACE] PKT4 reg=0xab30 cnt=8
[TU_TRACE] PKT7 op=0x43 cnt=3
[TU_TRACE] PKT7 op=0x38 cnt=7
[TU_TRACE] PKT4 reg=0xab30 cnt=8
[TU_TRACE] PKT7 op=0x43 cnt=3
[TU_TRACE] PKT7 op=0x38 cnt=7
[TU_TRACE] PKT4 reg=0xab30 cnt=8
[TU_TRACE] PKT7 op=0x43 cnt=3
[TU_TRACE] PKT7 op=0x38 cnt=7
[TU_TRACE] PKT4 reg=0xab30 cnt=8
[TU_TRACE] PKT7 op=0x43 cnt=3
[TU_TRACE] PKT7 op=0x38 cnt=7
[TU_TRACE] PKT4 reg=0xab30 cnt=8
[TU_TRACE] PKT7 op=0x43 cnt=3
[TU_TRACE] PKT7 op=0x38 cnt=7
[TU_TRACE] PKT4 reg=0xab30 cnt=8
[TU_TRACE] PKT7 op=0x43 cnt=3
[TU_TRACE] PKT7 op=0x38 cnt=7
[TU_TRACE] PKT4 reg=0xab30 cnt=8
[TU_TRACE] PKT7 op=0x43 cnt=3
[TU_TRACE] PKT7 op=0x38 cnt=7
[TU_TRACE] PKT4 reg=0xab30 cnt=8
[TU_TRACE] PKT7 op=0x43 cnt=3
[TU_TRACE] PKT7 op=0x38 cnt=7
[TU_TRACE] PKT4 reg=0xab30 cnt=8
[TU_TRACE] PKT7 op=0x43 cnt=3
[TU_TRACE] PKT7 op=0x38 cnt=7
[TU_TRACE] PKT4 reg=0xab30 cnt=8
[TU_TRACE] PKT7 op=0x43 cnt=3
[TU_TRACE] PKT7 op=0x38 cnt=7
[TU_TRACE] PKT4 reg=0xab30 cnt=8
[TU_TRACE] PKT7 op=0x43 cnt=3
[TU_TRACE] PKT7 op=0x38 cnt=7
[TU_TRACE] PKT4 reg=0xa00e cnt=2
[TU_TRACE] PKT4 reg=0x9b01 cnt=1
[TU_TRACE] PKT4 reg=0x930f cnt=1
[TU_TRACE] PKT4 reg=0x9b12 cnt=1
[TU_TRACE] PKT4 reg=0x8212 cnt=1
[TU_TRACE] PKT4 reg=0x810b cnt=1
[TU_TRACE] PKT4 reg=0x8898 cnt=1
[TU_TRACE] PKT4 reg=0x8089 cnt=1
[TU_TRACE] PKT4 reg=0x8870 cnt=1
[TU_TRACE] PKT4 reg=0xab30 cnt=8
[TU_TRACE] PKT4 reg=0xab1f cnt=1
[TU_TRACE] PKT7 op=0x43 cnt=90
[TU_TRACE] PKT7 op=0x38 cnt=7
[TU_TRACE] PKT4 reg=0xab30 cnt=8
[TU_TRACE] PKT7 op=0x43 cnt=3
[TU_TRACE] PKT7 op=0x38 cnt=7
[TU_TRACE] PKT4 reg=0xab30 cnt=8
[TU_TRACE] PKT7 op=0x43 cnt=3
[TU_TRACE] PKT7 op=0x38 cnt=7
[TU_TRACE] PKT4 reg=0xab30 cnt=8
[TU_TRACE] PKT7 op=0x43 cnt=3
[TU_TRACE] PKT7 op=0x38 cnt=7
[TU_TRACE] PKT4 reg=0xab30 cnt=8
[TU_TRACE] PKT7 op=0x43 cnt=3
[TU_TRACE] PKT7 op=0x38 cnt=7
[TU_TRACE] PKT4 reg=0xab30 cnt=8
[TU_TRACE] PKT7 op=0x43 cnt=3
[TU_TRACE] PKT7 op=0x38 cnt=7
[TU_TRACE] PKT4 reg=0xab30 cnt=8
[TU_TRACE] PKT7 op=0x43 cnt=3
[TU_TRACE] PKT7 op=0x38 cnt=7
[TU_TRACE] PKT4 reg=0xab30 cnt=8
[TU_TRACE] PKT7 op=0x43 cnt=3
[TU_TRACE] PKT7 op=0x38 cnt=7
[TU_TRACE] PKT4 reg=0xab30 cnt=8
[TU_TRACE] PKT7 op=0x43 cnt=3
[TU_TRACE] PKT7 op=0x38 cnt=7
[TU_TRACE] PKT4 reg=0xab30 cnt=8
[TU_TRACE] PKT7 op=0x43 cnt=3
[TU_TRACE] PKT7 op=0x38 cnt=7
[TU_TRACE] PKT4 reg=0xab30 cnt=8
[TU_TRACE] PKT7 op=0x43 cnt=3
[TU_TRACE] PKT7 op=0x38 cnt=7
[TU_TRACE] PKT4 reg=0xab30 cnt=8
[TU_TRACE] PKT7 op=0x43 cnt=3
[TU_TRACE] PKT7 op=0x38 cnt=7
[TU_TRACE] PKT4 reg=0xab30 cnt=8
[TU_TRACE] PKT7 op=0x43 cnt=3
[TU_TRACE] PKT7 op=0x38 cnt=7
[TU_TRACE] PKT4 reg=0xab30 cnt=8
[TU_TRACE] PKT7 op=0x43 cnt=3
[TU_TRACE] PKT7 op=0x38 cnt=7
[TU_TRACE] PKT4 reg=0xab30 cnt=8
[TU_TRACE] PKT7 op=0x43 cnt=3
[TU_TRACE] PKT7 op=0x38 cnt=7
[TU_TRACE] PKT4 reg=0xab30 cnt=8
[TU_TRACE] PKT7 op=0x43 cnt=3
[TU_TRACE] PKT7 op=0x38 cnt=7
[TU_TRACE] PKT4 reg=0xab30 cnt=8
[TU_TRACE] PKT7 op=0x43 cnt=3
[TU_TRACE] PKT7 op=0x38 cnt=7
[TU_TRACE] PKT4 reg=0xab30 cnt=8
[TU_TRACE] PKT7 op=0x43 cnt=3
[TU_TRACE] PKT7 op=0x38 cnt=7
[TU_TRACE] PKT4 reg=0xab30 cnt=8
[TU_TRACE] PKT7 op=0x43 cnt=3
[TU_TRACE] PKT7 op=0x38 cnt=7
[TU_TRACE] PKT4 reg=0xab30 cnt=8
[TU_TRACE] PKT7 op=0x43 cnt=3
[TU_TRACE] PKT7 op=0x38 cnt=7
[TU_TRACE] PKT7 op=0x65 cnt=1
[TU_TRACE] PKT4 reg=0x88d1 cnt=2
[TU_TRACE] PKT4 reg=0x88df cnt=4
[TU_TRACE] PKT4 reg=0x88d5 cnt=1
[TU_TRACE] PKT4 reg=0x88d0 cnt=1
[TU_TRACE] PKT4 reg=0x88e3 cnt=1
[TU_TRACE] PKT4 reg=0x88d7 cnt=4
[TU_TRACE] PKT4 reg=0x88dc cnt=3
[TU_TRACE] PKT4 reg=0x88d6 cnt=1
[TU_TRACE] PKT7 op=0x46 cnt=1
[TU_TRACE] PKT7 op=0x46 cnt=1
[TU_TRACE] PKT7 op=0x46 cnt=1
[TU_TRACE] PKT7 op=0x46 cnt=1
[TU_TRACE] PKT7 op=0x46 cnt=1
[TU_TRACE] PKT7 op=0x46 cnt=1
[TU_TRACE] PKT7 op=0x46 cnt=1
[TU_TRACE] PKT7 op=0x26 cnt=0
[TU_TRACE] PKT7 op=0x13 cnt=0
[TU_TRACE] PKT4 reg=0x88e5 cnt=1
[TU_TRACE] PKT7 op=0x17 cnt=1
[TU_TRACE] PKT7 op=0x17 cnt=1
[TU_TRACE] PKT4 reg=0x8812 cnt=1
[TU_TRACE] PKT4 reg=0x88e4 cnt=1
[TU_TRACE] PKT7 op=0x17 cnt=1
[TU_TRACE] PKT7 op=0x39 cnt=3
[TU_TRACE] PKT7 op=0x1d cnt=1
[TU_TRACE] PKT4 reg=0x8206 cnt=1
[TU_TRACE] PKT4 reg=0x88f5 cnt=1
[TU_TRACE] PKT4 reg=0x0c38 cnt=1
[TU_TRACE] PKT7 op=0x3e cnt=3
[TU_TRACE] PKT7 op=0x12 cnt=0
[TU_TRACE] PKT7 op=0x13 cnt=0
[TU_TRACE] PKT7 op=0x17 cnt=1
[TU_TRACE] PKT7 op=0x49 cnt=4
[TU_TRACE] PKT7 op=0x39 cnt=3
[TU_TRACE] PKT4 reg=0x8891 cnt=1
[TU_TRACE] PKT7 op=0x46 cnt=3
[TU_TRACE] PKT7 op=0x65 cnt=1
[TU_TRACE] PKT4 reg=0x8231 cnt=1
[TU_TRACE] PKT4 reg=0x8800 cnt=1
[TU_TRACE] PKT4 reg=0x88d3 cnt=1
[TU_TRACE] PKT4 reg=0xa007 cnt=1
[TU_TRACE] PKT4 reg=0x8235 cnt=2
[TU_TRACE] PKT4 reg=0x8507 cnt=2
[TU_TRACE] PKT7 op=0x64 cnt=1
[TU_TRACE] PKT7 op=0x63 cnt=1
[TU_TRACE] PKT4 reg=0x8206 cnt=1
[TU_TRACE] PKT4 reg=0x88f5 cnt=1
[TU_TRACE] PKT7 op=0x3f cnt=3
[TU_TRACE] PKT7 op=0x1d cnt=1
[TU_TRACE] PKT7 op=0x3f cnt=3
[TU_TRACE] PKT7 op=0x26 cnt=0
[TU_TRACE] PKT7 op=0x65 cnt=1
[TU_TRACE] PKT4 reg=0x8212 cnt=1
[TU_TRACE] PKT4 reg=0x810b cnt=1
[TU_TRACE] PKT7 op=0x46 cnt=1
[TU_TRACE] PKT7 op=0x46 cnt=4
[TU_TRACE] PKT7 op=0x46 cnt=1
[TU_TRACE] PKT4 reg=0x8891 cnt=1
[TU_TRACE] PKT7 op=0x46 cnt=3
[TU_TRACE] PKT7 op=0x43 cnt=3
[TU_TRACE] PKT7 op=0x46 cnt=1
[TU_TRACE] PKT7 op=0x46 cnt=1
[TU_TRACE] PKT7 op=0x46 cnt=4
[TU_TRACE] PKT7 op=0x17 cnt=1
[TU_TRACE] PKT7 op=0x46 cnt=1
[TU_TRACE] PKT7 op=0x46 cnt=1
[TU_TRACE] PKT7 op=0x46 cnt=1
[TU_TRACE] PKT7 op=0x46 cnt=1
[TU_TRACE] PKT7 op=0x26 cnt=0
[TU_TRACE] PKT4 reg=0xab1f cnt=1
[TU_TRACE] PKT7 op=0x26 cnt=0
[TU_TRACE] WRITE_REG reg=0x8228 val=0x00000000
[TU_TRACE] PKT4 reg=0x8228 cnt=1
[TU_TRACE] WRITE_REG reg=0x8229 val=0x00000000
[TU_TRACE] PKT4 reg=0x8229 cnt=1
[TU_TRACE] WRITE_REG reg=0x822a val=0x00000000
[TU_TRACE] PKT4 reg=0x822a cnt=1
[TU_TRACE] WRITE_REG reg=0x822b val=0x00000000
[TU_TRACE] PKT4 reg=0x822b cnt=1
[TU_TRACE] WRITE_REG reg=0x822c val=0x00000000
[TU_TRACE] PKT4 reg=0x822c cnt=1
[TU_TRACE] WRITE_REG reg=0x822d val=0x00000000
[TU_TRACE] PKT4 reg=0x822d cnt=1
[TU_TRACE] WRITE_REG reg=0x8818 val=0x00000000
[TU_TRACE] PKT4 reg=0x8818 cnt=1
[TU_TRACE] WRITE_REG reg=0x8819 val=0x00000000
[TU_TRACE] PKT4 reg=0x8819 cnt=1
[TU_TRACE] WRITE_REG reg=0x881a val=0x00000000
[TU_TRACE] PKT4 reg=0x881a cnt=1
[TU_TRACE] WRITE_REG reg=0x881b val=0x00000000
[TU_TRACE] PKT4 reg=0x881b cnt=1
[TU_TRACE] WRITE_REG reg=0x881c val=0x00000000
[TU_TRACE] PKT4 reg=0x881c cnt=1
[TU_TRACE] WRITE_REG reg=0x881d val=0x00000000
[TU_TRACE] PKT4 reg=0x881d cnt=1
[TU_TRACE] WRITE_REG reg=0x881e val=0x00000000
[TU_TRACE] PKT4 reg=0x881e cnt=1
[TU_TRACE] WRITE_REG reg=0x8899 val=0x00000000
[TU_TRACE] PKT4 reg=0x8899 cnt=1
[TU_TRACE] WRITE_REG reg=0x88f1 val=0x00000001
[TU_TRACE] PKT4 reg=0x88f1 cnt=1
[TU_TRACE] WRITE_REG reg=0xab01 val=0x00000000
[TU_TRACE] PKT4 reg=0xab01 cnt=1
[TU_TRACE] WRITE_REG reg=0xab02 val=0x00000000
[TU_TRACE] PKT4 reg=0xab02 cnt=1
[TU_TRACE] WRITE_REG reg=0xab23 val=0x00000000
[TU_TRACE] PKT4 reg=0xab23 cnt=1
[TU_TRACE] WRITE_REG reg=0xb182 val=0x00000004
[TU_TRACE] PKT4 reg=0xb182 cnt=1
[TU_TRACE] WRITE_REG reg=0xb183 val=0x00000000
[TU_TRACE] PKT4 reg=0xb183 cnt=1
[TU_TRACE] WRITE_REG reg=0x980b val=0x00800280
[TU_TRACE] PKT4 reg=0x980b cnt=1
[TU_TRACE] WRITE_REG reg=0x9b00 val=0x00003f00
[TU_TRACE] PKT4 reg=0x9b00 cnt=1
[TU_TRACE] PKT4 reg=0x8130 cnt=1
[TU_TRACE] PKT4 reg=0x8131 cnt=1
[TU_TRACE] WRITE_REG reg=0xae0f val=0x0000003f
[TU_TRACE] PKT4 reg=0xae0f cnt=1
[TU_TRACE] PKT4 reg=0xab09 cnt=1
[TU_TRACE] WRITE_REG reg=0xb182 val=0x00000000
[TU_TRACE] PKT4 reg=0xb182 cnt=1
[TU_TRACE] WRITE_REG reg=0xa9a8 val=0x00000000
[TU_TRACE] PKT4 reg=0xa9a8 cnt=1
[TU_TRACE] PKT4 reg=0xab00 cnt=1
[TU_TRACE] PKT4 reg=0xa009 cnt=1
[TU_TRACE] WRITE_REG reg=0x8811 val=0x00000010
[TU_TRACE] PKT4 reg=0x8811 cnt=1
[TU_TRACE] PKT4 reg=0x8213 cnt=1
[TU_TRACE] WRITE_REG reg=0x8818 val=0x00000000
[TU_TRACE] PKT4 reg=0x8818 cnt=1
[TU_TRACE] PKT4 reg=0x9310 cnt=1
[TU_TRACE] PKT4 reg=0x9312 cnt=1
[TU_TRACE] PKT4 reg=0x9305 cnt=1
[TU_TRACE] WRITE_REG reg=0xb183 val=0x00000000
[TU_TRACE] PKT4 reg=0xb183 cnt=1
[TU_TRACE] PKT4 reg=0x8234 cnt=1
[TU_TRACE] PKT4 reg=0xb309 cnt=1
[TU_TRACE] PKT4 reg=0xa9cb cnt=1
[TU_TRACE] WRITE_REG reg=0xa007 val=0x00000000
[TU_TRACE] PKT4 reg=0xa007 cnt=1
[TU_TRACE] PKT4 reg=0x8864 cnt=1
[TU_TRACE] PKT4 reg=0xaa0c cnt=1
[TU_TRACE] PKT4 reg=0xb302 cnt=2
[TU_TRACE] PKT4 reg=0xb180 cnt=2
[TU_TRACE] PKT4 reg=0x9814 cnt=1
[TU_TRACE] PKT4 reg=0x9815 cnt=1
[TU_TRACE] PKT4 reg=0xa980 cnt=1
[TU_TRACE] PKT4 reg=0xa827 cnt=1
[TU_TRACE] PKT4 reg=0x9313 cnt=1
[TU_TRACE] PKT4 reg=0x8c34 cnt=1
[TU_TRACE] PKT4 reg=0x88e5 cnt=1
[TU_TRACE] PKT7 op=0x43 cnt=3
[TU_TRACE] PKT7 op=0x1b cnt=2
[TU_TRACE] PKT7 op=0x17 cnt=1
[TU_TRACE] PKT7 op=0x55 cnt=3
[TU_TRACE] PKT7 op=0x17 cnt=1
[TU_TRACE] PKT7 op=0x55 cnt=3
[TU_TRACE] PKT7 op=0x17 cnt=1
[TU_TRACE] PKT7 op=0x39 cnt=3
[TU_TRACE] PKT7 op=0x55 cnt=3
[TU_TRACE] PKT7 op=0x55 cnt=3
[TU_TRACE] PKT7 op=0x17 cnt=1
[TU_TRACE] PKT4 reg=0x8212 cnt=1
[TU_TRACE] PKT4 reg=0x810b cnt=1
[TU_TRACE] PKT7 op=0x47 cnt=2
[TU_TRACE] PKT7 op=0x47 cnt=2
[TU_TRACE] PKT4 reg=0x88d1 cnt=2
[TU_TRACE] PKT4 reg=0x88df cnt=4
[TU_TRACE] PKT4 reg=0x88d5 cnt=1
[TU_TRACE] PKT4 reg=0x88d0 cnt=1
[TU_TRACE] PKT4 reg=0x88e3 cnt=1
[TU_TRACE] PKT4 reg=0x88d7 cnt=4
[TU_TRACE] PKT4 reg=0x88dc cnt=3
[TU_TRACE] PKT4 reg=0x88d6 cnt=1
[TU_TRACE] PKT7 op=0x46 cnt=1
[TU_TRACE] PKT7 op=0x46 cnt=1
[TU_TRACE] PKT4 reg=0x8872 cnt=6
[TU_TRACE] PKT4 reg=0x808d cnt=1
[TU_TRACE] PKT4 reg=0x8881 cnt=1
[TU_TRACE] PKT4 reg=0x808e cnt=2
[TU_TRACE] PKT4 reg=0x8092 cnt=1
[TU_TRACE] PKT4 reg=0x8090 cnt=2
[TU_TRACE] PKT7 op=0x46 cnt=1
[TU_TRACE] PKT7 op=0x43 cnt=6
[TU_TRACE] PKT4 reg=0xa010 cnt=3
[TU_TRACE] PKT4 reg=0x9b15 cnt=1
[TU_TRACE] PKT4 reg=0xa00e cnt=2
[TU_TRACE] PKT4 reg=0x9b01 cnt=1
[TU_TRACE] PKT4 reg=0x930f cnt=1
[TU_TRACE] PKT4 reg=0x9b12 cnt=1
[TU_TRACE] PKT4 reg=0x8212 cnt=1
[TU_TRACE] PKT4 reg=0x810b cnt=1
[TU_TRACE] PKT4 reg=0x8898 cnt=1
[TU_TRACE] PKT4 reg=0x8089 cnt=1
[TU_TRACE] PKT4 reg=0x8870 cnt=1
[TU_TRACE] PKT4 reg=0xab30 cnt=8
[TU_TRACE] PKT4 reg=0xab1f cnt=1
[TU_TRACE] PKT7 op=0x43 cnt=90
[TU_TRACE] PKT7 op=0x38 cnt=7
[TU_TRACE] PKT4 reg=0xab30 cnt=8
[TU_TRACE] PKT7 op=0x43 cnt=3
[TU_TRACE] PKT7 op=0x38 cnt=7
[TU_TRACE] PKT4 reg=0xab30 cnt=8
[TU_TRACE] PKT7 op=0x43 cnt=3
[TU_TRACE] PKT7 op=0x38 cnt=7
[TU_TRACE] PKT4 reg=0xab30 cnt=8
[TU_TRACE] PKT7 op=0x43 cnt=3
[TU_TRACE] PKT7 op=0x38 cnt=7
[TU_TRACE] PKT4 reg=0xab30 cnt=8
[TU_TRACE] PKT7 op=0x43 cnt=3
[TU_TRACE] PKT7 op=0x38 cnt=7
[TU_TRACE] PKT4 reg=0xab30 cnt=8
[TU_TRACE] PKT7 op=0x43 cnt=3
[TU_TRACE] PKT7 op=0x38 cnt=7
[TU_TRACE] PKT4 reg=0xab30 cnt=8
[TU_TRACE] PKT7 op=0x43 cnt=3
[TU_TRACE] PKT7 op=0x38 cnt=7
[TU_TRACE] PKT4 reg=0xab30 cnt=8
[TU_TRACE] PKT7 op=0x43 cnt=3
[TU_TRACE] PKT7 op=0x38 cnt=7
[TU_TRACE] PKT4 reg=0xab30 cnt=8
[TU_TRACE] PKT7 op=0x43 cnt=3
[TU_TRACE] PKT7 op=0x38 cnt=7
[TU_TRACE] PKT4 reg=0xab30 cnt=8
[TU_TRACE] PKT7 op=0x43 cnt=3
[TU_TRACE] PKT7 op=0x38 cnt=7
[TU_TRACE] PKT4 reg=0xab30 cnt=8
[TU_TRACE] PKT7 op=0x43 cnt=3
[TU_TRACE] PKT7 op=0x38 cnt=7
[TU_TRACE] PKT4 reg=0xab30 cnt=8
[TU_TRACE] PKT7 op=0x43 cnt=3
[TU_TRACE] PKT7 op=0x38 cnt=7
[TU_TRACE] PKT4 reg=0xab30 cnt=8
[TU_TRACE] PKT7 op=0x43 cnt=3
[TU_TRACE] PKT7 op=0x38 cnt=7
[TU_TRACE] PKT4 reg=0xab30 cnt=8
[TU_TRACE] PKT7 op=0x43 cnt=3
[TU_TRACE] PKT7 op=0x38 cnt=7
[TU_TRACE] PKT4 reg=0xab30 cnt=8
[TU_TRACE] PKT7 op=0x43 cnt=3
[TU_TRACE] PKT7 op=0x38 cnt=7
[TU_TRACE] PKT4 reg=0xab30 cnt=8
[TU_TRACE] PKT7 op=0x43 cnt=3
[TU_TRACE] PKT7 op=0x38 cnt=7
[TU_TRACE] PKT4 reg=0xab30 cnt=8
[TU_TRACE] PKT7 op=0x43 cnt=3
[TU_TRACE] PKT7 op=0x38 cnt=7
[TU_TRACE] PKT4 reg=0xab30 cnt=8
[TU_TRACE] PKT7 op=0x43 cnt=3
[TU_TRACE] PKT7 op=0x38 cnt=7
[TU_TRACE] PKT4 reg=0xab30 cnt=8
[TU_TRACE] PKT7 op=0x43 cnt=3
[TU_TRACE] PKT7 op=0x38 cnt=7
[TU_TRACE] PKT4 reg=0xab30 cnt=8
[TU_TRACE] PKT7 op=0x43 cnt=3
[TU_TRACE] PKT7 op=0x38 cnt=7
[TU_TRACE] PKT4 reg=0xa00e cnt=2
[TU_TRACE] PKT4 reg=0x9b01 cnt=1
[TU_TRACE] PKT4 reg=0x930f cnt=1
[TU_TRACE] PKT4 reg=0x9b12 cnt=1
[TU_TRACE] PKT4 reg=0x8212 cnt=1
[TU_TRACE] PKT4 reg=0x810b cnt=1
[TU_TRACE] PKT4 reg=0x8898 cnt=1
[TU_TRACE] PKT4 reg=0x8089 cnt=1
[TU_TRACE] PKT4 reg=0x8870 cnt=1
[TU_TRACE] PKT4 reg=0xab30 cnt=8
[TU_TRACE] PKT4 reg=0xab1f cnt=1
[TU_TRACE] PKT7 op=0x43 cnt=90
[TU_TRACE] PKT7 op=0x38 cnt=7
[TU_TRACE] PKT4 reg=0xab30 cnt=8
[TU_TRACE] PKT7 op=0x43 cnt=3
[TU_TRACE] PKT7 op=0x38 cnt=7
[TU_TRACE] PKT4 reg=0xab30 cnt=8
[TU_TRACE] PKT7 op=0x43 cnt=3
[TU_TRACE] PKT7 op=0x38 cnt=7
[TU_TRACE] PKT4 reg=0xab30 cnt=8
[TU_TRACE] PKT7 op=0x43 cnt=3
[TU_TRACE] PKT7 op=0x38 cnt=7
[TU_TRACE] PKT4 reg=0xab30 cnt=8
[TU_TRACE] PKT7 op=0x43 cnt=3
[TU_TRACE] PKT7 op=0x38 cnt=7
[TU_TRACE] PKT4 reg=0xab30 cnt=8
[TU_TRACE] PKT7 op=0x43 cnt=3
[TU_TRACE] PKT7 op=0x38 cnt=7
[TU_TRACE] PKT4 reg=0xab30 cnt=8
[TU_TRACE] PKT7 op=0x43 cnt=3
[TU_TRACE] PKT7 op=0x38 cnt=7
[TU_TRACE] PKT4 reg=0xab30 cnt=8
[TU_TRACE] PKT7 op=0x43 cnt=3
[TU_TRACE] PKT7 op=0x38 cnt=7
[TU_TRACE] PKT4 reg=0xab30 cnt=8
[TU_TRACE] PKT7 op=0x43 cnt=3
[TU_TRACE] PKT7 op=0x38 cnt=7
[TU_TRACE] PKT4 reg=0xab30 cnt=8
[TU_TRACE] PKT7 op=0x43 cnt=3
[TU_TRACE] PKT7 op=0x38 cnt=7
[TU_TRACE] PKT4 reg=0xab30 cnt=8
[TU_TRACE] PKT7 op=0x43 cnt=3
[TU_TRACE] PKT7 op=0x38 cnt=7
[TU_TRACE] PKT4 reg=0xab30 cnt=8
[TU_TRACE] PKT7 op=0x43 cnt=3
[TU_TRACE] PKT7 op=0x38 cnt=7
[TU_TRACE] PKT4 reg=0xab30 cnt=8
[TU_TRACE] PKT7 op=0x43 cnt=3
[TU_TRACE] PKT7 op=0x38 cnt=7
[TU_TRACE] PKT4 reg=0xab30 cnt=8
[TU_TRACE] PKT7 op=0x43 cnt=3
[TU_TRACE] PKT7 op=0x38 cnt=7
[TU_TRACE] PKT4 reg=0xab30 cnt=8
[TU_TRACE] PKT7 op=0x43 cnt=3
[TU_TRACE] PKT7 op=0x38 cnt=7
[TU_TRACE] PKT4 reg=0xab30 cnt=8
[TU_TRACE] PKT7 op=0x43 cnt=3
[TU_TRACE] PKT7 op=0x38 cnt=7
[TU_TRACE] PKT4 reg=0xab30 cnt=8
[TU_TRACE] PKT7 op=0x43 cnt=3
[TU_TRACE] PKT7 op=0x38 cnt=7
[TU_TRACE] PKT4 reg=0xab30 cnt=8
[TU_TRACE] PKT7 op=0x43 cnt=3
[TU_TRACE] PKT7 op=0x38 cnt=7
[TU_TRACE] PKT4 reg=0xab30 cnt=8
[TU_TRACE] PKT7 op=0x43 cnt=3
[TU_TRACE] PKT7 op=0x38 cnt=7
[TU_TRACE] PKT4 reg=0xab30 cnt=8
[TU_TRACE] PKT7 op=0x43 cnt=3
[TU_TRACE] PKT7 op=0x38 cnt=7
[TU_TRACE] PKT4 reg=0xa00e cnt=2
[TU_TRACE] PKT4 reg=0x9b01 cnt=1
[TU_TRACE] PKT4 reg=0x930f cnt=1
[TU_TRACE] PKT4 reg=0x9b12 cnt=1
[TU_TRACE] PKT4 reg=0x8212 cnt=1
[TU_TRACE] PKT4 reg=0x810b cnt=1
[TU_TRACE] PKT4 reg=0x8898 cnt=1
[TU_TRACE] PKT4 reg=0x8089 cnt=1
[TU_TRACE] PKT4 reg=0x8870 cnt=1
[TU_TRACE] PKT4 reg=0xab30 cnt=8
[TU_TRACE] PKT4 reg=0xab1f cnt=1
[TU_TRACE] PKT7 op=0x43 cnt=90
[TU_TRACE] PKT7 op=0x38 cnt=7
[TU_TRACE] PKT4 reg=0xab30 cnt=8
[TU_TRACE] PKT7 op=0x43 cnt=3
[TU_TRACE] PKT7 op=0x38 cnt=7
[TU_TRACE] PKT4 reg=0xab30 cnt=8
[TU_TRACE] PKT7 op=0x43 cnt=3
[TU_TRACE] PKT7 op=0x38 cnt=7
[TU_TRACE] PKT4 reg=0xab30 cnt=8
[TU_TRACE] PKT7 op=0x43 cnt=3
[TU_TRACE] PKT7 op=0x38 cnt=7
[TU_TRACE] PKT4 reg=0xab30 cnt=8
[TU_TRACE] PKT7 op=0x43 cnt=3
[TU_TRACE] PKT7 op=0x38 cnt=7
[TU_TRACE] PKT4 reg=0xab30 cnt=8
[TU_TRACE] PKT7 op=0x43 cnt=3
[TU_TRACE] PKT7 op=0x38 cnt=7
[TU_TRACE] PKT4 reg=0xab30 cnt=8
[TU_TRACE] PKT7 op=0x43 cnt=3
[TU_TRACE] PKT7 op=0x38 cnt=7
[TU_TRACE] PKT4 reg=0xab30 cnt=8
[TU_TRACE] PKT7 op=0x43 cnt=3
[TU_TRACE] PKT7 op=0x38 cnt=7
[TU_TRACE] PKT4 reg=0xab30 cnt=8
[TU_TRACE] PKT7 op=0x43 cnt=3
[TU_TRACE] PKT7 op=0x38 cnt=7
[TU_TRACE] PKT4 reg=0xab30 cnt=8
[TU_TRACE] PKT7 op=0x43 cnt=3
[TU_TRACE] PKT7 op=0x38 cnt=7
[TU_TRACE] PKT4 reg=0xab30 cnt=8
[TU_TRACE] PKT7 op=0x43 cnt=3
[TU_TRACE] PKT7 op=0x38 cnt=7
[TU_TRACE] PKT4 reg=0xab30 cnt=8
[TU_TRACE] PKT7 op=0x43 cnt=3
[TU_TRACE] PKT7 op=0x38 cnt=7
[TU_TRACE] PKT4 reg=0xab30 cnt=8
[TU_TRACE] PKT7 op=0x43 cnt=3
[TU_TRACE] PKT7 op=0x38 cnt=7
[TU_TRACE] PKT4 reg=0xab30 cnt=8
[TU_TRACE] PKT7 op=0x43 cnt=3
[TU_TRACE] PKT7 op=0x38 cnt=7
[TU_TRACE] PKT4 reg=0xab30 cnt=8
[TU_TRACE] PKT7 op=0x43 cnt=3
[TU_TRACE] PKT7 op=0x38 cnt=7
[TU_TRACE] PKT4 reg=0xab30 cnt=8
[TU_TRACE] PKT7 op=0x43 cnt=3
[TU_TRACE] PKT7 op=0x38 cnt=7
[TU_TRACE] PKT4 reg=0xab30 cnt=8
[TU_TRACE] PKT7 op=0x43 cnt=3
[TU_TRACE] PKT7 op=0x38 cnt=7
[TU_TRACE] PKT4 reg=0xab30 cnt=8
[TU_TRACE] PKT7 op=0x43 cnt=3
[TU_TRACE] PKT7 op=0x38 cnt=7
[TU_TRACE] PKT4 reg=0xab30 cnt=8
[TU_TRACE] PKT7 op=0x43 cnt=3
[TU_TRACE] PKT7 op=0x38 cnt=7
[TU_TRACE] PKT4 reg=0xab30 cnt=8
[TU_TRACE] PKT7 op=0x43 cnt=3
[TU_TRACE] PKT7 op=0x38 cnt=7
[TU_TRACE] PKT4 reg=0xa00e cnt=2
[TU_TRACE] PKT4 reg=0x9b01 cnt=1
[TU_TRACE] PKT4 reg=0x930f cnt=1
[TU_TRACE] PKT4 reg=0x9b12 cnt=1
[TU_TRACE] PKT4 reg=0x8212 cnt=1
[TU_TRACE] PKT4 reg=0x810b cnt=1
[TU_TRACE] PKT4 reg=0x8898 cnt=1
[TU_TRACE] PKT4 reg=0x8089 cnt=1
[TU_TRACE] PKT4 reg=0x8870 cnt=1
[TU_TRACE] PKT4 reg=0xab30 cnt=8
[TU_TRACE] PKT4 reg=0xab1f cnt=1
[TU_TRACE] PKT7 op=0x43 cnt=90
[TU_TRACE] PKT7 op=0x38 cnt=7
[TU_TRACE] PKT4 reg=0xab30 cnt=8
[TU_TRACE] PKT7 op=0x43 cnt=3
[TU_TRACE] PKT7 op=0x38 cnt=7
[TU_TRACE] PKT4 reg=0xab30 cnt=8
[TU_TRACE] PKT7 op=0x43 cnt=3
[TU_TRACE] PKT7 op=0x38 cnt=7
[TU_TRACE] PKT4 reg=0xab30 cnt=8
[TU_TRACE] PKT7 op=0x43 cnt=3
[TU_TRACE] PKT7 op=0x38 cnt=7
[TU_TRACE] PKT4 reg=0xab30 cnt=8
[TU_TRACE] PKT7 op=0x43 cnt=3
[TU_TRACE] PKT7 op=0x38 cnt=7
[TU_TRACE] PKT4 reg=0xab30 cnt=8
[TU_TRACE] PKT7 op=0x43 cnt=3
[TU_TRACE] PKT7 op=0x38 cnt=7
[TU_TRACE] PKT4 reg=0xab30 cnt=8
[TU_TRACE] PKT7 op=0x43 cnt=3
[TU_TRACE] PKT7 op=0x38 cnt=7
[TU_TRACE] PKT4 reg=0xab30 cnt=8
[TU_TRACE] PKT7 op=0x43 cnt=3
[TU_TRACE] PKT7 op=0x38 cnt=7
[TU_TRACE] PKT4 reg=0xab30 cnt=8
[TU_TRACE] PKT7 op=0x43 cnt=3
[TU_TRACE] PKT7 op=0x38 cnt=7
[TU_TRACE] PKT4 reg=0xab30 cnt=8
[TU_TRACE] PKT7 op=0x43 cnt=3
[TU_TRACE] PKT7 op=0x38 cnt=7
[TU_TRACE] PKT4 reg=0xab30 cnt=8
[TU_TRACE] PKT7 op=0x43 cnt=3
[TU_TRACE] PKT7 op=0x38 cnt=7
[TU_TRACE] PKT4 reg=0xab30 cnt=8
[TU_TRACE] PKT7 op=0x43 cnt=3
[TU_TRACE] PKT7 op=0x38 cnt=7
[TU_TRACE] PKT4 reg=0xab30 cnt=8
[TU_TRACE] PKT7 op=0x43 cnt=3
[TU_TRACE] PKT7 op=0x38 cnt=7
[TU_TRACE] PKT4 reg=0xab30 cnt=8
[TU_TRACE] PKT7 op=0x43 cnt=3
[TU_TRACE] PKT7 op=0x38 cnt=7
[TU_TRACE] PKT4 reg=0xab30 cnt=8
[TU_TRACE] PKT7 op=0x43 cnt=3
[TU_TRACE] PKT7 op=0x38 cnt=7
[TU_TRACE] PKT4 reg=0xab30 cnt=8
[TU_TRACE] PKT7 op=0x43 cnt=3
[TU_TRACE] PKT7 op=0x38 cnt=7
[TU_TRACE] PKT4 reg=0xab30 cnt=8
[TU_TRACE] PKT7 op=0x43 cnt=3
[TU_TRACE] PKT7 op=0x38 cnt=7
[TU_TRACE] PKT4 reg=0xab30 cnt=8
[TU_TRACE] PKT7 op=0x43 cnt=3
[TU_TRACE] PKT7 op=0x38 cnt=7
[TU_TRACE] PKT4 reg=0xab30 cnt=8
[TU_TRACE] PKT7 op=0x43 cnt=3
[TU_TRACE] PKT7 op=0x38 cnt=7
[TU_TRACE] PKT4 reg=0xab30 cnt=8
[TU_TRACE] PKT7 op=0x43 cnt=3
[TU_TRACE] PKT7 op=0x38 cnt=7
[TU_TRACE] PKT4 reg=0xa00e cnt=2
[TU_TRACE] PKT4 reg=0x9b01 cnt=1
[TU_TRACE] PKT4 reg=0x930f cnt=1
[TU_TRACE] PKT4 reg=0x9b12 cnt=1
[TU_TRACE] PKT4 reg=0x8212 cnt=1
[TU_TRACE] PKT4 reg=0x810b cnt=1
[TU_TRACE] PKT4 reg=0x8898 cnt=1
[TU_TRACE] PKT4 reg=0x8089 cnt=1
[TU_TRACE] PKT4 reg=0x8870 cnt=1
[TU_TRACE] PKT4 reg=0xab30 cnt=8
[TU_TRACE] PKT4 reg=0xab1f cnt=1
[TU_TRACE] PKT7 op=0x43 cnt=90
[TU_TRACE] PKT7 op=0x38 cnt=7
[TU_TRACE] PKT4 reg=0xab30 cnt=8
[TU_TRACE] PKT7 op=0x43 cnt=3
[TU_TRACE] PKT7 op=0x38 cnt=7
[TU_TRACE] PKT4 reg=0xab30 cnt=8
[TU_TRACE] PKT7 op=0x43 cnt=3
[TU_TRACE] PKT7 op=0x38 cnt=7
[TU_TRACE] PKT4 reg=0xab30 cnt=8
[TU_TRACE] PKT7 op=0x43 cnt=3
[TU_TRACE] PKT7 op=0x38 cnt=7
[TU_TRACE] PKT4 reg=0xab30 cnt=8
[TU_TRACE] PKT7 op=0x43 cnt=3
[TU_TRACE] PKT7 op=0x38 cnt=7
[TU_TRACE] PKT4 reg=0xab30 cnt=8
[TU_TRACE] PKT7 op=0x43 cnt=3
[TU_TRACE] PKT7 op=0x38 cnt=7
[TU_TRACE] PKT4 reg=0xab30 cnt=8
[TU_TRACE] PKT7 op=0x43 cnt=3
[TU_TRACE] PKT7 op=0x38 cnt=7
[TU_TRACE] PKT4 reg=0xab30 cnt=8
[TU_TRACE] PKT7 op=0x43 cnt=3
[TU_TRACE] PKT7 op=0x38 cnt=7
[TU_TRACE] PKT4 reg=0xab30 cnt=8
[TU_TRACE] PKT7 op=0x43 cnt=3
[TU_TRACE] PKT7 op=0x38 cnt=7
[TU_TRACE] PKT4 reg=0xab30 cnt=8
[TU_TRACE] PKT7 op=0x43 cnt=3
[TU_TRACE] PKT7 op=0x38 cnt=7
[TU_TRACE] PKT4 reg=0xab30 cnt=8
[TU_TRACE] PKT7 op=0x43 cnt=3
[TU_TRACE] PKT7 op=0x38 cnt=7
[TU_TRACE] PKT4 reg=0xab30 cnt=8
[TU_TRACE] PKT7 op=0x43 cnt=3
[TU_TRACE] PKT7 op=0x38 cnt=7
[TU_TRACE] PKT4 reg=0xab30 cnt=8
[TU_TRACE] PKT7 op=0x43 cnt=3
[TU_TRACE] PKT7 op=0x38 cnt=7
[TU_TRACE] PKT4 reg=0xab30 cnt=8
[TU_TRACE] PKT7 op=0x43 cnt=3
[TU_TRACE] PKT7 op=0x38 cnt=7
[TU_TRACE] PKT4 reg=0xab30 cnt=8
[TU_TRACE] PKT7 op=0x43 cnt=3
[TU_TRACE] PKT7 op=0x38 cnt=7
[TU_TRACE] PKT4 reg=0xab30 cnt=8
[TU_TRACE] PKT7 op=0x43 cnt=3
[TU_TRACE] PKT7 op=0x38 cnt=7
[TU_TRACE] PKT4 reg=0xab30 cnt=8
[TU_TRACE] PKT7 op=0x43 cnt=3
[TU_TRACE] PKT7 op=0x38 cnt=7
[TU_TRACE] PKT4 reg=0xab30 cnt=8
[TU_TRACE] PKT7 op=0x43 cnt=3
[TU_TRACE] PKT7 op=0x38 cnt=7
[TU_TRACE] PKT4 reg=0xab30 cnt=8
[TU_TRACE] PKT7 op=0x43 cnt=3
[TU_TRACE] PKT7 op=0x38 cnt=7
[TU_TRACE] PKT4 reg=0xab30 cnt=8
[TU_TRACE] PKT7 op=0x43 cnt=3
[TU_TRACE] PKT7 op=0x38 cnt=7
[TU_TRACE] PKT7 op=0x65 cnt=1
[TU_TRACE] PKT4 reg=0x88d1 cnt=2
[TU_TRACE] PKT4 reg=0x88df cnt=4
[TU_TRACE] PKT4 reg=0x88d5 cnt=1
[TU_TRACE] PKT4 reg=0x88d0 cnt=1
[TU_TRACE] PKT4 reg=0x88e3 cnt=1
[TU_TRACE] PKT4 reg=0x88d7 cnt=4
[TU_TRACE] PKT4 reg=0x88dc cnt=3
[TU_TRACE] PKT4 reg=0x88d6 cnt=1
[TU_TRACE] PKT7 op=0x46 cnt=1
[TU_TRACE] PKT7 op=0x46 cnt=1
[TU_TRACE] PKT7 op=0x46 cnt=1
[TU_TRACE] PKT7 op=0x46 cnt=1
[TU_TRACE] PKT7 op=0x46 cnt=1
[TU_TRACE] PKT7 op=0x46 cnt=1
[TU_TRACE] PKT7 op=0x46 cnt=1
[TU_TRACE] PKT7 op=0x26 cnt=0
[TU_TRACE] PKT7 op=0x13 cnt=0
[TU_TRACE] PKT4 reg=0x88e5 cnt=1
[TU_TRACE] PKT7 op=0x17 cnt=1
[TU_TRACE] PKT7 op=0x17 cnt=1
[TU_TRACE] PKT4 reg=0x8812 cnt=1
[TU_TRACE] PKT4 reg=0x88e4 cnt=1
[TU_TRACE] PKT7 op=0x17 cnt=1
[TU_TRACE] PKT7 op=0x39 cnt=3
[TU_TRACE] PKT7 op=0x1d cnt=1
[TU_TRACE] PKT4 reg=0x8206 cnt=1
[TU_TRACE] PKT4 reg=0x88f5 cnt=1
[TU_TRACE] PKT4 reg=0x0c38 cnt=1
[TU_TRACE] PKT7 op=0x3e cnt=3
[TU_TRACE] PKT7 op=0x12 cnt=0
[TU_TRACE] PKT7 op=0x13 cnt=0
[TU_TRACE] PKT7 op=0x17 cnt=1
[TU_TRACE] PKT7 op=0x49 cnt=4
[TU_TRACE] PKT7 op=0x39 cnt=3
[TU_TRACE] PKT4 reg=0x8891 cnt=1
[TU_TRACE] PKT7 op=0x46 cnt=3
[TU_TRACE] PKT7 op=0x65 cnt=1
[TU_TRACE] PKT4 reg=0x8231 cnt=1
[TU_TRACE] PKT4 reg=0x8800 cnt=1
[TU_TRACE] PKT4 reg=0x88d3 cnt=1
[TU_TRACE] PKT4 reg=0xa007 cnt=1
[TU_TRACE] PKT4 reg=0x8235 cnt=2
[TU_TRACE] PKT4 reg=0x8507 cnt=2
[TU_TRACE] PKT7 op=0x64 cnt=1
[TU_TRACE] PKT7 op=0x63 cnt=1
[TU_TRACE] PKT4 reg=0x8206 cnt=1
[TU_TRACE] PKT4 reg=0x88f5 cnt=1
[TU_TRACE] PKT7 op=0x3f cnt=3
[TU_TRACE] PKT7 op=0x1d cnt=1
[TU_TRACE] PKT7 op=0x3f cnt=3
[TU_TRACE] PKT7 op=0x26 cnt=0
[TU_TRACE] PKT7 op=0x65 cnt=1
[TU_TRACE] PKT4 reg=0x8212 cnt=1
[TU_TRACE] PKT4 reg=0x810b cnt=1
[TU_TRACE] PKT7 op=0x46 cnt=1
[TU_TRACE] PKT7 op=0x46 cnt=4
[TU_TRACE] PKT7 op=0x46 cnt=1
[TU_TRACE] PKT4 reg=0x8891 cnt=1
[TU_TRACE] PKT7 op=0x46 cnt=3
[TU_TRACE] PKT7 op=0x43 cnt=3
[TU_TRACE] PKT7 op=0x46 cnt=1
[TU_TRACE] PKT7 op=0x46 cnt=1
[TU_TRACE] PKT7 op=0x46 cnt=4
Time: 36.9 ms  FPS: 542.2  draws/sec: 54222  ms/draw: 0.018

--- vkCmd call counters ---
CALL                   COUNT
  beginRenderPass      20
  endRenderPass        20
  bindPipeline         100
  bindVB               20
  bindIB               20
  drawIndexed          2000
  pushConstants        2000
  setViewport          20
  setScissor           20
  beginCmdBuf          20
  endCmdBuf            20
  queueSubmit          20
  allocCmdBuf          1
  resetCmdBuf          20
  resetFence           20
  waitFence            20
  allocMem             4
  createBuf            3
  map                  22
  unmap                22
  createImg            1
  bindImgMem           1
  getImgMemReq         4
  createImgView        1
  createRenderPass     1
  createFB             1
  createPipe           2
  createPLayout        1
  createShader         3
  createDSLayout       1
  createDPool          1
  allocDS              1
  updateDS             400
  updateUBO            20
done
